Production_ID,Production_Date,Shift,Product_Name,Fabric_Type,Machine_ID,Operator_ID,Planned_Qty,Produced_Qty,Good_Qty,Rejected_Qty,Production_Hours,Downtime_Hours,Raw_Material_Used_Kg,Wastage_Kg,Defect_Type,Production_Efficiency,Defect_Rate,Machine_Efficiency,Quality_Score,Quality_Level,Production_Status
TP100001,2021-01-01 00:00:00,Night,Linen Fabric,Cotton,TM001,OP003,53654,49290,46150,3140,6.1,1.23,2604.31,236.31,Stain,91.87,6.37,79.84,90.44,Excellent,On Target
TP100002,2021-01-02 00:00:00,Night,Denim Fabric,Linen,TM006,OP007,45795,39929,37486,2443,9.97,2.8,1813.11,292.83,Uneven Weaving,87.19,6.12,71.92,90.82,Excellent,Moderate
TP100003,2021-01-03 00:00:00,Morning,Polyester Fabric,Linen,TM005,OP004,30860,28936,27918,1018,9.61,1.91,1478.6,269.56,Color Variation,93.77,3.52,80.12,94.72,Excellent,On Target
TP100004,2021-01-04 00:00:00,Morning,Cotton Fabric,Linen,TM004,OP001,35390,31970,30263,1707,6.98,2.41,1498.81,79.59,Stain,90.34,5.34,65.47,91.99,Excellent,On Target
TP100005,2021-01-05 00:00:00,Night,Linen Fabric,Denim,TM002,OP005,59802,58883,56218,2665,7.4,1.4,3125.95,134.63,Thread Breakage,98.46,4.53,81.08,93.21,Excellent,On Target
TP100006,2021-01-06 00:00:00,Evening,Denim Fabric,Polyester,TM002,OP002,51575,41213,38856,2357,6.14,1.08,2203.95,113.96,Tear,79.91,5.72,82.41,91.42,Excellent,Moderate
TP100007,2021-01-07 00:00:00,Night,Polyester Fabric,Denim,TM006,OP007,41964,38283,37017,1266,11.01,0.33,1748.76,94.2,Thread Breakage,91.23,3.31,97,95.04,Excellent,On Target
TP100008,2021-01-08 00:00:00,Morning,Polyester Fabric,Cotton,TM005,OP007,41284,38336,36186,2150,11.85,2.63,2210.55,186.18,Stain,92.86,5.61,77.81,91.59,Excellent,On Target
TP100009,2021-01-09 00:00:00,Morning,Linen Fabric,Linen,TM002,OP008,52118,46226,44605,1621,6.81,2.35,2327.33,188.32,Tear,88.69,3.51,65.49,94.74,Excellent,Moderate
TP100010,2021-01-10 00:00:00,Night,Denim Fabric,Silk,TM001,OP007,36265,31611,29520,2091,7.39,0.5,1681.45,106.81,Uneven Weaving,87.17,6.61,93.23,90.08,Excellent,Moderate
TP100011,2021-01-11 00:00:00,Evening,Cotton Fabric,Cotton,TM005,OP001,46850,40975,39475,1500,11.21,1.54,1962.5,227.97,Thread Breakage,87.46,3.66,86.26,94.51,Excellent,Moderate
TP100012,2021-01-12 00:00:00,Evening,Linen Fabric,Polyester,TM001,OP005,59910,54651,52734,1917,11.56,1.46,2831.29,233.23,Color Variation,91.22,3.51,87.37,94.74,Excellent,On Target
TP100013,2021-01-13 00:00:00,Morning,Polyester Fabric,Cotton,TM003,OP001,34426,26622,25130,1492,8.52,1.88,1537.36,55.24,Tear,77.33,5.6,77.93,91.59,Excellent,Moderate
TP100014,2021-01-14 00:00:00,Night,Polyester Fabric,Denim,TM004,OP004,51962,50276,47340,2936,6.3,2.84,2312.86,148.94,Tear,96.76,5.84,54.92,91.24,Excellent,On Target
TP100015,2021-01-15 00:00:00,Night,Polyester Fabric,Silk,TM002,OP002,44423,38488,36908,1580,6.24,1.74,1907.39,272.54,Thread Breakage,86.64,4.11,72.12,93.84,Excellent,Moderate
TP100016,2021-01-16 00:00:00,Morning,Linen Fabric,Denim,TM005,OP003,58020,52737,51857,880,9.44,1.62,3007.09,180.08,Stain,90.89,1.67,82.84,97.5,Excellent,On Target
TP100017,2021-01-17 00:00:00,Night,Silk Fabric,Linen,TM001,OP008,41363,38290,36934,1356,8.36,0.15,2119.77,136.91,Tear,92.57,3.54,98.21,94.69,Excellent,On Target
TP100018,2021-01-18 00:00:00,Morning,Silk Fabric,Linen,TM004,OP006,57495,49629,46258,3371,6.17,0.19,2178.23,113.42,Uneven Weaving,86.32,6.79,96.92,89.81,Good,Moderate
TP100019,2021-01-19 00:00:00,Evening,Silk Fabric,Cotton,TM004,OP008,46023,40999,38787,2212,9.5,0.56,2231.38,110.84,Thread Breakage,89.08,5.4,94.11,91.91,Excellent,Moderate
TP100020,2021-01-20 00:00:00,Evening,Denim Fabric,Linen,TM002,OP007,38322,29030,27354,1676,6.07,0.1,1475.56,74.94,Uneven Weaving,75.75,5.77,98.35,91.34,Excellent,Moderate
TP100021,2021-01-21 00:00:00,Night,Linen Fabric,Linen,TM004,OP001,31685,30140,29925,215,10.72,2.23,1548.63,254.31,Thread Breakage,95.12,0.71,79.2,98.93,Excellent,On Target
TP100022,2021-01-22 00:00:00,Evening,Polyester Fabric,Polyester,TM002,OP006,30769,30018,28955,1063,7.84,2.17,1351.22,71.66,Uneven Weaving,97.56,3.54,72.32,94.69,Excellent,On Target
TP100023,2021-01-23 00:00:00,Evening,Denim Fabric,Polyester,TM003,OP002,56967,44487,42395,2092,6.24,0.41,2028.02,123.07,Stain,78.09,4.7,93.43,92.95,Excellent,Moderate
TP100024,2021-01-24 00:00:00,Morning,Silk Fabric,Denim,TM002,OP004,53333,46482,43742,2740,9.53,2.51,2241.78,61.42,Thread Breakage,87.15,5.89,73.66,91.16,Excellent,Moderate
TP100025,2021-01-25 00:00:00,Morning,Cotton Fabric,Denim,TM006,OP008,32433,26398,26181,217,8.39,0.46,1562.77,245.35,Color Variation,81.39,0.82,94.52,98.77,Excellent,Moderate
TP100026,2021-01-26 00:00:00,Night,Denim Fabric,Polyester,TM001,OP001,35311,31341,29448,1893,11.84,0.9,1468.1,59.82,Stain,88.76,6.04,92.4,90.94,Excellent,Moderate
TP100027,2021-01-27 00:00:00,Morning,Denim Fabric,Cotton,TM006,OP004,35051,33137,31790,1347,9.27,0.75,1691.36,127.08,Uneven Weaving,94.54,4.06,91.91,93.9,Excellent,On Target
TP100028,2021-01-28 00:00:00,Night,Linen Fabric,Polyester,TM004,OP003,36420,35295,34666,629,7.65,1.12,1674.15,193.32,Thread Breakage,96.91,1.78,85.36,97.33,Excellent,On Target
TP100029,2021-01-29 00:00:00,Night,Denim Fabric,Denim,TM004,OP007,47568,46547,45354,1193,10.26,0.76,2307.28,152.39,Stain,97.85,2.56,92.59,96.16,Excellent,On Target
TP100030,2021-01-30 00:00:00,Morning,Linen Fabric,Silk,TM004,OP003,50939,50518,49340,1178,7.63,1.47,2386.47,120.57,Uneven Weaving,99.17,2.33,80.73,96.5,Excellent,On Target
TP100031,2021-01-31 00:00:00,Evening,Cotton Fabric,Linen,TM002,OP007,49769,44017,42278,1739,11.43,1.22,2453.61,118.8,No Defect,88.44,3.95,89.33,94.07,Excellent,Moderate
TP100032,2021-02-01 00:00:00,Evening,Polyester Fabric,Silk,TM005,OP005,58693,48111,47709,402,8.25,2.96,2224.92,249.45,No Defect,81.97,0.84,64.12,98.75,Excellent,Moderate
TP100033,2021-02-02 00:00:00,Evening,Polyester Fabric,Silk,TM002,OP005,36396,32464,31967,497,9.3,0.17,1677.22,293.49,Tear,89.2,1.53,98.17,97.7,Excellent,Moderate
TP100034,2021-02-03 00:00:00,Evening,Silk Fabric,Linen,TM001,OP005,59419,56111,52866,3245,6.3,0.43,2913.2,137.01,Color Variation,94.43,5.78,93.17,91.33,Excellent,On Target
TP100035,2021-02-04 00:00:00,Night,Silk Fabric,Polyester,TM002,OP004,57480,46794,46157,637,8.56,0.16,2648.4,59.79,No Defect,81.41,1.36,98.13,97.96,Excellent,Moderate
TP100036,2021-02-05 00:00:00,Evening,Cotton Fabric,Cotton,TM004,OP005,38666,39293,38500,793,10.99,1.88,2156.51,59.14,Uneven Weaving,100,2.02,82.89,96.97,Excellent,On Target
TP100037,2021-02-06 00:00:00,Night,Polyester Fabric,Silk,TM003,OP002,55658,53590,51743,1847,10.83,0.16,2901.45,239.8,Stain,96.28,3.45,98.52,94.83,Excellent,On Target
TP100038,2021-02-07 00:00:00,Morning,Silk Fabric,Cotton,TM001,OP006,48942,43340,41667,1673,7.35,2.51,2222.5,188.09,Thread Breakage,88.55,3.86,65.85,94.21,Excellent,Moderate
TP100039,2021-02-08 00:00:00,Morning,Denim Fabric,Denim,TM006,OP006,54233,46111,43592,2519,7.36,1.54,2133.76,245.9,Stain,85.02,5.46,79.08,91.81,Excellent,Moderate
TP100040,2021-02-09 00:00:00,Night,Linen Fabric,Silk,TM003,OP004,48431,41319,39911,1408,10.9,1.58,2195.92,224.37,Tear,85.32,3.41,85.5,94.89,Excellent,Moderate
TP100041,2021-02-10 00:00:00,Evening,Silk Fabric,Denim,TM001,OP004,32747,29642,27972,1670,11.58,1.68,1384.71,276.88,Stain,90.52,5.63,85.49,91.55,Excellent,On Target
TP100042,2021-02-11 00:00:00,Night,Cotton Fabric,Polyester,TM001,OP005,55551,49104,46885,2219,6.57,0.51,2752.21,271.46,No Defect,88.39,4.52,92.24,93.22,Excellent,Moderate
TP100043,2021-02-12 00:00:00,Evening,Polyester Fabric,Silk,TM004,OP007,56382,54495,53822,673,8.7,0.59,2703.36,247.08,Stain,96.65,1.23,93.22,98.15,Excellent,On Target
TP100044,2021-02-13 00:00:00,Evening,Cotton Fabric,Denim,TM006,OP006,30189,26445,26044,401,8.02,0.96,1366.8,168.8,No Defect,87.6,1.52,88.03,97.73,Excellent,Moderate
TP100045,2021-02-14 00:00:00,Night,Linen Fabric,Denim,TM002,OP008,49118,45944,44409,1535,11.22,1.78,2043.35,127.03,No Defect,93.54,3.34,84.14,94.99,Excellent,On Target
TP100046,2021-02-15 00:00:00,Night,Linen Fabric,Polyester,TM006,OP006,33005,29638,28725,913,6.5,0.63,1380.48,176.76,Color Variation,89.8,3.08,90.31,95.38,Excellent,Moderate
TP100047,2021-02-16 00:00:00,Evening,Cotton Fabric,Cotton,TM004,OP005,51042,46901,44400,2501,7.27,0.35,2390.08,175.52,Tear,91.89,5.33,95.19,92,Excellent,On Target
TP100048,2021-02-17 00:00:00,Night,Silk Fabric,Cotton,TM004,OP004,31899,28195,26990,1205,10.51,2.91,1421.93,202.57,Uneven Weaving,88.39,4.27,72.31,93.59,Excellent,Moderate
TP100049,2021-02-18 00:00:00,Evening,Silk Fabric,Silk,TM004,OP003,54118,51387,49834,1553,6.31,0.07,2861.92,96.52,No Defect,94.95,3.02,98.89,95.47,Excellent,On Target
TP100050,2021-02-19 00:00:00,Night,Polyester Fabric,Polyester,TM003,OP007,31267,29722,29243,479,8.96,2.41,1541.28,213.9,Thread Breakage,95.06,1.61,73.1,97.58,Excellent,On Target
TP100051,2021-02-20 00:00:00,Morning,Polyester Fabric,Silk,TM006,OP008,47912,44663,43781,882,8.65,2.36,2523.62,164.15,Tear,93.22,1.97,72.72,97.04,Excellent,On Target
TP100052,2021-02-21 00:00:00,Evening,Denim Fabric,Cotton,TM006,OP003,41394,39015,37360,1655,8.01,0.89,2056.43,205.05,Uneven Weaving,94.25,4.24,88.89,93.64,Excellent,On Target
TP100053,2021-02-22 00:00:00,Morning,Denim Fabric,Polyester,TM001,OP005,33556,27982,27072,910,8.37,0.41,1542.09,109.9,Thread Breakage,83.39,3.25,95.1,95.12,Excellent,Moderate
TP100054,2021-02-23 00:00:00,Night,Polyester Fabric,Linen,TM005,OP003,33890,31268,30065,1203,9.18,0.44,1579.43,158.6,Stain,92.26,3.85,95.21,94.23,Excellent,On Target
TP100055,2021-02-24 00:00:00,Morning,Denim Fabric,Polyester,TM002,OP002,38838,38350,37733,617,6.97,2.09,1973.38,102.55,Tear,98.74,1.61,70.01,97.59,Excellent,On Target
TP100056,2021-02-25 00:00:00,Night,Cotton Fabric,Polyester,TM004,OP002,57464,53694,51112,2582,9.43,1.93,2494.08,268.83,Thread Breakage,93.44,4.81,79.53,92.79,Excellent,On Target
TP100057,2021-02-26 00:00:00,Evening,Silk Fabric,Linen,TM006,OP002,44502,36841,34615,2226,10.83,2.35,1798.28,171.99,Tear,82.79,6.04,78.3,90.94,Excellent,Moderate
TP100058,2021-02-27 00:00:00,Night,Denim Fabric,Denim,TM006,OP004,51777,46419,45409,1010,10.56,2.81,2624.24,106.25,Tear,89.65,2.18,73.39,96.74,Excellent,Moderate
TP100059,2021-02-28 00:00:00,Night,Denim Fabric,Denim,TM001,OP004,40627,37631,36241,1390,6.92,2.08,1856.95,60.3,Stain,92.63,3.69,69.94,94.46,Excellent,On Target
TP100060,2021-03-01 00:00:00,Evening,Cotton Fabric,Denim,TM002,OP004,38792,32856,30608,2248,6.9,0.47,1546.56,218.93,Stain,84.7,6.84,93.19,89.74,Good,Moderate
TP100061,2021-03-02 00:00:00,Night,Linen Fabric,Cotton,TM005,OP004,40555,32644,31774,870,7.61,0.73,1467.5,103.66,Tear,80.49,2.67,90.41,96,Excellent,Moderate
TP100062,2021-03-03 00:00:00,Evening,Polyester Fabric,Polyester,TM005,OP004,40253,35337,33794,1543,8.17,2.53,1701.67,297.4,Thread Breakage,87.79,4.37,69.03,93.45,Excellent,Moderate
TP100063,2021-03-04 00:00:00,Night,Cotton Fabric,Linen,TM004,OP005,38433,32597,32243,354,8.45,0.63,1543.48,183.43,Color Variation,84.82,1.09,92.54,98.37,Excellent,Moderate
TP100064,2021-03-05 00:00:00,Evening,Linen Fabric,Cotton,TM005,OP008,40233,36169,34563,1606,10.08,0.22,1776,122.24,No Defect,89.9,4.44,97.82,93.34,Excellent,Moderate
TP100065,2021-03-06 00:00:00,Morning,Cotton Fabric,Linen,TM005,OP003,41016,32345,31995,350,6.34,2.11,1887.81,214.42,Stain,78.86,1.08,66.72,98.38,Excellent,Moderate
TP100066,2021-03-07 00:00:00,Night,Silk Fabric,Cotton,TM002,OP005,53897,50638,47228,3410,6.21,1.21,2840.12,118.8,Color Variation,93.95,6.73,80.52,89.9,Good,On Target
TP100067,2021-03-08 00:00:00,Night,Cotton Fabric,Cotton,TM002,OP008,32612,27902,26465,1437,8.35,2.76,1659.15,255.07,Stain,85.56,5.15,66.95,92.27,Excellent,Moderate
TP100068,2021-03-09 00:00:00,Night,Cotton Fabric,Cotton,TM004,OP003,53425,51806,48893,2913,10.18,1.95,2723.33,127.06,Tear,96.97,5.62,80.84,91.57,Excellent,On Target
TP100069,2021-03-10 00:00:00,Evening,Silk Fabric,Linen,TM006,OP005,55939,49261,46760,2501,7.16,0.27,2490.44,297.06,Color Variation,88.06,5.08,96.23,92.38,Excellent,Moderate
TP100070,2021-03-11 00:00:00,Night,Polyester Fabric,Silk,TM001,OP002,52619,47264,45216,2048,9.85,2.84,2090.44,201.29,Thread Breakage,89.82,4.33,71.17,93.5,Excellent,Moderate
TP100071,2021-03-12 00:00:00,Evening,Linen Fabric,Cotton,TM004,OP001,51870,46055,44478,1577,7.56,0.78,2379.12,261.1,Thread Breakage,88.79,3.42,89.68,94.86,Excellent,Moderate
TP100072,2021-03-13 00:00:00,Night,Denim Fabric,Denim,TM003,OP004,53483,45558,42788,2770,11.32,1.01,2142.16,68.2,Uneven Weaving,85.18,6.08,91.08,90.88,Excellent,Moderate
TP100073,2021-03-14 00:00:00,Morning,Polyester Fabric,Polyester,TM005,OP001,56054,60000,55968,4032,11.37,1.21,2844.53,137.07,No Defect,100,6.72,89.36,89.92,Good,On Target
TP100074,2021-03-15 00:00:00,Night,Cotton Fabric,Silk,TM001,OP001,45787,39619,38136,1483,7.78,0.15,2126.41,234.37,No Defect,86.53,3.74,98.07,94.39,Excellent,Moderate
TP100075,2021-03-16 00:00:00,Morning,Denim Fabric,Silk,TM006,OP002,57132,55512,51873,3639,7.38,1.49,3109.55,213.76,Stain,97.16,6.56,79.81,90.17,Excellent,On Target
TP100076,2021-03-17 00:00:00,Evening,Silk Fabric,Linen,TM006,OP001,47159,38833,37166,1667,8.47,0.37,1983.88,98.56,No Defect,82.34,4.29,95.63,93.56,Excellent,Moderate
TP100077,2021-03-18 00:00:00,Morning,Polyester Fabric,Silk,TM002,OP001,42206,39085,37522,1563,7.44,1.2,1927.93,139.05,Uneven Weaving,92.61,4,83.87,94,Excellent,On Target
TP100078,2021-03-19 00:00:00,Night,Linen Fabric,Linen,TM003,OP002,38226,35685,34452,1233,10.03,1.05,1607.6,115.86,Thread Breakage,93.35,3.46,89.53,94.82,Excellent,On Target
TP100079,2021-03-20 00:00:00,Night,Polyester Fabric,Linen,TM006,OP008,44541,40012,39268,744,10.96,2.32,2039.66,203.34,Color Variation,89.83,1.86,78.83,97.21,Excellent,Moderate
TP100080,2021-03-21 00:00:00,Evening,Polyester Fabric,Denim,TM003,OP003,33152,28512,28363,149,10.04,2.41,1390.1,136.14,Color Variation,86,0.52,76,99.22,Excellent,Moderate
TP100081,2021-03-22 00:00:00,Night,Denim Fabric,Cotton,TM005,OP005,56531,49836,48804,1032,10.95,0.46,2597.26,127.26,Thread Breakage,88.16,2.07,95.8,96.89,Excellent,Moderate
TP100082,2021-03-23 00:00:00,Night,Silk Fabric,Silk,TM002,OP006,31585,27535,26485,1050,8.38,1.1,1347.7,101.84,Tear,87.18,3.81,86.87,94.28,Excellent,Moderate
TP100083,2021-03-24 00:00:00,Evening,Silk Fabric,Cotton,TM001,OP001,33943,36256,35179,1077,6.94,1.12,1807.12,152.26,Thread Breakage,100,2.97,83.86,95.54,Excellent,On Target
TP100084,2021-03-25 00:00:00,Evening,Polyester Fabric,Cotton,TM002,OP008,53939,48460,46805,1655,10.43,0.45,2751.37,98.88,Color Variation,89.84,3.42,95.69,94.88,Excellent,Moderate
TP100085,2021-03-26 00:00:00,Morning,Silk Fabric,Cotton,TM005,OP004,49457,46328,43143,3185,8.16,2.4,2618.73,290.64,Stain,93.67,6.87,70.59,89.69,Good,On Target
TP100086,2021-03-27 00:00:00,Evening,Denim Fabric,Linen,TM006,OP002,31021,31788,30905,883,10.03,2.12,1919.15,88.63,Uneven Weaving,100,2.78,78.86,95.83,Excellent,On Target
TP100087,2021-03-28 00:00:00,Night,Denim Fabric,Cotton,TM003,OP007,41653,34933,33732,1201,7.62,0.57,1798.16,278.33,Thread Breakage,83.87,3.44,92.52,94.84,Excellent,Moderate
TP100088,2021-03-29 00:00:00,Evening,Linen Fabric,Silk,TM005,OP007,40805,36832,36328,504,6.49,1.1,1702.29,157.12,Tear,90.26,1.37,83.05,97.95,Excellent,On Target
TP100089,2021-03-30 00:00:00,Night,Silk Fabric,Linen,TM006,OP001,43417,38257,37946,311,11.96,0.32,2060.02,144.47,Stain,88.12,0.81,97.32,98.78,Excellent,Moderate
TP100090,2021-03-31 00:00:00,Morning,Linen Fabric,Silk,TM004,OP006,50227,44901,42413,2488,6.94,1.88,2166.2,107.83,Thread Breakage,89.4,5.54,72.91,91.69,Excellent,Moderate
TP100091,2021-04-01 00:00:00,Evening,Cotton Fabric,Linen,TM003,OP003,37989,33714,32295,1419,11.93,0.36,1777.68,208.94,Stain,88.75,4.21,96.98,93.69,Excellent,Moderate
TP100092,2021-04-02 00:00:00,Night,Denim Fabric,Polyester,TM005,OP008,39692,33689,31855,1834,11.86,2.96,1557.36,221.38,Thread Breakage,84.88,5.44,75.04,91.83,Excellent,Moderate
TP100093,2021-04-03 00:00:00,Evening,Polyester Fabric,Polyester,TM001,OP003,42990,39279,38700,579,10.76,2.34,1774.95,166.89,Stain,91.37,1.47,78.25,97.79,Excellent,On Target
TP100094,2021-04-04 00:00:00,Evening,Denim Fabric,Polyester,TM001,OP006,36873,30443,29159,1284,9.96,1.17,1423.45,63.93,No Defect,82.56,4.22,88.25,93.67,Excellent,Moderate
TP100095,2021-04-05 00:00:00,Evening,Cotton Fabric,Polyester,TM006,OP004,35675,34577,33834,743,9.47,1.74,1728.18,279.63,Stain,96.92,2.15,81.63,96.78,Excellent,On Target
TP100096,2021-04-06 00:00:00,Evening,Polyester Fabric,Linen,TM006,OP001,30161,28461,27897,564,11.2,2.73,1498.28,295.08,No Defect,94.36,1.98,75.62,97.03,Excellent,On Target
TP100097,2021-04-07 00:00:00,Morning,Silk Fabric,Cotton,TM001,OP004,34297,29683,29512,171,7.74,1.66,1427.69,157.76,Color Variation,86.55,0.58,78.55,99.14,Excellent,Moderate
TP100098,2021-04-08 00:00:00,Night,Silk Fabric,Denim,TM004,OP003,56557,49140,48478,662,8.81,0.52,2694.48,203.42,No Defect,86.89,1.35,94.1,97.98,Excellent,Moderate
TP100099,2021-04-09 00:00:00,Evening,Denim Fabric,Denim,TM002,OP007,30995,28493,27778,715,9.72,1.14,1506.13,162.57,Stain,91.93,2.51,88.27,96.24,Excellent,On Target
TP100100,2021-04-10 00:00:00,Night,Polyester Fabric,Polyester,TM001,OP003,59487,50213,49580,633,8.47,2.53,2755.8,130.47,Uneven Weaving,84.41,1.26,70.13,98.11,Excellent,Moderate
TP100101,2021-04-11 00:00:00,Morning,Polyester Fabric,Cotton,TM006,OP005,41534,42649,39703,2946,8.56,1.93,2114.44,69.33,Uneven Weaving,100,6.91,77.45,89.64,Good,On Target
TP100102,2021-04-12 00:00:00,Night,Linen Fabric,Silk,TM006,OP003,59127,54696,53325,1371,7.98,1.95,2645.76,164.02,Color Variation,92.51,2.51,75.56,96.24,Excellent,On Target
TP100103,2021-04-13 00:00:00,Night,Cotton Fabric,Cotton,TM004,OP002,37629,34902,34432,470,9.39,2.6,1642.95,254.6,Stain,92.75,1.35,72.31,97.98,Excellent,On Target
TP100104,2021-04-14 00:00:00,Morning,Silk Fabric,Silk,TM001,OP005,58374,55321,54329,992,11.1,2.68,2852.83,54.26,No Defect,94.77,1.79,75.86,97.31,Excellent,On Target
TP100105,2021-04-15 00:00:00,Evening,Denim Fabric,Denim,TM004,OP004,55851,48000,45926,2074,7.21,2.76,2676.47,195.53,Uneven Weaving,85.94,4.32,61.72,93.52,Excellent,Moderate
TP100106,2021-04-16 00:00:00,Night,Polyester Fabric,Cotton,TM001,OP003,31016,30279,30002,277,11.61,0.28,1348.55,270.19,Thread Breakage,97.62,0.91,97.59,98.63,Excellent,On Target
TP100107,2021-04-17 00:00:00,Night,Silk Fabric,Cotton,TM002,OP006,54253,49263,46255,3008,10.13,1.63,2429.16,104.39,Tear,90.8,6.11,83.91,90.84,Excellent,On Target
TP100108,2021-04-18 00:00:00,Evening,Denim Fabric,Denim,TM005,OP002,52823,51054,47608,3446,10.94,2.22,2589.35,95.81,Stain,96.65,6.75,79.71,89.88,Good,On Target
TP100109,2021-04-19 00:00:00,Evening,Silk Fabric,Cotton,TM001,OP005,54276,48096,47084,1012,9.34,2.27,2351.62,243.07,Thread Breakage,88.61,2.1,75.7,96.84,Excellent,Moderate
TP100110,2021-04-20 00:00:00,Night,Denim Fabric,Silk,TM005,OP002,53247,52832,51022,1810,10.68,1.82,2893.82,113.77,Thread Breakage,99.22,3.43,82.96,94.86,Excellent,On Target
TP100111,2021-04-21 00:00:00,Morning,Silk Fabric,Cotton,TM001,OP005,54300,50396,50072,324,6.1,0.5,2828.69,98,Stain,92.81,0.64,91.8,99.04,Excellent,On Target
TP100112,2021-04-22 00:00:00,Evening,Linen Fabric,Silk,TM002,OP005,38529,40562,38670,1892,10.91,2.39,2067.07,144.5,Tear,100,4.66,78.09,93,Excellent,On Target
TP100113,2021-04-23 00:00:00,Evening,Cotton Fabric,Polyester,TM006,OP005,47262,41313,39995,1318,6.24,2.16,2225.4,148.13,Uneven Weaving,87.41,3.19,65.38,95.21,Excellent,Moderate
TP100114,2021-04-24 00:00:00,Morning,Silk Fabric,Cotton,TM005,OP008,39268,35903,35093,810,11.34,0.26,1934.51,268.53,Tear,91.43,2.26,97.71,96.62,Excellent,On Target
TP100115,2021-04-25 00:00:00,Night,Cotton Fabric,Silk,TM004,OP008,51271,42442,41659,783,11.95,1.39,1914.41,204.61,Color Variation,82.78,1.84,88.37,97.23,Excellent,Moderate
TP100116,2021-04-26 00:00:00,Evening,Silk Fabric,Denim,TM001,OP006,42185,36404,34674,1730,7.76,0.52,1898.38,151.49,No Defect,86.3,4.75,93.3,92.87,Excellent,Moderate
TP100117,2021-04-27 00:00:00,Night,Polyester Fabric,Polyester,TM006,OP004,51243,48338,46789,1549,7.26,1.01,2463.87,183.6,No Defect,94.33,3.2,86.09,95.19,Excellent,On Target
TP100118,2021-04-28 00:00:00,Night,Linen Fabric,Cotton,TM001,OP005,36331,35570,34977,593,10.59,0.05,1783.57,288.49,Thread Breakage,97.91,1.67,99.53,97.5,Excellent,On Target
TP100119,2021-04-29 00:00:00,Night,Linen Fabric,Silk,TM004,OP005,38571,42719,40592,2127,7.52,1.2,1941.89,78.3,Uneven Weaving,100,4.98,84.04,92.53,Excellent,On Target
TP100120,2021-04-30 00:00:00,Morning,Cotton Fabric,Cotton,TM002,OP008,55068,49189,47136,2053,11.19,1.65,2737.02,101.93,Tear,89.32,4.17,85.25,93.74,Excellent,Moderate
TP100121,2021-05-01 00:00:00,Night,Polyester Fabric,Silk,TM003,OP002,37208,31057,29168,1889,6.62,1.86,1450.9,290.63,Thread Breakage,83.47,6.08,71.9,90.88,Excellent,Moderate
TP100122,2021-05-02 00:00:00,Night,Denim Fabric,Cotton,TM001,OP005,35276,33609,33184,425,6.76,1.99,1676.43,289.33,Stain,95.27,1.26,70.56,98.1,Excellent,On Target
TP100123,2021-05-03 00:00:00,Evening,Linen Fabric,Polyester,TM004,OP004,48446,39777,37547,2230,11.87,2.51,2211.36,94.29,Thread Breakage,82.11,5.61,78.85,91.59,Excellent,Moderate
TP100124,2021-05-04 00:00:00,Evening,Polyester Fabric,Polyester,TM003,OP007,58460,54923,52244,2679,10.04,0.65,2933.97,86.28,Stain,93.95,4.88,93.53,92.68,Excellent,On Target
TP100125,2021-05-05 00:00:00,Morning,Polyester Fabric,Cotton,TM001,OP006,46448,40170,39669,501,11.08,0.36,2033,155.27,Stain,86.48,1.25,96.75,98.13,Excellent,Moderate
TP100126,2021-05-06 00:00:00,Morning,Cotton Fabric,Cotton,TM005,OP006,46216,42279,40158,2121,7.95,2.55,1997.44,62.43,Color Variation,91.48,5.02,67.92,92.47,Excellent,On Target
TP100127,2021-05-07 00:00:00,Evening,Polyester Fabric,Linen,TM006,OP002,38006,37108,35857,1251,10.06,0.47,2058.04,213.73,Color Variation,97.64,3.37,95.33,94.94,Excellent,On Target
TP100128,2021-05-08 00:00:00,Evening,Polyester Fabric,Cotton,TM006,OP007,32568,29059,27129,1930,9.57,2.92,1531.18,69.37,Stain,89.23,6.64,69.49,90.04,Excellent,Moderate
TP100129,2021-05-09 00:00:00,Morning,Denim Fabric,Cotton,TM004,OP005,51847,50048,49337,711,9.62,2.53,2368.45,64.51,Uneven Weaving,96.53,1.42,73.7,97.87,Excellent,On Target
TP100130,2021-05-10 00:00:00,Night,Cotton Fabric,Polyester,TM005,OP002,59824,57498,54808,2690,10.1,1.5,2915.51,171.3,Color Variation,96.11,4.68,85.15,92.98,Excellent,On Target
TP100131,2021-05-11 00:00:00,Morning,Cotton Fabric,Cotton,TM002,OP008,32027,25000,24254,746,9.45,2.94,1136.25,289.45,Color Variation,78.06,2.98,68.89,95.52,Excellent,Moderate
TP100132,2021-05-12 00:00:00,Night,Polyester Fabric,Denim,TM003,OP006,32695,27362,25523,1839,8.57,0.29,1297.38,156.7,No Defect,83.69,6.72,96.62,89.92,Good,Moderate
TP100133,2021-05-13 00:00:00,Evening,Denim Fabric,Cotton,TM004,OP004,56071,44334,43161,1173,7.66,0.91,2184.82,139.12,Thread Breakage,79.07,2.65,88.12,96.03,Excellent,Moderate
TP100134,2021-05-14 00:00:00,Evening,Silk Fabric,Linen,TM001,OP002,45422,47244,44053,3191,10.61,1.91,2035.71,299.49,No Defect,100,6.75,82,89.87,Good,On Target
TP100135,2021-05-15 00:00:00,Evening,Linen Fabric,Silk,TM006,OP004,35258,31472,29470,2002,7.36,1.05,1835.16,182.99,Uneven Weaving,89.26,6.36,85.73,90.46,Excellent,Moderate
TP100136,2021-05-16 00:00:00,Night,Cotton Fabric,Polyester,TM001,OP008,52002,53284,52081,1203,10.15,2.79,3046.34,143.81,Color Variation,100,2.26,72.51,96.61,Excellent,On Target
TP100137,2021-05-17 00:00:00,Morning,Denim Fabric,Denim,TM003,OP008,36736,28863,27211,1652,7.4,0.2,1569.47,146.47,Color Variation,78.57,5.72,97.3,91.41,Excellent,Moderate
TP100138,2021-05-18 00:00:00,Night,Denim Fabric,Silk,TM005,OP007,30391,26133,24311,1822,9.75,1.65,1375.98,98.74,Tear,85.99,6.97,83.08,89.54,Good,Moderate
TP100139,2021-05-19 00:00:00,Morning,Polyester Fabric,Denim,TM005,OP007,43986,42052,41151,901,10.48,1.77,1999.31,178.06,Uneven Weaving,95.6,2.14,83.11,96.79,Excellent,On Target
TP100140,2021-05-20 00:00:00,Morning,Linen Fabric,Polyester,TM004,OP003,59090,53923,52122,1801,7.31,1.96,2729.35,159.71,Thread Breakage,91.26,3.34,73.19,94.99,Excellent,On Target
TP100141,2021-05-21 00:00:00,Morning,Cotton Fabric,Linen,TM004,OP005,42666,39991,38439,1552,6.36,0.77,2249.82,117.7,Thread Breakage,93.73,3.88,87.89,94.18,Excellent,On Target
TP100142,2021-05-22 00:00:00,Evening,Silk Fabric,Polyester,TM005,OP004,35892,29153,28448,705,6.79,1.09,1597.09,90.14,Thread Breakage,81.22,2.42,83.95,96.37,Excellent,Moderate
TP100143,2021-05-23 00:00:00,Morning,Polyester Fabric,Denim,TM004,OP005,33561,33439,33239,200,9.64,2.53,1581.48,127.81,Uneven Weaving,99.64,0.6,73.76,99.1,Excellent,On Target
TP100144,2021-05-24 00:00:00,Evening,Cotton Fabric,Denim,TM005,OP007,56854,54261,53213,1048,11.1,0.58,2467.31,177.17,Tear,95.44,1.93,94.77,97.1,Excellent,On Target
TP100145,2021-05-25 00:00:00,Morning,Cotton Fabric,Polyester,TM003,OP004,36184,33583,32800,783,6.27,2.48,1640.53,64.58,Tear,92.81,2.33,60.45,96.5,Excellent,On Target
TP100146,2021-05-26 00:00:00,Morning,Denim Fabric,Cotton,TM004,OP001,49483,42160,40734,1426,10.4,1.69,2088.09,88.44,No Defect,85.2,3.38,83.75,94.93,Excellent,Moderate
TP100147,2021-05-27 00:00:00,Evening,Linen Fabric,Polyester,TM005,OP007,52662,48589,47806,783,8.05,2.29,2368.68,286.91,Uneven Weaving,92.27,1.61,71.55,97.58,Excellent,On Target
TP100148,2021-05-28 00:00:00,Evening,Silk Fabric,Linen,TM004,OP001,38392,33769,31683,2086,8.87,2.14,1935.96,185.71,Uneven Weaving,87.96,6.18,75.87,90.73,Excellent,Moderate
TP100149,2021-05-29 00:00:00,Night,Linen Fabric,Polyester,TM001,OP001,43067,33785,32068,1717,11.57,0.62,1758.68,65.86,Tear,78.45,5.08,94.64,92.38,Excellent,Moderate
TP100150,2021-05-30 00:00:00,Morning,Denim Fabric,Silk,TM006,OP007,45265,40579,40151,428,7.99,1.71,1894.97,223.27,Stain,89.65,1.05,78.6,98.42,Excellent,Moderate
TP100151,2021-05-31 00:00:00,Evening,Silk Fabric,Cotton,TM001,OP004,49488,43996,41917,2079,8.79,2.6,2184.15,65.45,Stain,88.9,4.73,70.42,92.91,Excellent,Moderate
TP100152,2021-06-01 00:00:00,Night,Silk Fabric,Silk,TM002,OP006,53599,52225,49745,2480,6.08,1.3,2957.23,234.72,No Defect,97.44,4.75,78.62,92.88,Excellent,On Target
TP100153,2021-06-02 00:00:00,Night,Polyester Fabric,Polyester,TM005,OP006,59174,44001,41046,2955,6.49,2.9,1982.54,237.49,Stain,74.36,6.72,55.32,89.93,Good,Below Target
TP100154,2021-06-03 00:00:00,Evening,Silk Fabric,Cotton,TM002,OP005,32454,29743,29588,155,7.55,1.36,1429.42,212.77,Stain,91.65,0.52,81.99,99.22,Excellent,On Target
TP100155,2021-06-04 00:00:00,Morning,Cotton Fabric,Silk,TM005,OP001,41837,34269,33545,724,6.17,0.43,1862.6,233.05,Stain,81.91,2.11,93.03,96.83,Excellent,Moderate
TP100156,2021-06-05 00:00:00,Night,Linen Fabric,Silk,TM006,OP005,44039,40619,37966,2653,9.79,1.17,1934.65,71.99,Color Variation,92.23,6.53,88.05,90.2,Excellent,On Target
TP100157,2021-06-06 00:00:00,Morning,Linen Fabric,Cotton,TM004,OP004,55380,51293,47929,3364,8.56,2.86,2289.95,231.7,No Defect,92.62,6.56,66.59,90.16,Excellent,On Target
TP100158,2021-06-07 00:00:00,Morning,Polyester Fabric,Cotton,TM005,OP005,49115,43905,41629,2276,9.29,0.96,2424.11,84.17,Tear,89.39,5.18,89.67,92.22,Excellent,Moderate
TP100159,2021-06-08 00:00:00,Night,Silk Fabric,Denim,TM001,OP005,40965,39183,37037,2146,7.05,2.6,2002.92,134.88,Stain,95.65,5.48,63.12,91.78,Excellent,On Target
TP100160,2021-06-09 00:00:00,Evening,Denim Fabric,Cotton,TM004,OP001,54538,44328,43843,485,7.78,2.64,2290.33,285.69,Thread Breakage,81.28,1.09,66.07,98.36,Excellent,Moderate
TP100161,2021-06-10 00:00:00,Morning,Cotton Fabric,Polyester,TM006,OP007,39762,38869,37376,1493,9.98,1.05,2074.75,175.72,Color Variation,97.75,3.84,89.48,94.24,Excellent,On Target
TP100162,2021-06-11 00:00:00,Evening,Polyester Fabric,Linen,TM001,OP006,35056,29813,29215,598,11.79,0.25,1364.8,291.86,Stain,85.04,2.01,97.88,96.99,Excellent,Moderate
TP100163,2021-06-12 00:00:00,Night,Silk Fabric,Denim,TM004,OP002,44948,35558,34961,597,6.3,2.17,1872.23,72.23,Color Variation,79.11,1.68,65.56,97.48,Excellent,Moderate
TP100164,2021-06-13 00:00:00,Morning,Denim Fabric,Cotton,TM005,OP003,38110,33572,31636,1936,11.34,0.93,1950.13,169.39,No Defect,88.09,5.77,91.8,91.35,Excellent,Moderate
TP100165,2021-06-14 00:00:00,Evening,Silk Fabric,Linen,TM005,OP004,43773,32976,32522,454,9.46,2.35,1962.58,65.6,Thread Breakage,75.33,1.38,75.16,97.93,Excellent,Moderate
TP100166,2021-06-15 00:00:00,Evening,Polyester Fabric,Denim,TM001,OP004,57266,52558,50694,1864,9.38,1.33,3010.42,207.55,Thread Breakage,91.78,3.55,85.82,94.68,Excellent,On Target
TP100167,2021-06-16 00:00:00,Morning,Denim Fabric,Polyester,TM003,OP004,50224,44290,41367,2923,9,1.46,2234.17,69.68,Thread Breakage,88.18,6.6,83.78,90.1,Excellent,Moderate
TP100168,2021-06-17 00:00:00,Evening,Denim Fabric,Linen,TM005,OP003,47412,46765,45966,799,6.42,2.33,2202.83,93.84,Stain,98.64,1.71,63.71,97.44,Excellent,On Target
TP100169,2021-06-18 00:00:00,Evening,Denim Fabric,Cotton,TM003,OP002,53769,50835,47349,3486,6.54,1.15,2779.7,114.71,Color Variation,94.54,6.86,82.42,89.71,Good,On Target
TP100170,2021-06-19 00:00:00,Night,Denim Fabric,Cotton,TM004,OP006,30502,25000,23259,1741,9.61,1.33,1283.7,237.19,Thread Breakage,81.96,6.96,86.16,89.55,Good,Moderate
TP100171,2021-06-20 00:00:00,Night,Silk Fabric,Polyester,TM003,OP005,36910,31053,29776,1277,8.05,1.13,1565.88,90.99,Uneven Weaving,84.13,4.11,85.96,93.83,Excellent,Moderate
TP100172,2021-06-21 00:00:00,Evening,Denim Fabric,Denim,TM001,OP006,42685,39972,39330,642,11.5,1.1,2120.04,261.66,Uneven Weaving,93.64,1.61,90.43,97.59,Excellent,On Target
TP100173,2021-06-22 00:00:00,Evening,Silk Fabric,Linen,TM002,OP008,55446,53189,51830,1359,8.44,1.58,2635.77,82.98,Color Variation,95.93,2.56,81.28,96.17,Excellent,On Target
TP100174,2021-06-23 00:00:00,Morning,Denim Fabric,Polyester,TM002,OP004,53322,52553,50840,1713,6.86,2.43,2434.66,58.81,Stain,98.56,3.26,64.58,95.11,Excellent,On Target
TP100175,2021-06-24 00:00:00,Night,Denim Fabric,Denim,TM001,OP005,50872,50110,48852,1258,10.29,1.09,2587.06,148.76,Stain,98.5,2.51,89.41,96.23,Excellent,On Target
TP100176,2021-06-25 00:00:00,Morning,Polyester Fabric,Silk,TM002,OP001,30206,26996,26369,627,7.76,1.57,1509.94,294.86,No Defect,89.37,2.32,79.77,96.52,Excellent,Moderate
TP100177,2021-06-26 00:00:00,Evening,Silk Fabric,Silk,TM001,OP006,51518,47674,44423,3251,9.15,2.01,2331.29,77.59,No Defect,92.54,6.82,78.03,89.77,Good,On Target
TP100178,2021-06-27 00:00:00,Morning,Silk Fabric,Denim,TM005,OP001,52361,51885,51108,777,10.19,0.81,2319.46,75.43,Thread Breakage,99.09,1.5,92.05,97.75,Excellent,On Target
TP100179,2021-06-28 00:00:00,Evening,Linen Fabric,Cotton,TM003,OP001,54105,47546,45042,2504,11.4,0.83,2371.88,237.79,Tear,87.88,5.27,92.72,92.1,Excellent,Moderate
TP100180,2021-06-29 00:00:00,Night,Polyester Fabric,Cotton,TM002,OP007,53419,49497,49248,249,10.75,2.8,2487.63,128.04,No Defect,92.66,0.5,73.95,99.25,Excellent,On Target
TP100181,2021-06-30 00:00:00,Night,Silk Fabric,Silk,TM005,OP006,47868,41986,40149,1837,10.06,2.17,2083.19,229.32,Stain,87.71,4.38,78.43,93.44,Excellent,Moderate
TP100182,2021-07-01 00:00:00,Evening,Polyester Fabric,Cotton,TM002,OP004,54242,46726,43710,3016,10.08,1.73,2592.93,100,Tear,86.14,6.45,82.84,90.32,Excellent,Moderate
TP100183,2021-07-02 00:00:00,Night,Polyester Fabric,Cotton,TM004,OP003,45934,41496,40512,984,11.68,1.94,2067.59,165.02,No Defect,90.34,2.37,83.39,96.44,Excellent,On Target
TP100184,2021-07-03 00:00:00,Evening,Polyester Fabric,Denim,TM001,OP004,47247,40248,39561,687,7.77,0.09,2093.21,116.32,Color Variation,85.19,1.71,98.84,97.44,Excellent,Moderate
TP100185,2021-07-04 00:00:00,Morning,Cotton Fabric,Denim,TM001,OP001,49174,43806,41731,2075,6.01,1.85,2500.82,162.88,Uneven Weaving,89.08,4.74,69.22,92.89,Excellent,Moderate
TP100186,2021-07-05 00:00:00,Evening,Silk Fabric,Cotton,TM005,OP001,53792,44516,42231,2285,7.63,1.53,2248.39,242.27,No Defect,82.76,5.13,79.95,92.3,Excellent,Moderate
TP100187,2021-07-06 00:00:00,Morning,Polyester Fabric,Denim,TM004,OP004,38755,34364,32655,1709,7.31,1.64,2047.38,240.5,No Defect,88.67,4.97,77.56,92.54,Excellent,Moderate
TP100188,2021-07-07 00:00:00,Evening,Cotton Fabric,Linen,TM003,OP003,51500,47966,46731,1235,9.97,1.08,2484.91,178.94,Color Variation,93.14,2.57,89.17,96.14,Excellent,On Target
TP100189,2021-07-08 00:00:00,Night,Cotton Fabric,Silk,TM004,OP003,42383,36398,35619,779,9.8,0.24,2044.85,282.09,Stain,85.88,2.14,97.55,96.79,Excellent,Moderate
TP100190,2021-07-09 00:00:00,Evening,Denim Fabric,Linen,TM004,OP007,52403,47197,44028,3169,9.56,0.58,2682.61,115.95,Thread Breakage,90.07,6.71,93.93,89.93,Good,On Target
TP100191,2021-07-10 00:00:00,Evening,Denim Fabric,Linen,TM006,OP005,48141,43796,40949,2847,6.1,2.85,2003.1,110.08,Color Variation,90.97,6.5,53.28,90.25,Excellent,On Target
TP100192,2021-07-11 00:00:00,Evening,Silk Fabric,Cotton,TM003,OP002,44820,41758,40308,1450,10.37,1.23,1930.69,203.45,Thread Breakage,93.17,3.47,88.14,94.79,Excellent,On Target
TP100193,2021-07-12 00:00:00,Night,Denim Fabric,Cotton,TM003,OP001,37574,33465,31457,2008,7.94,1.4,1865.01,205.32,No Defect,89.06,6,82.37,91,Excellent,Moderate
TP100194,2021-07-13 00:00:00,Evening,Silk Fabric,Linen,TM004,OP008,36374,35501,34280,1221,9.99,0.16,1754.71,61.64,Stain,97.6,3.44,98.4,94.84,Excellent,On Target
TP100195,2021-07-14 00:00:00,Night,Cotton Fabric,Linen,TM002,OP003,53276,40113,38806,1307,9.34,0.11,2195.85,201.94,Tear,75.29,3.26,98.82,95.11,Excellent,Moderate
TP100196,2021-07-15 00:00:00,Evening,Cotton Fabric,Polyester,TM006,OP006,31678,35025,34493,532,8.06,2.15,1728.04,143.61,No Defect,100,1.52,73.33,97.72,Excellent,On Target
TP100197,2021-07-16 00:00:00,Morning,Silk Fabric,Polyester,TM002,OP007,49626,41637,40275,1362,6.81,1.61,2160.17,236.86,Color Variation,83.9,3.27,76.36,95.09,Excellent,Moderate
TP100198,2021-07-17 00:00:00,Evening,Denim Fabric,Silk,TM004,OP001,51020,47359,45468,1891,6.57,1.53,2521.6,252.03,Tear,92.82,3.99,76.71,94.01,Excellent,On Target
TP100199,2021-07-18 00:00:00,Morning,Denim Fabric,Linen,TM002,OP002,31059,25913,25746,167,10.99,0.73,1312.2,188.04,Uneven Weaving,83.43,0.64,93.36,99.03,Excellent,Moderate
TP100200,2021-07-19 00:00:00,Night,Silk Fabric,Denim,TM003,OP006,53052,50139,48441,1698,11.51,2.23,2843.37,50.43,Tear,94.51,3.39,80.63,94.92,Excellent,On Target
TP100201,2021-07-20 00:00:00,Night,Linen Fabric,Polyester,TM003,OP001,59855,55028,51958,3070,9.9,0.5,3151.47,209.09,Color Variation,91.94,5.58,94.95,91.63,Excellent,On Target
TP100202,2021-07-21 00:00:00,Evening,Denim Fabric,Cotton,TM002,OP007,46198,39474,37532,1942,6.62,0.57,1853.63,237.22,Tear,85.45,4.92,91.39,92.62,Excellent,Moderate
TP100203,2021-07-22 00:00:00,Night,Polyester Fabric,Linen,TM003,OP007,39914,38921,37120,1801,8.41,1.38,1839.12,112.25,Color Variation,97.51,4.63,83.59,93.06,Excellent,On Target
TP100204,2021-07-23 00:00:00,Evening,Denim Fabric,Denim,TM001,OP003,57890,51437,48139,3298,10.37,0.86,2605.24,166.16,No Defect,88.85,6.41,91.71,90.38,Excellent,Moderate
TP100205,2021-07-24 00:00:00,Night,Linen Fabric,Denim,TM003,OP005,49541,46485,46198,287,10.68,0.74,2344.02,291.43,Stain,93.83,0.62,93.07,99.07,Excellent,On Target
TP100206,2021-07-25 00:00:00,Morning,Cotton Fabric,Denim,TM004,OP004,52299,43711,41910,1801,6.71,1.94,2142.81,124.53,Uneven Weaving,83.58,4.12,71.09,93.82,Excellent,Moderate
TP100207,2021-07-26 00:00:00,Night,Cotton Fabric,Cotton,TM005,OP008,40817,36647,34588,2059,6,1.95,1920.55,105.79,Stain,89.78,5.62,67.5,91.57,Excellent,Moderate
TP100208,2021-07-27 00:00:00,Morning,Cotton Fabric,Polyester,TM002,OP007,40921,42568,40857,1711,10.27,2.47,2178.98,102.71,Stain,100,4.02,75.95,93.97,Excellent,On Target
TP100209,2021-07-28 00:00:00,Evening,Denim Fabric,Denim,TM006,OP006,39789,38492,37489,1003,8.14,1.25,1889.47,189.7,Stain,96.74,2.61,84.64,96.09,Excellent,On Target
TP100210,2021-07-29 00:00:00,Evening,Cotton Fabric,Polyester,TM002,OP004,46312,42678,42087,591,7.53,0.22,2183.22,287.45,Color Variation,92.15,1.38,97.08,97.92,Excellent,On Target
TP100211,2021-07-30 00:00:00,Evening,Linen Fabric,Silk,TM003,OP003,41252,35830,33584,2246,6.08,0.82,1730.31,202.17,Color Variation,86.86,6.27,86.51,90.6,Excellent,Moderate
TP100212,2021-07-31 00:00:00,Morning,Linen Fabric,Cotton,TM003,OP008,32693,29578,28525,1053,9.24,2.94,1414.84,125.83,Uneven Weaving,90.47,3.56,68.18,94.66,Excellent,On Target
TP100213,2021-08-01 00:00:00,Evening,Denim Fabric,Polyester,TM005,OP003,59467,54343,50970,3373,11.11,1.79,2824.65,209.64,Color Variation,91.38,6.21,83.89,90.69,Excellent,On Target
TP100214,2021-08-02 00:00:00,Evening,Polyester Fabric,Polyester,TM005,OP008,59723,55629,53232,2397,11.75,2.13,2881.26,206.21,Thread Breakage,93.15,4.31,81.87,93.54,Excellent,On Target
TP100215,2021-08-03 00:00:00,Morning,Denim Fabric,Denim,TM006,OP008,43931,36227,34458,1769,9.39,0.02,1839.72,199.23,Color Variation,82.46,4.88,99.79,92.68,Excellent,Moderate
TP100216,2021-08-04 00:00:00,Night,Cotton Fabric,Denim,TM004,OP006,33627,31838,30014,1824,9.09,1.55,1639.85,89.86,Color Variation,94.68,5.73,82.95,91.41,Excellent,On Target
TP100217,2021-08-05 00:00:00,Evening,Denim Fabric,Cotton,TM001,OP002,55939,46079,43874,2205,6.51,0.11,2373.59,208.64,Color Variation,82.37,4.79,98.31,92.82,Excellent,Moderate
TP100218,2021-08-06 00:00:00,Night,Linen Fabric,Polyester,TM004,OP008,46157,46811,45366,1445,9.29,1.71,2083.11,157.54,No Defect,100,3.09,81.59,95.37,Excellent,On Target
TP100219,2021-08-07 00:00:00,Night,Denim Fabric,Linen,TM006,OP007,40173,33986,32681,1305,8.28,2.76,1646.06,54.65,Uneven Weaving,84.6,3.84,66.67,94.24,Excellent,Moderate
TP100220,2021-08-08 00:00:00,Evening,Denim Fabric,Denim,TM002,OP006,51834,47727,44997,2730,9.64,2.91,2101.93,184.94,Thread Breakage,92.08,5.72,69.81,91.42,Excellent,On Target
TP100221,2021-08-09 00:00:00,Evening,Polyester Fabric,Denim,TM003,OP001,48047,46623,45258,1365,8.33,1.62,2242.04,297.32,Color Variation,97.04,2.93,80.55,95.61,Excellent,On Target
TP100222,2021-08-10 00:00:00,Morning,Linen Fabric,Silk,TM004,OP002,56105,49503,48007,1496,7.44,1.37,2237.86,137.43,Uneven Weaving,88.23,3.02,81.59,95.47,Excellent,Moderate
TP100223,2021-08-11 00:00:00,Morning,Silk Fabric,Cotton,TM003,OP008,40230,37166,36749,417,6.57,2.84,1767.8,291.39,Tear,92.38,1.12,56.77,98.32,Excellent,On Target
TP100224,2021-08-12 00:00:00,Evening,Silk Fabric,Polyester,TM003,OP004,45707,45728,42781,2947,7.89,2.02,2079,74.05,No Defect,100,6.44,74.4,90.33,Excellent,On Target
TP100225,2021-08-13 00:00:00,Night,Linen Fabric,Polyester,TM004,OP001,51976,48832,48299,533,6.58,0.19,2727.32,233.11,Color Variation,93.95,1.09,97.11,98.36,Excellent,On Target
TP100226,2021-08-14 00:00:00,Morning,Silk Fabric,Polyester,TM004,OP002,41494,38377,36568,1809,7.06,1.4,2190.5,78.58,Thread Breakage,92.49,4.71,80.17,92.93,Excellent,On Target
TP100227,2021-08-15 00:00:00,Morning,Cotton Fabric,Denim,TM005,OP004,56813,44431,43016,1415,11.92,0.72,2208.73,118.39,No Defect,78.21,3.18,93.96,95.22,Excellent,Moderate
TP100228,2021-08-16 00:00:00,Evening,Silk Fabric,Cotton,TM006,OP001,53776,44884,43476,1408,8.66,1.41,1927.92,192.71,Thread Breakage,83.46,3.14,83.72,95.29,Excellent,Moderate
TP100229,2021-08-17 00:00:00,Evening,Cotton Fabric,Polyester,TM006,OP005,31306,30470,28972,1498,9.19,1.37,1657.07,198.19,No Defect,97.33,4.92,85.09,92.63,Excellent,On Target
TP100230,2021-08-18 00:00:00,Evening,Linen Fabric,Linen,TM001,OP007,58605,55083,54567,516,11.24,1.75,2979.7,243.8,Tear,93.99,0.94,84.43,98.59,Excellent,On Target
TP100231,2021-08-19 00:00:00,Evening,Silk Fabric,Silk,TM005,OP006,36776,34956,33432,1524,11.97,1.07,1785.03,203.83,Uneven Weaving,95.05,4.36,91.06,93.46,Excellent,On Target
TP100232,2021-08-20 00:00:00,Morning,Silk Fabric,Silk,TM001,OP006,57251,54072,51088,2984,9.5,0.49,2606.26,198.4,No Defect,94.45,5.52,94.84,91.72,Excellent,On Target
TP100233,2021-08-21 00:00:00,Morning,Cotton Fabric,Polyester,TM004,OP006,59644,59064,55589,3475,10.87,1.51,3092.35,278.09,Stain,99.03,5.88,86.11,91.17,Excellent,On Target
TP100234,2021-08-22 00:00:00,Morning,Cotton Fabric,Denim,TM006,OP008,52248,46067,45326,741,7.96,2.49,2228.22,163.04,Tear,88.17,1.61,68.72,97.59,Excellent,Moderate
TP100235,2021-08-23 00:00:00,Night,Denim Fabric,Silk,TM006,OP005,39474,35860,33589,2271,7.83,1.99,1632.78,106.32,Stain,90.84,6.33,74.58,90.5,Excellent,On Target
TP100236,2021-08-24 00:00:00,Morning,Polyester Fabric,Silk,TM001,OP007,37526,31071,29590,1481,8.42,1.02,1496.86,90.45,Tear,82.8,4.77,87.89,92.85,Excellent,Moderate
TP100237,2021-08-25 00:00:00,Morning,Silk Fabric,Silk,TM002,OP002,55285,44811,42018,2793,10.04,2.81,2394.67,150,Stain,81.05,6.23,72.01,90.65,Excellent,Moderate
TP100238,2021-08-26 00:00:00,Evening,Polyester Fabric,Silk,TM005,OP007,51959,40785,39295,1490,10.09,2.74,2115.55,228.19,Stain,78.49,3.65,72.84,94.52,Excellent,Moderate
TP100239,2021-08-27 00:00:00,Morning,Polyester Fabric,Polyester,TM005,OP003,35530,29776,28578,1198,7.89,0.63,1640.69,60.64,Thread Breakage,83.81,4.02,92.02,93.96,Excellent,Moderate
TP100240,2021-08-28 00:00:00,Morning,Silk Fabric,Cotton,TM005,OP001,59320,59835,55961,3874,6.8,0.12,3076.41,82.26,No Defect,100,6.47,98.24,90.29,Excellent,On Target
TP100241,2021-08-29 00:00:00,Morning,Cotton Fabric,Cotton,TM006,OP002,50797,40196,37644,2552,9.79,2.22,2301.75,76.53,No Defect,79.13,6.35,77.32,90.48,Excellent,Moderate
TP100242,2021-08-30 00:00:00,Evening,Denim Fabric,Denim,TM003,OP003,33748,29656,28644,1012,6.77,2.48,1491.97,196.31,Tear,87.87,3.41,63.37,94.88,Excellent,Moderate
TP100243,2021-08-31 00:00:00,Morning,Linen Fabric,Linen,TM006,OP006,43545,35249,34444,805,9.47,2.9,1805.46,110.72,Uneven Weaving,80.95,2.28,69.38,96.57,Excellent,Moderate
TP100244,2021-09-01 00:00:00,Morning,Silk Fabric,Cotton,TM003,OP006,59355,50923,49367,1556,10.16,2.67,2293.23,91.56,Thread Breakage,85.79,3.06,73.72,95.42,Excellent,Moderate
TP100245,2021-09-02 00:00:00,Night,Silk Fabric,Linen,TM006,OP006,30663,27961,27116,845,10.2,1.8,1267.8,198.19,No Defect,91.19,3.02,82.35,95.47,Excellent,On Target
TP100246,2021-09-03 00:00:00,Night,Linen Fabric,Cotton,TM004,OP003,31998,27230,26586,644,10.52,1.59,1632.51,240.33,No Defect,85.1,2.37,84.89,96.45,Excellent,Moderate
TP100247,2021-09-04 00:00:00,Night,Polyester Fabric,Cotton,TM006,OP001,37994,37093,36260,833,11.24,0.08,1704.88,133.04,Thread Breakage,97.63,2.25,99.29,96.63,Excellent,On Target
TP100248,2021-09-05 00:00:00,Night,Denim Fabric,Denim,TM004,OP001,58021,58449,54885,3564,9,0.74,2801.35,194.55,Color Variation,100,6.1,91.78,90.85,Excellent,On Target
TP100249,2021-09-06 00:00:00,Evening,Polyester Fabric,Silk,TM003,OP003,58319,43306,42893,413,10.38,1.38,2159.34,74.53,Thread Breakage,74.26,0.95,86.71,98.57,Excellent,Below Target
TP100250,2021-09-07 00:00:00,Night,Linen Fabric,Denim,TM005,OP004,47879,40802,38801,2001,9.72,1.89,2158.49,283.8,No Defect,85.22,4.9,80.56,92.64,Excellent,Moderate
TP100251,2021-09-08 00:00:00,Morning,Linen Fabric,Cotton,TM003,OP006,33304,30111,29622,489,7.12,1.67,1595.53,134.22,Uneven Weaving,90.41,1.62,76.54,97.56,Excellent,On Target
TP100252,2021-09-09 00:00:00,Night,Denim Fabric,Silk,TM001,OP002,50147,49085,47740,1345,6.15,2.23,2599.51,299.38,Color Variation,97.88,2.74,63.74,95.89,Excellent,On Target
TP100253,2021-09-10 00:00:00,Evening,Linen Fabric,Silk,TM005,OP001,51616,44813,44410,403,7.71,0.84,2143.24,294.65,Stain,86.82,0.9,89.11,98.65,Excellent,Moderate
TP100254,2021-09-11 00:00:00,Night,Linen Fabric,Silk,TM006,OP007,48237,43346,42369,977,8.66,1.69,2464.74,244.71,Thread Breakage,89.86,2.25,80.48,96.62,Excellent,Moderate
TP100255,2021-09-12 00:00:00,Night,Denim Fabric,Linen,TM006,OP003,43808,35880,33908,1972,9.7,0.26,1827.52,55.02,Stain,81.9,5.5,97.32,91.76,Excellent,Moderate
TP100256,2021-09-13 00:00:00,Evening,Silk Fabric,Cotton,TM006,OP008,36585,29001,27188,1813,11.1,1.24,1654.1,185.87,Color Variation,79.27,6.25,88.83,90.62,Excellent,Moderate
TP100257,2021-09-14 00:00:00,Evening,Polyester Fabric,Polyester,TM006,OP004,59235,59305,58155,1150,7.18,2.25,3408.97,71.71,Color Variation,100,1.94,68.66,97.09,Excellent,On Target
TP100258,2021-09-15 00:00:00,Evening,Silk Fabric,Denim,TM006,OP005,47675,36820,35526,1294,6.75,2.08,1892.63,273.78,Color Variation,77.23,3.51,69.19,94.73,Excellent,Moderate
TP100259,2021-09-16 00:00:00,Evening,Silk Fabric,Linen,TM003,OP008,49965,53113,51224,1889,11.78,2.97,2549.79,247.41,Tear,100,3.56,74.79,94.67,Excellent,On Target
TP100260,2021-09-17 00:00:00,Evening,Polyester Fabric,Denim,TM004,OP008,41649,39598,37152,2446,6.65,0.83,2008.02,293.09,Thread Breakage,95.08,6.18,87.52,90.73,Excellent,On Target
TP100261,2021-09-18 00:00:00,Evening,Silk Fabric,Polyester,TM003,OP003,53938,51112,48322,2790,8.87,1.49,2946.62,202.1,Uneven Weaving,94.76,5.46,83.2,91.81,Excellent,On Target
TP100262,2021-09-19 00:00:00,Morning,Denim Fabric,Silk,TM002,OP007,53664,50459,48524,1935,9.51,0.99,2227.64,180.54,Uneven Weaving,94.03,3.83,89.59,94.25,Excellent,On Target
TP100263,2021-09-20 00:00:00,Night,Polyester Fabric,Polyester,TM003,OP004,31636,27913,26556,1357,9.25,1.32,1363.02,179.74,Stain,88.23,4.86,85.73,92.71,Excellent,Moderate
TP100264,2021-09-21 00:00:00,Night,Cotton Fabric,Denim,TM005,OP005,50080,46446,43656,2790,6.52,2.57,2589.17,146.61,Stain,92.74,6.01,60.58,90.99,Excellent,On Target
TP100265,2021-09-22 00:00:00,Evening,Silk Fabric,Polyester,TM006,OP004,57575,51056,50769,287,6.34,2.05,2550.31,167.17,Stain,88.68,0.56,67.67,99.16,Excellent,Moderate
TP100266,2021-09-23 00:00:00,Evening,Linen Fabric,Cotton,TM003,OP001,57728,54190,52500,1690,6.63,2.65,2711,208.85,Thread Breakage,93.87,3.12,60.03,95.32,Excellent,On Target
TP100267,2021-09-24 00:00:00,Morning,Polyester Fabric,Polyester,TM004,OP008,47082,42263,39559,2704,9.51,0.61,2389.56,283.24,No Defect,89.76,6.4,93.59,90.4,Excellent,Moderate
TP100268,2021-09-25 00:00:00,Morning,Cotton Fabric,Cotton,TM006,OP003,56736,47288,44776,2512,9.27,2.62,2354.78,198.97,Stain,83.35,5.31,71.74,92.03,Excellent,Moderate
TP100269,2021-09-26 00:00:00,Evening,Linen Fabric,Polyester,TM001,OP007,58673,49230,47247,1983,7.4,0.18,2323.45,264.28,Color Variation,83.91,4.03,97.57,93.96,Excellent,Moderate
TP100270,2021-09-27 00:00:00,Morning,Cotton Fabric,Cotton,TM002,OP005,34737,28870,27732,1138,9.83,2.67,1384.42,265.69,Stain,83.11,3.94,72.84,94.09,Excellent,Moderate
TP100271,2021-09-28 00:00:00,Morning,Silk Fabric,Cotton,TM005,OP004,44555,43128,41937,1191,10.92,0.99,2350.63,179.71,Color Variation,96.8,2.76,90.93,95.86,Excellent,On Target
TP100272,2021-09-29 00:00:00,Evening,Linen Fabric,Polyester,TM004,OP008,43877,37593,36133,1460,6.25,0.94,1763.55,136.87,Tear,85.68,3.88,84.96,94.17,Excellent,Moderate
TP100273,2021-09-30 00:00:00,Evening,Silk Fabric,Linen,TM002,OP005,30854,25000,23810,1190,8.99,1.54,1382.75,209.89,No Defect,81.03,4.76,82.87,92.86,Excellent,Moderate
TP100274,2021-10-01 00:00:00,Evening,Linen Fabric,Silk,TM003,OP008,54548,50608,48979,1629,10.14,2.82,2236.95,161.47,No Defect,92.78,3.22,72.19,95.17,Excellent,On Target
TP100275,2021-10-02 00:00:00,Evening,Polyester Fabric,Silk,TM002,OP002,35855,36071,34216,1855,7.51,0.14,2060.99,70.36,Thread Breakage,100,5.14,98.14,92.29,Excellent,On Target
TP100276,2021-10-03 00:00:00,Night,Denim Fabric,Silk,TM006,OP007,37392,35676,33500,2176,7.85,1.06,1800.82,144.45,Thread Breakage,95.41,6.1,86.5,90.85,Excellent,On Target
TP100277,2021-10-04 00:00:00,Night,Denim Fabric,Cotton,TM006,OP003,52912,45386,44703,683,9.68,2.57,2183.48,298.52,Uneven Weaving,85.78,1.5,73.45,97.74,Excellent,Moderate
TP100278,2021-10-05 00:00:00,Evening,Cotton Fabric,Silk,TM001,OP001,58050,45797,44224,1573,11.39,1.19,2459.82,62.13,Tear,78.89,3.43,89.55,94.85,Excellent,Moderate
TP100279,2021-10-06 00:00:00,Morning,Linen Fabric,Cotton,TM002,OP008,43949,39141,37907,1234,10.86,0.6,1868.97,224.17,Thread Breakage,89.06,3.15,94.48,95.27,Excellent,Moderate
TP100280,2021-10-07 00:00:00,Evening,Silk Fabric,Linen,TM002,OP005,51633,45894,43614,2280,9.5,1.27,2255.42,260.3,Color Variation,88.89,4.97,86.63,92.55,Excellent,Moderate
TP100281,2021-10-08 00:00:00,Night,Polyester Fabric,Polyester,TM006,OP006,51556,42903,41992,911,10.38,1.16,2520.45,212.18,Tear,83.22,2.12,88.82,96.81,Excellent,Moderate
TP100282,2021-10-09 00:00:00,Morning,Polyester Fabric,Polyester,TM003,OP004,48091,45137,43033,2104,8.19,2.75,2183.54,192.44,No Defect,93.86,4.66,66.42,93.01,Excellent,On Target
TP100283,2021-10-10 00:00:00,Night,Polyester Fabric,Cotton,TM003,OP006,57353,59031,55369,3662,9.85,2.29,2967.26,226.89,Color Variation,100,6.2,76.75,90.69,Excellent,On Target
TP100284,2021-10-11 00:00:00,Evening,Denim Fabric,Cotton,TM005,OP005,35791,32769,31715,1054,8.8,1.52,1759.69,157.34,Tear,91.56,3.22,82.73,95.18,Excellent,On Target
TP100285,2021-10-12 00:00:00,Night,Silk Fabric,Linen,TM003,OP007,56309,51311,48016,3295,7.14,2.97,2252.25,72.84,No Defect,91.12,6.42,58.4,90.37,Excellent,On Target
TP100286,2021-10-13 00:00:00,Night,Polyester Fabric,Silk,TM002,OP006,51919,43321,40308,3013,10.21,1.4,2005.88,290.59,Thread Breakage,83.44,6.96,86.29,89.57,Good,Moderate
TP100287,2021-10-14 00:00:00,Night,Polyester Fabric,Linen,TM001,OP004,34931,34855,34440,415,9.34,0.17,1896.27,158.08,Color Variation,99.78,1.19,98.18,98.21,Excellent,On Target
TP100288,2021-10-15 00:00:00,Morning,Cotton Fabric,Polyester,TM003,OP005,49894,44642,43743,899,8.15,0.79,2212.78,216.35,Color Variation,89.47,2.01,90.31,96.98,Excellent,Moderate
TP100289,2021-10-16 00:00:00,Night,Linen Fabric,Polyester,TM006,OP001,30202,25958,24225,1733,11.47,1.31,1438.29,182.83,No Defect,85.95,6.68,88.58,89.99,Good,Moderate
TP100290,2021-10-17 00:00:00,Morning,Linen Fabric,Silk,TM006,OP001,41447,37487,34964,2523,6.13,0.47,1822.74,63.67,Color Variation,90.45,6.73,92.33,89.9,Good,On Target
TP100291,2021-10-18 00:00:00,Evening,Linen Fabric,Polyester,TM005,OP003,50602,47214,46678,536,7.89,2.84,2125.75,288.19,Thread Breakage,93.3,1.14,64.01,98.3,Excellent,On Target
TP100292,2021-10-19 00:00:00,Evening,Cotton Fabric,Cotton,TM005,OP001,42688,38835,38603,232,6.34,2.3,2080.98,248.13,Thread Breakage,90.97,0.6,63.72,99.1,Excellent,On Target
TP100293,2021-10-20 00:00:00,Night,Denim Fabric,Polyester,TM002,OP005,55342,54480,53637,843,10.6,0.8,2563.46,87.27,Thread Breakage,98.44,1.55,92.45,97.68,Excellent,On Target
TP100294,2021-10-21 00:00:00,Morning,Cotton Fabric,Denim,TM003,OP007,34389,31874,29651,2223,10.21,1.77,1660.22,295.41,No Defect,92.69,6.97,82.66,89.54,Good,On Target
TP100295,2021-10-22 00:00:00,Evening,Polyester Fabric,Silk,TM003,OP005,32327,28452,27977,475,7.99,2.16,1520.64,234.23,Stain,88.01,1.67,72.97,97.5,Excellent,Moderate
TP100296,2021-10-23 00:00:00,Morning,Silk Fabric,Silk,TM005,OP001,38004,35271,33942,1329,10.05,2.82,1547.48,168.08,Stain,92.81,3.77,71.94,94.35,Excellent,On Target
TP100297,2021-10-24 00:00:00,Morning,Polyester Fabric,Silk,TM003,OP002,49315,46108,43335,2773,8.38,2.64,2287.79,202.84,Color Variation,93.5,6.01,68.5,90.98,Excellent,On Target
TP100298,2021-10-25 00:00:00,Night,Polyester Fabric,Denim,TM002,OP005,37777,30571,30378,193,10.54,1.55,1592.95,76.68,Thread Breakage,80.92,0.63,85.29,99.05,Excellent,Moderate
TP100299,2021-10-26 00:00:00,Night,Silk Fabric,Linen,TM001,OP003,30197,29607,28296,1311,8.73,2.32,1497.3,190.1,Color Variation,98.05,4.43,73.42,93.36,Excellent,On Target
TP100300,2021-10-27 00:00:00,Morning,Linen Fabric,Cotton,TM006,OP002,53509,47031,45949,1082,8.47,1.69,2510.49,68.42,No Defect,87.89,2.3,80.05,96.55,Excellent,Moderate
TP100301,2021-10-28 00:00:00,Morning,Cotton Fabric,Silk,TM002,OP001,31930,28122,26405,1717,11.61,1.66,1584.52,186.21,Color Variation,88.07,6.11,85.7,90.84,Excellent,Moderate
TP100302,2021-10-29 00:00:00,Night,Denim Fabric,Polyester,TM003,OP007,41774,39794,38862,932,7.51,0.34,1772.07,188.17,Uneven Weaving,95.26,2.34,95.47,96.49,Excellent,On Target
TP100303,2021-10-30 00:00:00,Morning,Polyester Fabric,Cotton,TM002,OP004,45087,42936,40805,2131,6.72,0.38,2092.14,268.61,Stain,95.23,4.96,94.35,92.56,Excellent,On Target
TP100304,2021-10-31 00:00:00,Night,Polyester Fabric,Polyester,TM006,OP005,52671,44820,42632,2188,9.51,1.59,2056.58,231.26,Color Variation,85.09,4.88,83.28,92.68,Excellent,Moderate
TP100305,2021-11-01 00:00:00,Morning,Denim Fabric,Cotton,TM004,OP004,55184,52767,51743,1024,11.82,0.81,2801.71,112.39,Color Variation,95.62,1.94,93.15,97.09,Excellent,On Target
TP100306,2021-11-02 00:00:00,Night,Cotton Fabric,Cotton,TM006,OP006,57848,49794,49432,362,8.27,0.06,2496.17,272.11,Tear,86.08,0.73,99.27,98.91,Excellent,Moderate
TP100307,2021-11-03 00:00:00,Morning,Polyester Fabric,Polyester,TM006,OP003,39339,40416,39139,1277,6.37,2.17,1784.64,193.31,Color Variation,100,3.16,65.93,95.26,Excellent,On Target
TP100308,2021-11-04 00:00:00,Night,Denim Fabric,Polyester,TM004,OP002,50666,42662,41647,1015,8.04,0.1,2205.09,201.59,Uneven Weaving,84.2,2.38,98.76,96.43,Excellent,Moderate
TP100309,2021-11-05 00:00:00,Morning,Polyester Fabric,Cotton,TM003,OP008,41589,38127,35932,2195,9.04,1.79,2128.25,92.25,Stain,91.68,5.76,80.2,91.36,Excellent,On Target
TP100310,2021-11-06 00:00:00,Evening,Linen Fabric,Silk,TM003,OP004,48895,41329,38972,2357,6.97,1.62,2080.69,264.44,Tear,84.53,5.7,76.76,91.45,Excellent,Moderate
TP100311,2021-11-07 00:00:00,Evening,Linen Fabric,Polyester,TM001,OP008,45708,48249,46574,1675,9.95,2.91,2527.28,282.74,No Defect,100,3.47,70.75,94.79,Excellent,On Target
TP100312,2021-11-08 00:00:00,Morning,Polyester Fabric,Denim,TM006,OP003,56370,45849,43812,2037,11.99,1.45,2594.4,243.75,No Defect,81.34,4.44,87.91,93.34,Excellent,Moderate
TP100313,2021-11-09 00:00:00,Evening,Polyester Fabric,Denim,TM002,OP004,47043,44065,42114,1951,8.71,0.19,1945.85,285.19,Stain,93.67,4.43,97.82,93.36,Excellent,On Target
TP100314,2021-11-10 00:00:00,Morning,Linen Fabric,Cotton,TM001,OP004,32811,27842,26206,1636,8.13,1.66,1289.7,125.57,No Defect,84.86,5.88,79.58,91.19,Excellent,Moderate
TP100315,2021-11-11 00:00:00,Morning,Polyester Fabric,Linen,TM003,OP003,53482,46808,45281,1527,8.4,2.52,2324.68,265.28,Uneven Weaving,87.52,3.26,70,95.11,Excellent,Moderate
TP100316,2021-11-12 00:00:00,Evening,Cotton Fabric,Cotton,TM003,OP008,44243,41223,40279,944,6.69,2.99,1998.31,172.22,Color Variation,93.17,2.29,55.31,96.57,Excellent,On Target
TP100317,2021-11-13 00:00:00,Morning,Cotton Fabric,Cotton,TM005,OP005,36546,36024,35223,801,11.3,1.29,1728.36,90.98,Stain,98.57,2.22,88.58,96.66,Excellent,On Target
TP100318,2021-11-14 00:00:00,Night,Silk Fabric,Silk,TM001,OP004,55945,56708,54448,2260,8.49,0.96,2696.36,217.2,Tear,100,3.99,88.69,94.02,Excellent,On Target
TP100319,2021-11-15 00:00:00,Morning,Cotton Fabric,Silk,TM003,OP003,31986,25346,24479,867,8.32,2.72,1505.52,221.03,Color Variation,79.24,3.42,67.31,94.87,Excellent,Moderate
TP100320,2021-11-16 00:00:00,Morning,Polyester Fabric,Linen,TM004,OP004,38338,35223,34039,1184,9.96,0.57,1930.14,121.73,No Defect,91.87,3.36,94.28,94.96,Excellent,On Target
TP100321,2021-11-17 00:00:00,Evening,Polyester Fabric,Linen,TM005,OP007,41411,41501,41048,453,8.65,1.85,2352.26,56.87,No Defect,100,1.09,78.61,98.36,Excellent,On Target
TP100322,2021-11-18 00:00:00,Night,Denim Fabric,Linen,TM002,OP008,32911,25737,24406,1331,9.89,1.22,1551.21,99.96,Tear,78.2,5.17,87.66,92.24,Excellent,Moderate
TP100323,2021-11-19 00:00:00,Morning,Cotton Fabric,Linen,TM005,OP005,31734,29259,28706,553,6.37,0.12,1619.32,149.94,Uneven Weaving,92.2,1.89,98.12,97.16,Excellent,On Target
TP100324,2021-11-20 00:00:00,Morning,Linen Fabric,Linen,TM006,OP007,48227,43397,42624,773,10.88,1.04,2264.7,91.89,Tear,89.98,1.78,90.44,97.33,Excellent,Moderate
TP100325,2021-11-21 00:00:00,Morning,Linen Fabric,Cotton,TM006,OP007,38680,35934,34790,1144,11.64,0.8,1990.71,98.51,Stain,92.9,3.18,93.13,95.22,Excellent,On Target
TP100326,2021-11-22 00:00:00,Morning,Silk Fabric,Cotton,TM002,OP003,49360,41756,40929,827,9.89,2.06,2376.66,147.85,Tear,84.59,1.98,79.17,97.03,Excellent,Moderate
TP100327,2021-11-23 00:00:00,Morning,Denim Fabric,Denim,TM004,OP007,48343,38651,36991,1660,11.73,2.85,1969.54,290.45,No Defect,79.95,4.29,75.7,93.56,Excellent,Moderate
TP100328,2021-11-24 00:00:00,Morning,Linen Fabric,Denim,TM002,OP004,35759,27394,26596,798,6.91,0.8,1463.5,241.06,Uneven Weaving,76.61,2.91,88.42,95.63,Excellent,Moderate
TP100329,2021-11-25 00:00:00,Night,Silk Fabric,Polyester,TM001,OP008,53078,51398,49641,1757,8.86,2.43,2327.79,129.94,Uneven Weaving,96.83,3.42,72.57,94.87,Excellent,On Target
TP100330,2021-11-26 00:00:00,Night,Cotton Fabric,Cotton,TM002,OP001,32385,31649,30386,1263,9.61,0.17,1824.74,287.9,Thread Breakage,97.73,3.99,98.23,94.01,Excellent,On Target
TP100331,2021-11-27 00:00:00,Morning,Denim Fabric,Linen,TM002,OP005,41111,37871,37181,690,9.49,1.61,1808.44,211.41,Tear,92.12,1.82,83.03,97.27,Excellent,On Target
TP100332,2021-11-28 00:00:00,Morning,Denim Fabric,Polyester,TM005,OP004,34736,29964,29511,453,8.41,0.21,1322.67,163.86,Stain,86.26,1.51,97.5,97.73,Excellent,Moderate
TP100333,2021-11-29 00:00:00,Evening,Polyester Fabric,Silk,TM004,OP002,31802,25009,23453,1556,8.03,2.8,1275.84,167.08,No Defect,78.64,6.22,65.13,90.67,Excellent,Moderate
TP100334,2021-11-30 00:00:00,Night,Cotton Fabric,Cotton,TM002,OP003,38155,35844,34654,1190,6.76,2.3,1680.41,152.69,Color Variation,93.94,3.32,65.98,95.02,Excellent,On Target
TP100335,2021-12-01 00:00:00,Night,Denim Fabric,Denim,TM001,OP004,38120,31371,30374,997,8.35,1.97,1440.1,108.25,Uneven Weaving,82.3,3.18,76.41,95.23,Excellent,Moderate
TP100336,2021-12-02 00:00:00,Morning,Silk Fabric,Cotton,TM005,OP005,36616,31131,30903,228,6.98,2.47,1785.9,146.66,Tear,85.02,0.73,64.61,98.9,Excellent,Moderate
TP100337,2021-12-03 00:00:00,Night,Linen Fabric,Cotton,TM004,OP007,44257,38014,36593,1421,10.41,1.94,1712.24,181.97,Thread Breakage,85.89,3.74,81.36,94.39,Excellent,Moderate
TP100338,2021-12-04 00:00:00,Night,Cotton Fabric,Cotton,TM004,OP005,44486,39422,37805,1617,7.25,2.91,1818.5,182.01,Stain,88.62,4.1,59.86,93.85,Excellent,Moderate
TP100339,2021-12-05 00:00:00,Evening,Cotton Fabric,Cotton,TM003,OP002,51918,43968,42151,1817,6.35,2.14,2053.35,240.43,Stain,84.69,4.13,66.3,93.8,Excellent,Moderate
TP100340,2021-12-06 00:00:00,Evening,Denim Fabric,Silk,TM006,OP007,50445,45519,43199,2320,9.31,2.77,2426.81,139.7,No Defect,90.23,5.1,70.25,92.35,Excellent,On Target
TP100341,2021-12-07 00:00:00,Night,Denim Fabric,Denim,TM001,OP002,57945,49628,48807,821,9.57,1.55,2438.26,229.2,Uneven Weaving,85.65,1.65,83.8,97.52,Excellent,Moderate
TP100342,2021-12-08 00:00:00,Night,Denim Fabric,Cotton,TM006,OP006,46646,44272,43325,947,11.23,0.35,2145.69,194.52,No Defect,94.91,2.14,96.88,96.79,Excellent,On Target
TP100343,2021-12-09 00:00:00,Night,Silk Fabric,Silk,TM005,OP006,44075,42849,40377,2472,9.46,1.58,2082.39,290.46,Thread Breakage,97.22,5.77,83.3,91.35,Excellent,On Target
TP100344,2021-12-10 00:00:00,Morning,Polyester Fabric,Polyester,TM005,OP004,52671,47804,44622,3182,8.07,0.38,2249.63,146.32,Color Variation,90.76,6.66,95.29,90.02,Excellent,On Target
TP100345,2021-12-11 00:00:00,Evening,Denim Fabric,Cotton,TM001,OP001,55199,51467,50755,712,10.82,1.78,2861.89,275.3,Color Variation,93.24,1.38,83.55,97.92,Excellent,On Target
TP100346,2021-12-12 00:00:00,Morning,Polyester Fabric,Silk,TM004,OP007,39208,41100,39565,1535,9.24,1.45,2180.54,255.16,Color Variation,100,3.73,84.31,94.4,Excellent,On Target
TP100347,2021-12-13 00:00:00,Evening,Polyester Fabric,Linen,TM002,OP008,46371,37928,37210,718,6.48,1.87,1984.18,209.42,Stain,81.79,1.89,71.14,97.16,Excellent,Moderate
TP100348,2021-12-14 00:00:00,Evening,Cotton Fabric,Polyester,TM001,OP005,41835,34039,33736,303,9.4,0.03,1825.63,213.63,Uneven Weaving,81.36,0.89,99.68,98.66,Excellent,Moderate
TP100349,2021-12-15 00:00:00,Evening,Linen Fabric,Denim,TM005,OP008,43168,40951,39880,1071,11.45,0.58,2303.84,71.16,No Defect,94.86,2.62,94.93,96.08,Excellent,On Target
TP100350,2021-12-16 00:00:00,Night,Linen Fabric,Cotton,TM006,OP001,32049,33211,32735,476,8.38,1.47,1924.48,287.56,No Defect,100,1.43,82.46,97.85,Excellent,On Target
TP100351,2021-12-17 00:00:00,Evening,Silk Fabric,Cotton,TM001,OP007,35423,31235,29637,1598,7.78,2.85,1716.11,76.73,Thread Breakage,88.18,5.12,63.37,92.33,Excellent,Moderate
TP100352,2021-12-18 00:00:00,Morning,Silk Fabric,Silk,TM004,OP007,44589,45520,43713,1807,6.86,1.15,2242.65,190.81,Color Variation,100,3.97,83.24,94.05,Excellent,On Target
TP100353,2021-12-19 00:00:00,Evening,Linen Fabric,Denim,TM003,OP007,58299,52863,52104,759,6.91,1.27,2965.96,132.52,Uneven Weaving,90.68,1.44,81.62,97.85,Excellent,On Target
TP100354,2021-12-20 00:00:00,Morning,Linen Fabric,Linen,TM003,OP007,50932,43411,43168,243,8.6,2.14,1995.18,157.46,Uneven Weaving,85.23,0.56,75.12,99.16,Excellent,Moderate
TP100355,2021-12-21 00:00:00,Evening,Cotton Fabric,Polyester,TM002,OP001,49492,41111,38746,2365,9.57,1.81,1895.57,202.55,Thread Breakage,83.07,5.75,81.09,91.37,Excellent,Moderate
TP100356,2021-12-22 00:00:00,Evening,Cotton Fabric,Denim,TM002,OP004,59855,56507,55577,930,6.48,0.9,2574.76,277.21,Tear,94.41,1.65,86.11,97.53,Excellent,On Target
TP100357,2021-12-23 00:00:00,Night,Linen Fabric,Cotton,TM004,OP003,58666,49042,46864,2178,11.64,1.23,2739.33,164.39,Uneven Weaving,83.6,4.44,89.43,93.34,Excellent,Moderate
TP100358,2021-12-24 00:00:00,Morning,Denim Fabric,Silk,TM006,OP003,37158,33654,32749,905,10.53,0.65,1648.85,296.93,Uneven Weaving,90.57,2.69,93.83,95.97,Excellent,On Target
TP100359,2021-12-25 00:00:00,Evening,Denim Fabric,Linen,TM002,OP003,40248,40684,38932,1752,9.52,2.9,2024.9,198.2,No Defect,100,4.31,69.54,93.54,Excellent,On Target
TP100360,2021-12-26 00:00:00,Evening,Cotton Fabric,Silk,TM003,OP002,37400,32857,32019,838,10.97,0.39,1483.09,90.14,Thread Breakage,87.85,2.55,96.44,96.17,Excellent,Moderate
TP100361,2021-12-27 00:00:00,Morning,Polyester Fabric,Polyester,TM004,OP007,49554,49157,48633,524,6.48,1.12,2346.39,97.5,Uneven Weaving,99.2,1.07,82.72,98.4,Excellent,On Target
TP100362,2021-12-28 00:00:00,Evening,Linen Fabric,Denim,TM004,OP007,39874,32497,31864,633,8.86,0.08,1608.61,229.03,Uneven Weaving,81.5,1.95,99.1,97.08,Excellent,Moderate
TP100363,2021-12-29 00:00:00,Night,Silk Fabric,Silk,TM004,OP005,45151,38948,38277,671,9.78,0.67,1851.7,62.6,No Defect,86.26,1.72,93.15,97.42,Excellent,Moderate
TP100364,2021-12-30 00:00:00,Morning,Denim Fabric,Silk,TM001,OP002,48639,38984,37704,1280,10.97,2.34,2189.52,170.09,Uneven Weaving,80.15,3.28,78.67,95.07,Excellent,Moderate
TP100365,2021-12-31 00:00:00,Night,Polyester Fabric,Cotton,TM006,OP005,31154,28198,26850,1348,10.7,0.6,1677.2,87.05,No Defect,90.51,4.78,94.39,92.83,Excellent,On Target
TP100366,2022-01-01 00:00:00,Morning,Denim Fabric,Silk,TM006,OP008,34499,32933,32204,729,7.66,0.24,1579.72,158.3,Tear,95.46,2.21,96.87,96.68,Excellent,On Target
TP100367,2022-01-02 00:00:00,Morning,Polyester Fabric,Linen,TM002,OP006,36295,32857,32667,190,11.65,1.42,1849.15,237.48,Stain,90.53,0.58,87.81,99.13,Excellent,On Target
TP100368,2022-01-03 00:00:00,Morning,Linen Fabric,Denim,TM006,OP005,52581,51839,49831,2008,6.75,0.03,2904.36,164.7,No Defect,98.59,3.87,99.56,94.19,Excellent,On Target
TP100369,2022-01-04 00:00:00,Evening,Linen Fabric,Polyester,TM005,OP005,57767,48961,46788,2173,11.25,0.25,2287.23,90.86,No Defect,84.76,4.44,97.78,93.34,Excellent,Moderate
TP100370,2022-01-05 00:00:00,Morning,Linen Fabric,Silk,TM003,OP008,56272,51532,48049,3483,11.83,2.42,2794.44,112.98,Uneven Weaving,91.58,6.76,79.54,89.86,Good,On Target
TP100371,2022-01-06 00:00:00,Morning,Cotton Fabric,Linen,TM002,OP004,42183,36407,34830,1577,7.06,2.31,1786.12,141.88,No Defect,86.31,4.33,67.28,93.5,Excellent,Moderate
TP100372,2022-01-07 00:00:00,Morning,Polyester Fabric,Polyester,TM006,OP003,59299,54870,52915,1955,10.33,2.75,2450.99,67.39,Thread Breakage,92.53,3.56,73.38,94.66,Excellent,On Target
TP100373,2022-01-08 00:00:00,Night,Silk Fabric,Linen,TM003,OP007,42874,40098,38403,1695,6.24,2.56,2119.27,196.08,Color Variation,93.53,4.23,58.97,93.66,Excellent,On Target
TP100374,2022-01-09 00:00:00,Morning,Silk Fabric,Silk,TM002,OP002,48032,45187,42236,2951,8.43,2.05,2493.55,201.88,Color Variation,94.08,6.53,75.68,90.2,Excellent,On Target
TP100375,2022-01-10 00:00:00,Evening,Linen Fabric,Silk,TM005,OP006,35539,29322,27597,1725,9.1,0.16,1678.35,65.54,Tear,82.51,5.88,98.24,91.18,Excellent,Moderate
TP100376,2022-01-11 00:00:00,Morning,Silk Fabric,Denim,TM003,OP008,39637,33205,32342,863,9.48,2.35,1852.86,150.58,No Defect,83.77,2.6,75.21,96.1,Excellent,Moderate
TP100377,2022-01-12 00:00:00,Morning,Denim Fabric,Cotton,TM005,OP002,50583,43031,42152,879,11.62,2.54,2504.1,153.5,Thread Breakage,85.07,2.04,78.14,96.94,Excellent,Moderate
TP100378,2022-01-13 00:00:00,Night,Polyester Fabric,Linen,TM003,OP007,58499,51671,50531,1140,10.03,2.4,2916.72,133.45,Uneven Weaving,88.33,2.21,76.07,96.69,Excellent,Moderate
TP100379,2022-01-14 00:00:00,Evening,Polyester Fabric,Cotton,TM001,OP004,54829,49681,47804,1877,8.89,1.53,2539.53,189.43,Uneven Weaving,90.61,3.78,82.79,94.33,Excellent,On Target
TP100380,2022-01-15 00:00:00,Evening,Polyester Fabric,Cotton,TM001,OP005,45586,43287,40977,2310,10.86,0.7,2301.88,136.49,Stain,94.96,5.34,93.55,92,Excellent,On Target
TP100381,2022-01-16 00:00:00,Evening,Denim Fabric,Polyester,TM003,OP008,57759,48554,46723,1831,11.7,2.54,2326.69,154.1,Tear,84.06,3.77,78.29,94.34,Excellent,Moderate
TP100382,2022-01-17 00:00:00,Morning,Cotton Fabric,Polyester,TM003,OP006,32557,25653,25412,241,6.13,2.18,1195.41,249.38,Thread Breakage,78.79,0.94,64.44,98.59,Excellent,Moderate
TP100383,2022-01-18 00:00:00,Morning,Denim Fabric,Linen,TM005,OP003,35592,37404,35458,1946,11.9,2.94,1701.53,90.53,Thread Breakage,100,5.2,75.29,92.2,Excellent,On Target
TP100384,2022-01-19 00:00:00,Evening,Polyester Fabric,Cotton,TM006,OP007,46482,38152,35963,2189,6.52,0.47,1956.37,204.78,Uneven Weaving,82.08,5.74,92.79,91.39,Excellent,Moderate
TP100385,2022-01-20 00:00:00,Evening,Polyester Fabric,Denim,TM004,OP001,32200,30865,30130,735,10.89,0.68,1724.86,176.4,Stain,95.85,2.38,93.76,96.43,Excellent,On Target
TP100386,2022-01-21 00:00:00,Night,Polyester Fabric,Cotton,TM003,OP001,44172,39851,37931,1920,7.68,0.64,1934.2,126.27,Uneven Weaving,90.22,4.82,91.67,92.77,Excellent,On Target
TP100387,2022-01-22 00:00:00,Evening,Silk Fabric,Polyester,TM002,OP004,32961,30245,29255,990,6.79,2.38,1559.69,231.88,Stain,91.76,3.27,64.95,95.09,Excellent,On Target
TP100388,2022-01-23 00:00:00,Morning,Cotton Fabric,Cotton,TM002,OP003,44207,39782,37284,2498,8.64,0.56,2247.55,187.8,Color Variation,89.99,6.28,93.52,90.58,Excellent,Moderate
TP100389,2022-01-24 00:00:00,Morning,Denim Fabric,Silk,TM002,OP001,51357,44838,42150,2688,9.86,0.2,2003.04,169.34,Thread Breakage,87.31,5.99,97.97,91.01,Excellent,Moderate
TP100390,2022-01-25 00:00:00,Morning,Polyester Fabric,Silk,TM001,OP001,50817,47386,45531,1855,8.29,3,2483.72,216.92,Color Variation,93.25,3.91,63.81,94.13,Excellent,On Target
TP100391,2022-01-26 00:00:00,Night,Linen Fabric,Denim,TM006,OP008,41969,36484,34662,1822,6.33,0.07,2024.34,250.57,Uneven Weaving,86.93,4.99,98.89,92.51,Excellent,Moderate
TP100392,2022-01-27 00:00:00,Evening,Cotton Fabric,Linen,TM005,OP008,32869,32266,30252,2014,9.6,2.51,1461.34,293.17,Tear,98.17,6.24,73.85,90.64,Excellent,On Target
TP100393,2022-01-28 00:00:00,Morning,Linen Fabric,Cotton,TM006,OP007,57810,54329,52307,2022,11.41,1.1,2418.79,207.34,No Defect,93.98,3.72,90.36,94.42,Excellent,On Target
TP100394,2022-01-29 00:00:00,Night,Cotton Fabric,Silk,TM001,OP006,58367,54980,53586,1394,8.3,2.52,2915.29,268.61,Tear,94.2,2.54,69.64,96.2,Excellent,On Target
TP100395,2022-01-30 00:00:00,Night,Polyester Fabric,Linen,TM006,OP006,47340,40925,38716,2209,7.3,1.66,2140.67,50.27,Tear,86.45,5.4,77.26,91.9,Excellent,Moderate
TP100396,2022-01-31 00:00:00,Morning,Cotton Fabric,Silk,TM006,OP007,43992,38865,38115,750,8.66,2.7,1963.88,182.56,No Defect,88.35,1.93,68.82,97.11,Excellent,Moderate
TP100397,2022-02-01 00:00:00,Night,Cotton Fabric,Linen,TM002,OP002,58643,47902,46453,1449,6.29,2.78,2308.95,103.66,Thread Breakage,81.68,3.02,55.8,95.46,Excellent,Moderate
TP100398,2022-02-02 00:00:00,Night,Polyester Fabric,Linen,TM003,OP007,54736,47910,44974,2936,10.92,0.03,2783.46,73.55,Color Variation,87.53,6.13,99.73,90.81,Excellent,Moderate
TP100399,2022-02-03 00:00:00,Morning,Linen Fabric,Silk,TM002,OP003,35699,29539,28000,1539,10.96,0.23,1536.86,182.99,Color Variation,82.74,5.21,97.9,92.18,Excellent,Moderate
TP100400,2022-02-04 00:00:00,Night,Linen Fabric,Polyester,TM006,OP001,53328,52897,51244,1653,9.53,0.75,2321.61,236.71,Thread Breakage,99.19,3.12,92.13,95.31,Excellent,On Target
TP100401,2022-02-05 00:00:00,Morning,Silk Fabric,Linen,TM003,OP006,50877,45969,45098,871,8.12,2.01,2523.78,153.07,No Defect,90.35,1.89,75.25,97.16,Excellent,On Target
TP100402,2022-02-06 00:00:00,Morning,Linen Fabric,Cotton,TM005,OP007,55876,50955,49521,1434,10.8,2.66,2328.26,217.53,Stain,91.19,2.81,75.37,95.78,Excellent,On Target
TP100403,2022-02-07 00:00:00,Night,Linen Fabric,Silk,TM004,OP006,51295,45357,44293,1064,9.33,1.38,2072.55,172.43,Tear,88.42,2.35,85.21,96.48,Excellent,Moderate
TP100404,2022-02-08 00:00:00,Morning,Cotton Fabric,Polyester,TM003,OP006,33987,31058,30547,511,10.96,1.82,1635.36,159.27,Uneven Weaving,91.38,1.65,83.39,97.53,Excellent,On Target
TP100405,2022-02-09 00:00:00,Morning,Silk Fabric,Silk,TM001,OP008,56103,60000,56801,3199,9.79,0.57,2837.73,122.56,Color Variation,100,5.33,94.18,92,Excellent,On Target
TP100406,2022-02-10 00:00:00,Evening,Polyester Fabric,Denim,TM002,OP002,52399,46058,45073,985,10.71,2.41,2521.29,145.65,Thread Breakage,87.9,2.14,77.5,96.79,Excellent,Moderate
TP100407,2022-02-11 00:00:00,Morning,Polyester Fabric,Cotton,TM002,OP003,43446,37123,35841,1282,9.59,2.9,1805.22,137.45,Uneven Weaving,85.45,3.45,69.76,94.82,Excellent,Moderate
TP100408,2022-02-12 00:00:00,Evening,Denim Fabric,Denim,TM006,OP005,31218,29254,28374,880,8.48,0.81,1344.54,211.55,No Defect,93.71,3.01,90.45,95.49,Excellent,On Target
TP100409,2022-02-13 00:00:00,Evening,Silk Fabric,Linen,TM006,OP006,50880,36796,34263,2533,11.75,1.48,1968.83,79,Uneven Weaving,72.32,6.88,87.4,89.67,Good,Below Target
TP100410,2022-02-14 00:00:00,Evening,Cotton Fabric,Linen,TM006,OP003,34735,31417,30461,956,9.25,0.26,1584.23,73.16,Uneven Weaving,90.45,3.04,97.19,95.44,Excellent,On Target
TP100411,2022-02-15 00:00:00,Evening,Denim Fabric,Denim,TM006,OP004,41296,36092,35724,368,9.63,1.68,1693.04,215,Tear,87.4,1.02,82.55,98.47,Excellent,Moderate
TP100412,2022-02-16 00:00:00,Night,Denim Fabric,Denim,TM002,OP002,57311,47599,47083,516,7.32,1.51,2463.78,186.57,No Defect,83.05,1.08,79.37,98.37,Excellent,Moderate
TP100413,2022-02-17 00:00:00,Night,Polyester Fabric,Linen,TM003,OP005,34555,32328,30925,1403,9.75,0.43,1860.11,157.55,Uneven Weaving,93.56,4.34,95.59,93.49,Excellent,On Target
TP100414,2022-02-18 00:00:00,Morning,Linen Fabric,Polyester,TM005,OP006,39146,35379,33824,1555,9.43,1.33,1968.39,88.11,Color Variation,90.38,4.4,85.9,93.41,Excellent,On Target
TP100415,2022-02-19 00:00:00,Morning,Cotton Fabric,Cotton,TM003,OP007,38050,29444,28495,949,7.11,1,1476.74,152.76,No Defect,77.38,3.22,85.94,95.17,Excellent,Moderate
TP100416,2022-02-20 00:00:00,Morning,Silk Fabric,Silk,TM001,OP006,42757,36546,35337,1209,6.36,1.57,1629.97,247.43,Color Variation,85.47,3.31,75.31,95.04,Excellent,Moderate
TP100417,2022-02-21 00:00:00,Night,Denim Fabric,Denim,TM002,OP002,49830,34772,34476,296,9.63,1.76,1611.41,272.41,Thread Breakage,69.78,0.85,81.72,98.72,Excellent,Below Target
TP100418,2022-02-22 00:00:00,Evening,Cotton Fabric,Cotton,TM003,OP008,47429,43660,41976,1684,10.58,0.03,2207.87,225.64,Thread Breakage,92.05,3.86,99.72,94.21,Excellent,On Target
TP100419,2022-02-23 00:00:00,Night,Polyester Fabric,Silk,TM002,OP002,36893,33935,32652,1283,9.14,2.28,1676.53,64.98,Stain,91.98,3.78,75.05,94.33,Excellent,On Target
TP100420,2022-02-24 00:00:00,Night,Denim Fabric,Silk,TM001,OP001,48077,40600,40002,598,7.36,2.14,2135.78,217.6,Thread Breakage,84.45,1.47,70.92,97.79,Excellent,Moderate
TP100421,2022-02-25 00:00:00,Morning,Denim Fabric,Denim,TM004,OP006,44373,41613,41124,489,10,1.1,2325.9,110.25,Uneven Weaving,93.78,1.18,89,98.24,Excellent,On Target
TP100422,2022-02-26 00:00:00,Morning,Polyester Fabric,Polyester,TM004,OP008,44565,36108,35637,471,6.48,0.16,1897.8,128.81,No Defect,81.02,1.3,97.53,98.04,Excellent,Moderate
TP100423,2022-02-27 00:00:00,Morning,Polyester Fabric,Polyester,TM004,OP003,33436,27830,27508,322,8.65,2.26,1455.35,98.97,Thread Breakage,83.23,1.16,73.87,98.26,Excellent,Moderate
TP100424,2022-02-28 00:00:00,Evening,Polyester Fabric,Cotton,TM002,OP002,38754,36010,34403,1607,6.98,2.87,1792.82,243.94,Color Variation,92.92,4.46,58.88,93.31,Excellent,On Target
TP100425,2022-03-01 00:00:00,Evening,Cotton Fabric,Cotton,TM003,OP002,40677,34648,34032,616,7.11,0.72,1531.59,212.15,Uneven Weaving,85.18,1.78,89.87,97.33,Excellent,Moderate
TP100426,2022-03-02 00:00:00,Night,Cotton Fabric,Linen,TM002,OP004,35895,32148,31462,686,7.21,0.97,1644.64,202.96,Thread Breakage,89.56,2.13,86.55,96.8,Excellent,Moderate
TP100427,2022-03-03 00:00:00,Evening,Cotton Fabric,Polyester,TM005,OP004,49738,42802,42105,697,8.32,0.55,2154.7,216.99,Tear,86.05,1.63,93.39,97.56,Excellent,Moderate
TP100428,2022-03-04 00:00:00,Morning,Linen Fabric,Cotton,TM003,OP004,46609,40607,37876,2731,6.31,1.73,2259,109.19,Color Variation,87.12,6.73,72.58,89.91,Good,Moderate
TP100429,2022-03-05 00:00:00,Evening,Denim Fabric,Linen,TM001,OP002,45636,39899,37483,2416,8.39,0.46,1751.74,161.16,Color Variation,87.43,6.06,94.52,90.92,Excellent,Moderate
TP100430,2022-03-06 00:00:00,Evening,Cotton Fabric,Silk,TM006,OP005,51277,43612,42741,871,9.07,1.07,2054.77,208.31,Stain,85.05,2,88.2,97,Excellent,Moderate
TP100431,2022-03-07 00:00:00,Evening,Linen Fabric,Cotton,TM004,OP008,37022,34104,33207,897,8.9,2.09,1616.8,209.15,Tear,92.12,2.63,76.52,96.05,Excellent,On Target
TP100432,2022-03-08 00:00:00,Evening,Denim Fabric,Linen,TM003,OP003,39151,33515,32890,625,8.3,1.68,1745.21,247.96,Stain,85.6,1.86,79.76,97.2,Excellent,Moderate
TP100433,2022-03-09 00:00:00,Morning,Cotton Fabric,Polyester,TM003,OP002,35600,32079,30893,1186,11.03,1.16,1658.55,121.78,Thread Breakage,90.11,3.7,89.48,94.45,Excellent,On Target
TP100434,2022-03-10 00:00:00,Morning,Polyester Fabric,Silk,TM004,OP007,59124,50196,49881,315,6.87,1.26,2518.45,242.58,Tear,84.9,0.63,81.66,99.06,Excellent,Moderate
TP100435,2022-03-11 00:00:00,Night,Silk Fabric,Cotton,TM001,OP007,57643,45688,43466,2222,9.03,1.69,2558.86,160.05,Color Variation,79.26,4.86,81.28,92.7,Excellent,Moderate
TP100436,2022-03-12 00:00:00,Night,Cotton Fabric,Polyester,TM002,OP001,37996,36623,35195,1428,6.37,0.02,1725.84,217.54,Stain,96.39,3.9,99.69,94.15,Excellent,On Target
TP100437,2022-03-13 00:00:00,Night,Silk Fabric,Silk,TM002,OP007,39007,36470,34157,2313,6.43,0.24,1737.02,163.93,Uneven Weaving,93.5,6.34,96.27,90.49,Excellent,On Target
TP100438,2022-03-14 00:00:00,Evening,Cotton Fabric,Denim,TM006,OP008,42946,45532,44818,714,9.44,2.64,2499.64,287.15,Tear,100,1.57,72.03,97.65,Excellent,On Target
TP100439,2022-03-15 00:00:00,Evening,Polyester Fabric,Polyester,TM003,OP008,54067,44709,42149,2560,9.4,0.23,2558.38,94.83,Color Variation,82.69,5.73,97.55,91.41,Excellent,Moderate
TP100440,2022-03-16 00:00:00,Morning,Silk Fabric,Denim,TM004,OP006,34642,30671,28939,1732,11.27,2.12,1491.87,218.75,No Defect,88.54,5.65,81.19,91.53,Excellent,Moderate
TP100441,2022-03-17 00:00:00,Night,Linen Fabric,Cotton,TM005,OP005,59887,53360,52652,708,9.35,2.76,2830.28,194.13,Tear,89.1,1.33,70.48,98.01,Excellent,Moderate
TP100442,2022-03-18 00:00:00,Morning,Polyester Fabric,Linen,TM001,OP005,41312,40042,38804,1238,11.76,0.81,1982.34,93.18,Tear,96.93,3.09,93.11,95.36,Excellent,On Target
TP100443,2022-03-19 00:00:00,Night,Silk Fabric,Cotton,TM002,OP003,37679,32574,32051,523,6.29,1.11,1570.43,66.5,Thread Breakage,86.45,1.61,82.35,97.59,Excellent,Moderate
TP100444,2022-03-20 00:00:00,Night,Silk Fabric,Polyester,TM001,OP005,38208,31255,30581,674,6.59,1.71,1634.52,249.79,Uneven Weaving,81.8,2.16,74.05,96.77,Excellent,Moderate
TP100445,2022-03-21 00:00:00,Night,Polyester Fabric,Denim,TM001,OP003,53723,52893,51723,1170,6.26,2.65,2424.22,89.36,Thread Breakage,98.46,2.21,57.67,96.68,Excellent,On Target
TP100446,2022-03-22 00:00:00,Evening,Polyester Fabric,Denim,TM006,OP007,55819,49000,46983,2017,7.11,2.83,2418.33,96.63,Tear,87.78,4.12,60.2,93.83,Excellent,Moderate
TP100447,2022-03-23 00:00:00,Night,Polyester Fabric,Silk,TM001,OP005,48589,46719,45236,1483,9.25,2.22,2088.78,294.61,Tear,96.15,3.17,76,95.24,Excellent,On Target
TP100448,2022-03-24 00:00:00,Night,Denim Fabric,Cotton,TM004,OP006,40716,38817,36232,2585,9.87,0.26,1890.74,229.32,Uneven Weaving,95.34,6.66,97.37,90.01,Excellent,On Target
TP100449,2022-03-25 00:00:00,Evening,Linen Fabric,Cotton,TM006,OP003,47453,42608,42045,563,6.27,2.01,1915.22,112.62,Uneven Weaving,89.79,1.32,67.94,98.02,Excellent,Moderate
TP100450,2022-03-26 00:00:00,Night,Cotton Fabric,Polyester,TM004,OP004,33444,29692,27664,2028,11.68,1.23,1741.74,197.74,Stain,88.78,6.83,89.47,89.75,Good,Moderate
TP100451,2022-03-27 00:00:00,Evening,Silk Fabric,Denim,TM006,OP004,40757,35564,34853,711,11.05,1.41,1897.59,183.53,Color Variation,87.26,2,87.24,97,Excellent,Moderate
TP100452,2022-03-28 00:00:00,Evening,Cotton Fabric,Polyester,TM004,OP005,44434,39943,37737,2206,7.78,0.15,2274.07,261.12,Color Variation,89.89,5.52,98.07,91.72,Excellent,Moderate
TP100453,2022-03-29 00:00:00,Morning,Polyester Fabric,Polyester,TM006,OP005,31060,29831,29025,806,6.46,0.57,1534.42,232.33,Stain,96.04,2.7,91.18,95.95,Excellent,On Target
TP100454,2022-03-30 00:00:00,Evening,Linen Fabric,Denim,TM006,OP007,48711,41124,40536,588,7.02,2.37,1875.58,257.93,Color Variation,84.42,1.43,66.24,97.86,Excellent,Moderate
TP100455,2022-03-31 00:00:00,Evening,Linen Fabric,Polyester,TM003,OP003,33420,30333,28490,1843,6.76,1.36,1537.15,102.88,Tear,90.76,6.08,79.88,90.89,Excellent,On Target
TP100456,2022-04-01 00:00:00,Evening,Denim Fabric,Denim,TM004,OP008,30301,25000,24373,627,6.74,0.9,1139.32,210.05,Stain,82.51,2.51,86.65,96.24,Excellent,Moderate
TP100457,2022-04-02 00:00:00,Night,Polyester Fabric,Polyester,TM003,OP007,42468,35266,33579,1687,9.11,1.15,1917.86,60.06,Stain,83.04,4.78,87.38,92.82,Excellent,Moderate
TP100458,2022-04-03 00:00:00,Morning,Silk Fabric,Linen,TM006,OP008,46990,42189,40425,1764,7.48,2.56,2238.85,67.24,Color Variation,89.78,4.18,65.78,93.73,Excellent,Moderate
TP100459,2022-04-04 00:00:00,Night,Denim Fabric,Polyester,TM002,OP003,49554,37799,36451,1348,8.15,2.25,1711.48,228.38,No Defect,76.28,3.57,72.39,94.65,Excellent,Moderate
TP100460,2022-04-05 00:00:00,Evening,Polyester Fabric,Polyester,TM006,OP006,30699,32057,30864,1193,11.94,0.82,1615.75,56.11,Color Variation,100,3.72,93.13,94.42,Excellent,On Target
TP100461,2022-04-06 00:00:00,Evening,Denim Fabric,Linen,TM002,OP002,51472,42026,39816,2210,10.11,0.35,2010.75,194.94,Thread Breakage,81.65,5.26,96.54,92.11,Excellent,Moderate
TP100462,2022-04-07 00:00:00,Morning,Cotton Fabric,Cotton,TM002,OP004,55715,49987,49452,535,11.69,0.76,2646.09,260.1,No Defect,89.72,1.07,93.5,98.39,Excellent,Moderate
TP100463,2022-04-08 00:00:00,Morning,Polyester Fabric,Denim,TM002,OP002,30190,29640,28204,1436,6.86,2.76,1422.01,144.99,Stain,98.18,4.84,59.77,92.73,Excellent,On Target
TP100464,2022-04-09 00:00:00,Evening,Silk Fabric,Silk,TM002,OP002,40492,33997,31847,2150,8.29,1.74,1697.35,61.21,No Defect,83.96,6.32,79.01,90.51,Excellent,Moderate
TP100465,2022-04-10 00:00:00,Evening,Silk Fabric,Linen,TM004,OP001,47364,34993,34687,306,9.33,1.6,1645.64,228.46,Tear,73.88,0.87,82.85,98.69,Excellent,Below Target
TP100466,2022-04-11 00:00:00,Night,Polyester Fabric,Cotton,TM005,OP003,32975,28650,28245,405,6.46,1.79,1691.98,282.42,Uneven Weaving,86.88,1.41,72.29,97.88,Excellent,Moderate
TP100467,2022-04-12 00:00:00,Evening,Denim Fabric,Polyester,TM004,OP001,36102,30281,28719,1562,6.03,1.1,1608.97,229.29,No Defect,83.88,5.16,81.76,92.26,Excellent,Moderate
TP100468,2022-04-13 00:00:00,Night,Linen Fabric,Cotton,TM005,OP008,47568,35231,34053,1178,10.02,2.42,1603.39,194.61,Thread Breakage,74.06,3.34,75.85,94.98,Excellent,Below Target
TP100469,2022-04-14 00:00:00,Morning,Polyester Fabric,Linen,TM004,OP001,49711,45731,44303,1428,9.85,1.57,2068.85,107.51,Uneven Weaving,91.99,3.12,84.06,95.32,Excellent,On Target
TP100470,2022-04-15 00:00:00,Night,Silk Fabric,Polyester,TM002,OP008,49778,45522,44889,633,8.46,0.35,2596.45,53.84,Tear,91.45,1.39,95.86,97.91,Excellent,On Target
TP100471,2022-04-16 00:00:00,Evening,Cotton Fabric,Cotton,TM001,OP002,54703,53607,51573,2034,8.94,0.39,2874.3,223.67,Thread Breakage,98,3.79,95.64,94.31,Excellent,On Target
TP100472,2022-04-17 00:00:00,Night,Silk Fabric,Silk,TM006,OP001,56641,46533,45918,615,8.49,1.61,2392.37,107.76,Uneven Weaving,82.15,1.32,81.04,98.02,Excellent,Moderate
TP100473,2022-04-18 00:00:00,Night,Linen Fabric,Denim,TM005,OP006,31816,25073,24171,902,6.14,2.81,1399.5,264.54,Tear,78.81,3.6,54.23,94.6,Excellent,Moderate
TP100474,2022-04-19 00:00:00,Morning,Silk Fabric,Denim,TM001,OP003,52238,45527,43040,2487,8.01,0.93,2108.32,166.59,Uneven Weaving,87.15,5.46,88.39,91.81,Excellent,Moderate
TP100475,2022-04-20 00:00:00,Night,Linen Fabric,Linen,TM002,OP002,53093,47455,46421,1034,7.06,2.61,2563.58,182.66,Uneven Weaving,89.38,2.18,63.03,96.73,Excellent,Moderate
TP100476,2022-04-21 00:00:00,Evening,Polyester Fabric,Polyester,TM005,OP003,30569,29484,28415,1069,6.59,2.29,1552.6,238.48,Color Variation,96.45,3.63,65.25,94.56,Excellent,On Target
TP100477,2022-04-22 00:00:00,Night,Silk Fabric,Polyester,TM001,OP006,35442,35397,32938,2459,11.74,0.74,1690.37,244.86,Thread Breakage,99.87,6.95,93.7,89.58,Good,On Target
TP100478,2022-04-23 00:00:00,Night,Denim Fabric,Denim,TM004,OP005,31895,31417,29858,1559,9.6,0.11,1639.35,210.66,Thread Breakage,98.5,4.96,98.85,92.56,Excellent,On Target
TP100479,2022-04-24 00:00:00,Night,Denim Fabric,Cotton,TM002,OP001,49117,45156,42461,2695,10.37,0.31,2078.14,284.61,No Defect,91.94,5.97,97.01,91.05,Excellent,On Target
TP100480,2022-04-25 00:00:00,Evening,Silk Fabric,Polyester,TM004,OP002,33863,32372,31337,1035,7.89,2.19,1462.4,295.57,Thread Breakage,95.6,3.2,72.24,95.2,Excellent,On Target
TP100481,2022-04-26 00:00:00,Night,Silk Fabric,Silk,TM004,OP008,42913,36698,34683,2015,8.36,0.6,2093.79,286.72,Thread Breakage,85.52,5.49,92.82,91.76,Excellent,Moderate
TP100482,2022-04-27 00:00:00,Evening,Cotton Fabric,Silk,TM002,OP004,37455,34151,33890,261,7.42,1.11,1622.18,256.04,Uneven Weaving,91.18,0.76,85.04,98.85,Excellent,On Target
TP100483,2022-04-28 00:00:00,Night,Silk Fabric,Polyester,TM005,OP003,34014,27776,27415,361,6.58,1.51,1491.56,226.41,Stain,81.66,1.3,77.05,98.05,Excellent,Moderate
TP100484,2022-04-29 00:00:00,Morning,Cotton Fabric,Polyester,TM006,OP007,41093,37164,36488,676,7.07,2.18,1874.68,215.83,Color Variation,90.44,1.82,69.17,97.27,Excellent,On Target
TP100485,2022-04-30 00:00:00,Morning,Cotton Fabric,Denim,TM003,OP006,48070,43561,42205,1356,10.79,0.34,2460.21,75.94,No Defect,90.62,3.11,96.85,95.33,Excellent,On Target
TP100486,2022-05-01 00:00:00,Morning,Cotton Fabric,Linen,TM003,OP001,33009,33687,31667,2020,10.07,1.22,1949.05,117.87,Color Variation,100,6,87.88,91.01,Excellent,On Target
TP100487,2022-05-02 00:00:00,Evening,Cotton Fabric,Denim,TM006,OP003,54190,47902,46584,1318,9.28,1.46,2540.4,51.42,No Defect,88.4,2.75,84.27,95.87,Excellent,Moderate
TP100488,2022-05-03 00:00:00,Evening,Polyester Fabric,Linen,TM002,OP006,46538,42178,40172,2006,8.85,1.62,2161.83,84.35,Tear,90.63,4.76,81.69,92.87,Excellent,On Target
TP100489,2022-05-04 00:00:00,Evening,Denim Fabric,Silk,TM003,OP003,40729,37332,35424,1908,11.53,2.46,1696.39,159.81,Uneven Weaving,91.66,5.11,78.66,92.33,Excellent,On Target
TP100490,2022-05-05 00:00:00,Night,Cotton Fabric,Linen,TM006,OP005,31409,27268,26093,1175,6.44,0.52,1300.78,86.63,Thread Breakage,86.82,4.31,91.93,93.54,Excellent,Moderate
TP100491,2022-05-06 00:00:00,Evening,Denim Fabric,Denim,TM001,OP007,42249,35651,34645,1006,7.68,2.42,1621.01,275.42,Thread Breakage,84.38,2.82,68.49,95.77,Excellent,Moderate
TP100492,2022-05-07 00:00:00,Evening,Cotton Fabric,Polyester,TM006,OP006,30784,30504,29207,1297,8.1,2.08,1530.55,251.42,Stain,99.09,4.25,74.32,93.62,Excellent,On Target
TP100493,2022-05-08 00:00:00,Evening,Denim Fabric,Linen,TM005,OP003,57751,48010,46702,1308,10.69,1.67,2580.89,67.9,Color Variation,83.13,2.72,84.38,95.91,Excellent,Moderate
TP100494,2022-05-09 00:00:00,Evening,Silk Fabric,Denim,TM006,OP008,38096,30745,30424,321,11.96,2.1,1630.76,112.23,Color Variation,80.7,1.04,82.44,98.43,Excellent,Moderate
TP100495,2022-05-10 00:00:00,Morning,Silk Fabric,Silk,TM004,OP007,37560,35593,33118,2475,7.44,1.24,1854.8,254.77,Color Variation,94.76,6.95,83.33,89.57,Good,On Target
TP100496,2022-05-11 00:00:00,Night,Denim Fabric,Linen,TM004,OP005,42533,41727,41173,554,11.25,0.42,2237.15,250.76,Thread Breakage,98.11,1.33,96.27,98.01,Excellent,On Target
TP100497,2022-05-12 00:00:00,Morning,Cotton Fabric,Silk,TM002,OP005,37343,32429,32114,315,10.98,2,1635.9,286.36,Color Variation,86.84,0.97,81.79,98.54,Excellent,Moderate
TP100498,2022-05-13 00:00:00,Night,Polyester Fabric,Silk,TM004,OP005,37206,32350,30341,2009,7.35,1.57,1699.77,299.39,Uneven Weaving,86.95,6.21,78.64,90.68,Excellent,Moderate
TP100499,2022-05-14 00:00:00,Night,Denim Fabric,Cotton,TM001,OP001,51980,47810,46633,1177,8.4,1.92,2411.34,294.07,No Defect,91.98,2.46,77.14,96.31,Excellent,On Target
TP100500,2022-05-15 00:00:00,Morning,Linen Fabric,Linen,TM006,OP006,35801,30447,29008,1439,8.46,1.01,1757.61,152.53,Thread Breakage,85.05,4.73,88.06,92.91,Excellent,Moderate
TP100501,2022-05-16 00:00:00,Evening,Polyester Fabric,Denim,TM001,OP003,49190,41579,40482,1097,11.87,2.72,2437.47,112.58,Uneven Weaving,84.53,2.64,77.09,96.04,Excellent,Moderate
TP100502,2022-05-17 00:00:00,Morning,Linen Fabric,Linen,TM002,OP003,46921,45118,43744,1374,7.09,1.76,2509.27,239.6,Tear,96.16,3.05,75.18,95.43,Excellent,On Target
TP100503,2022-05-18 00:00:00,Night,Denim Fabric,Linen,TM004,OP007,35986,33917,33170,747,10.79,0.26,1901.99,124.82,Uneven Weaving,94.25,2.2,97.59,96.7,Excellent,On Target
TP100504,2022-05-19 00:00:00,Night,Cotton Fabric,Silk,TM003,OP007,48225,47829,46523,1306,8.01,1.35,2252.31,251.6,Uneven Weaving,99.18,2.73,83.15,95.9,Excellent,On Target
TP100505,2022-05-20 00:00:00,Evening,Linen Fabric,Silk,TM006,OP006,59592,48408,46874,1534,10.39,2.27,2649.23,183.49,Tear,81.23,3.17,78.15,95.25,Excellent,Moderate
TP100506,2022-05-21 00:00:00,Morning,Denim Fabric,Silk,TM003,OP005,40647,35153,33331,1822,8.52,2.38,1705.23,248.48,Uneven Weaving,86.48,5.18,72.07,92.23,Excellent,Moderate
TP100507,2022-05-22 00:00:00,Night,Polyester Fabric,Silk,TM005,OP003,38716,35606,34244,1362,9.47,1.48,1848.4,118.97,No Defect,91.97,3.83,84.37,94.26,Excellent,On Target
TP100508,2022-05-23 00:00:00,Morning,Cotton Fabric,Denim,TM002,OP003,53355,44562,41606,2956,11,2.68,2566.52,177.01,Thread Breakage,83.52,6.63,75.64,90.05,Excellent,Moderate
TP100509,2022-05-24 00:00:00,Evening,Linen Fabric,Polyester,TM005,OP005,52009,49144,48764,380,10.82,0.8,2310.47,191.01,Stain,94.49,0.77,92.61,98.84,Excellent,On Target
TP100510,2022-05-25 00:00:00,Evening,Denim Fabric,Cotton,TM003,OP004,49334,48630,46797,1833,11.2,1.23,2361.63,285.78,Tear,98.57,3.77,89.02,94.35,Excellent,On Target
TP100511,2022-05-26 00:00:00,Night,Cotton Fabric,Silk,TM003,OP004,54376,46718,44710,2008,6.36,2.7,2524.66,116.65,Thread Breakage,85.92,4.3,57.55,93.55,Excellent,Moderate
TP100512,2022-05-27 00:00:00,Evening,Cotton Fabric,Silk,TM003,OP005,42323,38205,35729,2476,10.15,2.69,1700.18,284.17,Color Variation,90.27,6.48,73.5,90.28,Excellent,On Target
TP100513,2022-05-28 00:00:00,Night,Silk Fabric,Cotton,TM005,OP007,34780,34846,34560,286,6.84,2.06,2011.32,251.21,No Defect,100,0.82,69.88,98.77,Excellent,On Target
TP100514,2022-05-29 00:00:00,Night,Cotton Fabric,Silk,TM002,OP001,58691,60000,57463,2537,8.49,2.58,3220.13,232.72,Stain,100,4.23,69.61,93.66,Excellent,On Target
TP100515,2022-05-30 00:00:00,Evening,Denim Fabric,Polyester,TM006,OP007,32368,30821,28957,1864,9.29,0.27,1442.88,246.72,No Defect,95.22,6.05,97.09,90.93,Excellent,On Target
TP100516,2022-05-31 00:00:00,Evening,Polyester Fabric,Linen,TM006,OP007,42039,39581,38761,820,8.42,2.59,1944.7,201.36,No Defect,94.15,2.07,69.24,96.89,Excellent,On Target
TP100517,2022-06-01 00:00:00,Morning,Silk Fabric,Cotton,TM001,OP008,36655,30799,28891,1908,9.12,0.96,1629.83,111.02,Color Variation,84.02,6.2,89.47,90.71,Excellent,Moderate
TP100518,2022-06-02 00:00:00,Morning,Denim Fabric,Denim,TM001,OP008,38173,35316,35096,220,11.98,0.53,2054.9,97.37,Stain,92.52,0.62,95.58,99.07,Excellent,On Target
TP100519,2022-06-03 00:00:00,Night,Denim Fabric,Cotton,TM003,OP003,34495,32390,30686,1704,6.81,0.72,1564.95,266.59,No Defect,93.9,5.26,89.43,92.11,Excellent,On Target
TP100520,2022-06-04 00:00:00,Morning,Denim Fabric,Polyester,TM002,OP007,40893,36202,33825,2377,10.05,1.25,1989.38,231.28,Color Variation,88.53,6.57,87.56,90.15,Excellent,Moderate
TP100521,2022-06-05 00:00:00,Night,Linen Fabric,Denim,TM002,OP003,55547,47680,45405,2275,8.38,0.75,2639.79,103.3,Tear,85.84,4.77,91.05,92.84,Excellent,Moderate
TP100522,2022-06-06 00:00:00,Evening,Linen Fabric,Linen,TM004,OP004,52386,42449,41025,1424,6.8,0.96,2085.05,203.77,Color Variation,81.03,3.35,85.88,94.97,Excellent,Moderate
TP100523,2022-06-07 00:00:00,Evening,Polyester Fabric,Silk,TM004,OP007,52998,41251,40924,327,6.95,0.4,1914.52,161.89,Uneven Weaving,77.84,0.79,94.24,98.81,Excellent,Moderate
TP100524,2022-06-08 00:00:00,Morning,Denim Fabric,Cotton,TM005,OP005,55742,42567,39808,2759,11.7,0.89,2416.95,89.66,Thread Breakage,76.36,6.48,92.39,90.28,Excellent,Moderate
TP100525,2022-06-09 00:00:00,Night,Linen Fabric,Denim,TM004,OP006,43403,40823,39371,1452,11.28,1.72,1976.65,182.96,Color Variation,94.06,3.56,84.75,94.66,Excellent,On Target
TP100526,2022-06-10 00:00:00,Night,Linen Fabric,Cotton,TM006,OP006,43121,39255,38985,270,11.44,1.33,1973.55,120.38,Color Variation,91.03,0.69,88.37,98.97,Excellent,On Target
TP100527,2022-06-11 00:00:00,Morning,Linen Fabric,Linen,TM006,OP007,52303,45301,43043,2258,11.95,1.04,2356.22,74.06,Color Variation,86.61,4.98,91.3,92.52,Excellent,Moderate
TP100528,2022-06-12 00:00:00,Night,Polyester Fabric,Cotton,TM005,OP001,40966,35919,34614,1305,7.25,2.24,1659.98,166.74,No Defect,87.68,3.63,69.1,94.55,Excellent,Moderate
TP100529,2022-06-13 00:00:00,Night,Polyester Fabric,Denim,TM001,OP007,56558,51735,51058,677,8.13,2.68,2299.96,197.53,Stain,91.47,1.31,67.04,98.04,Excellent,On Target
TP100530,2022-06-14 00:00:00,Evening,Denim Fabric,Polyester,TM003,OP005,30853,27412,26893,519,10.02,2.27,1571.54,61.73,Color Variation,88.85,1.89,77.35,97.16,Excellent,Moderate
TP100531,2022-06-15 00:00:00,Night,Silk Fabric,Denim,TM002,OP004,50530,40735,40361,374,8.9,1,2321.65,150.52,Color Variation,80.62,0.92,88.76,98.62,Excellent,Moderate
TP100532,2022-06-16 00:00:00,Night,Denim Fabric,Cotton,TM001,OP004,58312,56208,53829,2379,8.51,2.23,2447.87,114.42,Uneven Weaving,96.39,4.23,73.8,93.65,Excellent,On Target
TP100533,2022-06-17 00:00:00,Night,Linen Fabric,Linen,TM006,OP007,50153,46205,44106,2099,8.15,0.46,2271.01,57.66,Uneven Weaving,92.13,4.54,94.36,93.19,Excellent,On Target
TP100534,2022-06-18 00:00:00,Morning,Linen Fabric,Silk,TM001,OP008,46958,43136,41502,1634,9.56,0.39,2146.78,81.42,Tear,91.86,3.79,95.92,94.32,Excellent,On Target
TP100535,2022-06-19 00:00:00,Morning,Cotton Fabric,Silk,TM005,OP003,57837,55444,52222,3222,9.45,1.04,2715.95,84.76,Tear,95.86,5.81,88.99,91.28,Excellent,On Target
TP100536,2022-06-20 00:00:00,Morning,Denim Fabric,Linen,TM003,OP002,47532,40072,37629,2443,6.97,2.42,1923.2,95.72,Uneven Weaving,84.31,6.1,65.28,90.86,Excellent,Moderate
TP100537,2022-06-21 00:00:00,Night,Linen Fabric,Cotton,TM006,OP001,52677,51885,49549,2336,8.83,0.74,2355.88,250.84,Stain,98.5,4.5,91.62,93.25,Excellent,On Target
TP100538,2022-06-22 00:00:00,Night,Linen Fabric,Linen,TM005,OP001,52841,47039,46765,274,9.32,0.19,2056.25,159.87,Tear,89.02,0.58,97.96,99.13,Excellent,Moderate
TP100539,2022-06-23 00:00:00,Morning,Silk Fabric,Cotton,TM001,OP002,53893,51856,49253,2603,9.42,0.4,2674.09,86.77,Thread Breakage,96.22,5.02,95.75,92.47,Excellent,On Target
TP100540,2022-06-24 00:00:00,Morning,Cotton Fabric,Denim,TM002,OP006,39907,37968,36747,1221,7.26,2.58,2021.42,75.07,Thread Breakage,95.14,3.22,64.46,95.18,Excellent,On Target
TP100541,2022-06-25 00:00:00,Night,Denim Fabric,Polyester,TM004,OP006,34777,28770,27569,1201,10.45,1.9,1381.35,124.49,Stain,82.73,4.17,81.82,93.74,Excellent,Moderate
TP100542,2022-06-26 00:00:00,Night,Polyester Fabric,Cotton,TM005,OP006,59509,55653,53027,2626,6.15,0.76,2864.67,249.5,Uneven Weaving,93.52,4.72,87.64,92.92,Excellent,On Target
TP100543,2022-06-27 00:00:00,Evening,Denim Fabric,Silk,TM006,OP004,50238,46362,45075,1287,8.13,1.67,2310.01,141.11,Tear,92.28,2.78,79.46,95.84,Excellent,On Target
TP100544,2022-06-28 00:00:00,Morning,Denim Fabric,Silk,TM001,OP005,59749,53901,50418,3483,10.68,1.58,2753.13,89.97,Color Variation,90.21,6.46,85.21,90.31,Excellent,On Target
TP100545,2022-06-29 00:00:00,Night,Silk Fabric,Polyester,TM004,OP001,45338,40505,39950,555,9.38,1.97,2212.05,151.03,Uneven Weaving,89.34,1.37,79,97.94,Excellent,Moderate
TP100546,2022-06-30 00:00:00,Morning,Denim Fabric,Cotton,TM004,OP002,32491,29047,27634,1413,7.57,0.7,1447.36,188.83,Tear,89.4,4.86,90.75,92.7,Excellent,Moderate
TP100547,2022-07-01 00:00:00,Morning,Silk Fabric,Polyester,TM001,OP003,57236,54768,54479,289,10.17,2.59,2614.2,57.4,Stain,95.69,0.53,74.53,99.21,Excellent,On Target
TP100548,2022-07-02 00:00:00,Morning,Silk Fabric,Denim,TM003,OP007,45328,42629,39854,2775,9.4,0.93,1991.56,206.91,Thread Breakage,94.05,6.51,90.11,90.24,Excellent,On Target
TP100549,2022-07-03 00:00:00,Evening,Linen Fabric,Polyester,TM001,OP003,44599,40234,39739,495,10.78,2.08,2054.17,148.78,Stain,90.21,1.23,80.71,98.15,Excellent,On Target
TP100550,2022-07-04 00:00:00,Night,Polyester Fabric,Denim,TM006,OP007,49508,39387,38947,440,10.41,0.05,2229.65,52.43,Tear,79.56,1.12,99.52,98.32,Excellent,Moderate
TP100551,2022-07-05 00:00:00,Night,Silk Fabric,Silk,TM002,OP004,52075,48670,47373,1297,9.66,1.12,2481.97,218.47,Stain,93.46,2.66,88.41,96,Excellent,On Target
TP100552,2022-07-06 00:00:00,Morning,Cotton Fabric,Denim,TM006,OP001,33051,31420,30500,920,8.93,1.06,1449.25,228.1,Tear,95.07,2.93,88.13,95.61,Excellent,On Target
TP100553,2022-07-07 00:00:00,Night,Cotton Fabric,Cotton,TM004,OP005,45979,48785,47862,923,6.8,1.63,2554.61,207.21,Tear,100,1.89,76.03,97.16,Excellent,On Target
TP100554,2022-07-08 00:00:00,Evening,Polyester Fabric,Cotton,TM002,OP001,46388,45241,43294,1947,7.57,0.22,2160.68,135.48,Stain,97.53,4.3,97.09,93.54,Excellent,On Target
TP100555,2022-07-09 00:00:00,Morning,Silk Fabric,Cotton,TM005,OP007,51606,39585,38247,1338,8.51,2.37,2011.11,182.4,No Defect,76.71,3.38,72.15,94.93,Excellent,Moderate
TP100556,2022-07-10 00:00:00,Evening,Polyester Fabric,Cotton,TM004,OP006,51699,46813,46475,338,9.6,0.65,2578.51,146.79,Color Variation,90.55,0.72,93.23,98.92,Excellent,On Target
TP100557,2022-07-11 00:00:00,Evening,Linen Fabric,Linen,TM003,OP003,51253,52626,51269,1357,9.08,2.03,2481.6,225.16,Uneven Weaving,100,2.58,77.64,96.13,Excellent,On Target
TP100558,2022-07-12 00:00:00,Night,Cotton Fabric,Denim,TM001,OP001,30876,29136,27455,1681,7.73,2.41,1698.84,195.9,Thread Breakage,94.36,5.77,68.82,91.35,Excellent,On Target
TP100559,2022-07-13 00:00:00,Night,Denim Fabric,Cotton,TM005,OP003,55567,51289,48733,2556,6.04,1.69,2513.78,70.45,Color Variation,92.3,4.98,72.02,92.52,Excellent,On Target
TP100560,2022-07-14 00:00:00,Evening,Cotton Fabric,Polyester,TM006,OP002,53411,51436,48755,2681,8.98,2.22,2851.16,210.77,Uneven Weaving,96.3,5.21,75.28,92.18,Excellent,On Target
TP100561,2022-07-15 00:00:00,Night,Silk Fabric,Polyester,TM002,OP002,34142,29240,27767,1473,7.71,1.99,1727.43,221.81,Uneven Weaving,85.64,5.04,74.19,92.44,Excellent,Moderate
TP100562,2022-07-16 00:00:00,Evening,Polyester Fabric,Linen,TM005,OP003,45202,42195,41131,1064,10.41,1.07,2110.7,142.68,Thread Breakage,93.35,2.52,89.72,96.22,Excellent,On Target
TP100563,2022-07-17 00:00:00,Evening,Cotton Fabric,Denim,TM003,OP005,36966,32621,32247,374,6.14,2.43,1676.35,268.95,Color Variation,88.25,1.15,60.42,98.28,Excellent,Moderate
TP100564,2022-07-18 00:00:00,Morning,Denim Fabric,Denim,TM001,OP008,37079,33320,32563,757,9.51,0.88,1602.17,260.75,Thread Breakage,89.86,2.27,90.75,96.59,Excellent,Moderate
TP100565,2022-07-19 00:00:00,Evening,Denim Fabric,Denim,TM005,OP005,37987,36391,34242,2149,11.65,1.71,1785.12,93.79,Tear,95.8,5.91,85.32,91.14,Excellent,On Target
TP100566,2022-07-20 00:00:00,Evening,Polyester Fabric,Linen,TM006,OP008,36799,30732,28620,2112,7.05,2.24,1486.73,276.07,Thread Breakage,83.51,6.87,68.23,89.69,Good,Moderate
TP100567,2022-07-21 00:00:00,Night,Polyester Fabric,Denim,TM002,OP001,58940,58360,56195,2165,8.83,1.14,3009.82,160.22,Stain,99.02,3.71,87.09,94.44,Excellent,On Target
TP100568,2022-07-22 00:00:00,Morning,Cotton Fabric,Denim,TM005,OP003,34465,29998,29829,169,6.55,0.91,1535.9,230.94,No Defect,87.04,0.56,86.11,99.15,Excellent,Moderate
TP100569,2022-07-23 00:00:00,Night,Silk Fabric,Cotton,TM001,OP004,47019,43175,42566,609,9.75,1.38,2168.89,253.52,No Defect,91.82,1.41,85.85,97.88,Excellent,On Target
TP100570,2022-07-24 00:00:00,Morning,Linen Fabric,Denim,TM006,OP005,43417,34819,33916,903,9.3,2.45,1839.94,176.28,No Defect,80.2,2.59,73.66,96.11,Excellent,Moderate
TP100571,2022-07-25 00:00:00,Night,Denim Fabric,Cotton,TM005,OP007,48077,45692,43745,1947,8.44,2.79,2278.14,149.78,Color Variation,95.04,4.26,66.94,93.61,Excellent,On Target
TP100572,2022-07-26 00:00:00,Evening,Polyester Fabric,Cotton,TM002,OP005,56258,56329,55772,557,9.13,1.64,2478.75,278.86,Color Variation,100,0.99,82.04,98.52,Excellent,On Target
TP100573,2022-07-27 00:00:00,Morning,Linen Fabric,Denim,TM001,OP006,51136,44180,41250,2930,11.38,1.98,2371.07,107.71,Tear,86.4,6.63,82.6,90.05,Excellent,Moderate
TP100574,2022-07-28 00:00:00,Morning,Linen Fabric,Polyester,TM003,OP002,38311,31503,30598,905,7.18,2.71,1503.81,114.24,No Defect,82.23,2.87,62.26,95.69,Excellent,Moderate
TP100575,2022-07-29 00:00:00,Morning,Linen Fabric,Silk,TM003,OP005,47214,43411,40619,2792,6.14,0.3,2484.26,140.41,Tear,91.95,6.43,95.11,90.35,Excellent,On Target
TP100576,2022-07-30 00:00:00,Morning,Silk Fabric,Polyester,TM004,OP007,44098,44179,41717,2462,11.17,0.7,2292.16,264.87,No Defect,100,5.57,93.73,91.64,Excellent,On Target
TP100577,2022-07-31 00:00:00,Night,Polyester Fabric,Denim,TM005,OP005,58251,46514,43997,2517,9.46,2.13,2422.65,284.7,Color Variation,79.85,5.41,77.48,91.88,Excellent,Moderate
TP100578,2022-08-01 00:00:00,Night,Denim Fabric,Denim,TM002,OP007,35177,28935,27649,1286,11.34,2.47,1400.55,105.02,Stain,82.26,4.44,78.22,93.33,Excellent,Moderate
TP100579,2022-08-02 00:00:00,Morning,Polyester Fabric,Polyester,TM005,OP008,44262,38429,36671,1758,9.58,2.57,2193.1,265.97,Stain,86.82,4.57,73.17,93.14,Excellent,Moderate
TP100580,2022-08-03 00:00:00,Morning,Cotton Fabric,Denim,TM001,OP006,55945,47138,44947,2191,10.86,1.25,2166.02,114.55,Stain,84.26,4.65,88.49,93.03,Excellent,Moderate
TP100581,2022-08-04 00:00:00,Morning,Denim Fabric,Cotton,TM004,OP008,55316,46620,44482,2138,8.58,0.27,2105.98,292.66,Thread Breakage,84.28,4.59,96.85,93.12,Excellent,Moderate
TP100582,2022-08-05 00:00:00,Night,Polyester Fabric,Linen,TM002,OP007,38308,28862,27679,1183,10.5,1.31,1477.25,199.35,Stain,75.34,4.1,87.52,93.85,Excellent,Moderate
TP100583,2022-08-06 00:00:00,Morning,Denim Fabric,Denim,TM005,OP005,35949,33836,31497,2339,11.48,0.69,1717.18,51.77,Uneven Weaving,94.12,6.91,93.99,89.63,Good,On Target
TP100584,2022-08-07 00:00:00,Morning,Cotton Fabric,Denim,TM002,OP006,49222,45467,43075,2392,9.43,0.87,2079.84,58.53,No Defect,92.37,5.26,90.77,92.11,Excellent,On Target
TP100585,2022-08-08 00:00:00,Morning,Denim Fabric,Polyester,TM001,OP003,31150,25000,23612,1388,7.08,2.32,1201.24,86.87,Stain,80.26,5.55,67.23,91.67,Excellent,Moderate
TP100586,2022-08-09 00:00:00,Night,Linen Fabric,Cotton,TM004,OP003,53944,54052,50716,3336,7.61,0.23,2719.51,96.89,Uneven Weaving,100,6.17,96.98,90.74,Excellent,On Target
TP100587,2022-08-10 00:00:00,Evening,Silk Fabric,Polyester,TM002,OP002,31931,32495,31877,618,7.19,2.48,1562.58,241.9,Uneven Weaving,100,1.9,65.51,97.15,Excellent,On Target
TP100588,2022-08-11 00:00:00,Evening,Cotton Fabric,Polyester,TM001,OP001,39204,33223,32876,347,7.48,1.28,1647.49,105.69,Uneven Weaving,84.74,1.04,82.89,98.43,Excellent,Moderate
TP100589,2022-08-12 00:00:00,Night,Denim Fabric,Denim,TM003,OP006,48048,47167,45451,1716,7.84,1.79,2350.37,292.29,Tear,98.17,3.64,77.17,94.54,Excellent,On Target
TP100590,2022-08-13 00:00:00,Evening,Cotton Fabric,Cotton,TM002,OP005,31081,26726,25699,1027,9.33,0.27,1391.83,209.03,Tear,85.99,3.84,97.11,94.24,Excellent,Moderate
TP100591,2022-08-14 00:00:00,Morning,Linen Fabric,Denim,TM004,OP001,59305,54126,50938,3188,9.53,1.01,2782.37,223.13,Uneven Weaving,91.27,5.89,89.4,91.17,Excellent,On Target
TP100592,2022-08-15 00:00:00,Morning,Silk Fabric,Denim,TM006,OP003,46896,39463,38127,1336,8.56,0.27,2271.01,104.45,Thread Breakage,84.15,3.39,96.85,94.92,Excellent,Moderate
TP100593,2022-08-16 00:00:00,Night,Cotton Fabric,Denim,TM006,OP005,57425,60000,57474,2526,9.69,2.88,3084.76,273.18,Stain,100,4.21,70.28,93.68,Excellent,On Target
TP100594,2022-08-17 00:00:00,Night,Linen Fabric,Denim,TM002,OP001,43407,38167,36669,1498,6.49,2.42,1852.82,216.95,No Defect,87.93,3.92,62.71,94.11,Excellent,Moderate
TP100595,2022-08-18 00:00:00,Evening,Linen Fabric,Linen,TM002,OP006,37805,34359,34102,257,6.53,1.38,1514.52,266.1,Thread Breakage,90.88,0.75,78.87,98.88,Excellent,On Target
TP100596,2022-08-19 00:00:00,Evening,Linen Fabric,Silk,TM001,OP006,35237,30016,28666,1350,7.03,0.67,1379.15,289.12,Color Variation,85.18,4.5,90.47,93.25,Excellent,Moderate
TP100597,2022-08-20 00:00:00,Morning,Denim Fabric,Cotton,TM005,OP001,46943,48365,45520,2845,9.11,2.8,2445.07,81.41,Tear,100,5.88,69.26,91.18,Excellent,On Target
TP100598,2022-08-21 00:00:00,Night,Polyester Fabric,Linen,TM006,OP007,50056,51661,50874,787,7.28,1.03,2467.91,74.15,Stain,100,1.52,85.85,97.71,Excellent,On Target
TP100599,2022-08-22 00:00:00,Evening,Cotton Fabric,Silk,TM005,OP006,42775,43381,41488,1893,7.7,0.48,2413.45,250.85,Stain,100,4.36,93.77,93.45,Excellent,On Target
TP100600,2022-08-23 00:00:00,Evening,Polyester Fabric,Silk,TM006,OP004,53788,52010,49743,2267,8.4,1.69,2452.31,266.53,Color Variation,96.69,4.36,79.88,93.46,Excellent,On Target
TP100601,2022-08-24 00:00:00,Morning,Linen Fabric,Silk,TM002,OP003,46244,39597,38976,621,10.87,2.83,2284.03,195.94,Color Variation,85.63,1.57,73.97,97.65,Excellent,Moderate
TP100602,2022-08-25 00:00:00,Morning,Polyester Fabric,Linen,TM004,OP002,43184,41368,40829,539,6.08,0.01,2175.67,141.5,Stain,95.79,1.3,99.84,98.05,Excellent,On Target
TP100603,2022-08-26 00:00:00,Morning,Linen Fabric,Cotton,TM004,OP002,33343,29992,27931,2061,9.9,0.71,1473.8,213.16,Color Variation,89.95,6.87,92.83,89.69,Good,Moderate
TP100604,2022-08-27 00:00:00,Morning,Linen Fabric,Polyester,TM006,OP004,43500,43146,41826,1320,10.01,2.82,2349.72,126.42,Stain,99.19,3.06,71.83,95.41,Excellent,On Target
TP100605,2022-08-28 00:00:00,Evening,Silk Fabric,Silk,TM006,OP001,50454,49350,48374,976,10.79,0.51,2772.24,109.6,Thread Breakage,97.81,1.98,95.27,97.03,Excellent,On Target
TP100606,2022-08-29 00:00:00,Night,Silk Fabric,Polyester,TM001,OP006,59375,50739,49920,819,11.6,0.34,2339.62,172.04,Color Variation,85.46,1.61,97.07,97.58,Excellent,Moderate
TP100607,2022-08-30 00:00:00,Night,Polyester Fabric,Polyester,TM002,OP004,39662,38327,36472,1855,6.12,1.71,2054.49,104.04,Thread Breakage,96.63,4.84,72.06,92.74,Excellent,On Target
TP100608,2022-08-31 00:00:00,Morning,Cotton Fabric,Denim,TM002,OP004,46964,44510,42524,1986,6.92,2.59,2545.29,170.93,Thread Breakage,94.77,4.46,62.57,93.31,Excellent,On Target
TP100609,2022-09-01 00:00:00,Morning,Polyester Fabric,Polyester,TM005,OP006,45125,31852,30360,1492,11.32,1.43,1856.48,289.15,Color Variation,70.59,4.68,87.37,92.97,Excellent,Below Target
TP100610,2022-09-02 00:00:00,Evening,Cotton Fabric,Denim,TM001,OP003,53388,51042,50495,547,8.75,2.98,2731.41,259.95,Stain,95.61,1.07,65.94,98.39,Excellent,On Target
TP100611,2022-09-03 00:00:00,Morning,Polyester Fabric,Cotton,TM003,OP006,56870,49464,46344,3120,9.39,2.04,2646.27,285.41,Uneven Weaving,86.98,6.31,78.27,90.54,Excellent,Moderate
TP100612,2022-09-04 00:00:00,Night,Denim Fabric,Cotton,TM004,OP008,38130,31952,30984,968,9.98,0.22,1577.96,251.58,Stain,83.8,3.03,97.8,95.46,Excellent,Moderate
TP100613,2022-09-05 00:00:00,Morning,Denim Fabric,Denim,TM004,OP006,49531,41654,40597,1057,10.07,2.98,2247.51,138.69,No Defect,84.1,2.54,70.41,96.19,Excellent,Moderate
TP100614,2022-09-06 00:00:00,Night,Cotton Fabric,Cotton,TM002,OP007,50633,45090,43509,1581,11.59,1.22,2047.83,253.01,Color Variation,89.05,3.51,89.47,94.74,Excellent,Moderate
TP100615,2022-09-07 00:00:00,Morning,Silk Fabric,Silk,TM001,OP005,31679,29576,28678,898,11.98,0.86,1656.84,280.73,Tear,93.36,3.04,92.82,95.45,Excellent,On Target
TP100616,2022-09-08 00:00:00,Morning,Cotton Fabric,Cotton,TM003,OP001,33506,26953,25305,1648,10.32,1.67,1436.26,286.76,Color Variation,80.44,6.11,83.82,90.83,Excellent,Moderate
TP100617,2022-09-09 00:00:00,Night,Polyester Fabric,Denim,TM004,OP002,43284,39531,36946,2585,7.72,0.91,1963.86,220.8,No Defect,91.33,6.54,88.21,90.19,Excellent,On Target
TP100618,2022-09-10 00:00:00,Evening,Linen Fabric,Silk,TM001,OP002,37253,35032,34166,866,11.28,0.26,1772.41,102.84,Thread Breakage,94.04,2.47,97.7,96.29,Excellent,On Target
TP100619,2022-09-11 00:00:00,Evening,Denim Fabric,Polyester,TM003,OP004,49128,50618,47522,3096,6.3,0,2509.61,59.93,Tear,100,6.12,100,90.83,Excellent,On Target
TP100620,2022-09-12 00:00:00,Morning,Linen Fabric,Polyester,TM006,OP007,57932,47773,45107,2666,7.39,1.35,2099.26,86.8,Tear,82.46,5.58,81.73,91.63,Excellent,Moderate
TP100621,2022-09-13 00:00:00,Morning,Denim Fabric,Polyester,TM002,OP004,58621,51324,47962,3362,11.38,2.51,2818.39,291.39,Stain,87.55,6.55,77.94,90.17,Excellent,Moderate
TP100622,2022-09-14 00:00:00,Night,Polyester Fabric,Denim,TM005,OP004,39435,36214,35454,760,7.54,1.72,1891.77,165.52,Uneven Weaving,91.83,2.1,77.19,96.85,Excellent,On Target
TP100623,2022-09-15 00:00:00,Night,Denim Fabric,Polyester,TM004,OP001,51572,50557,48408,2149,7.32,3,2268.46,263.75,Stain,98.03,4.25,59.02,93.62,Excellent,On Target
TP100624,2022-09-16 00:00:00,Morning,Cotton Fabric,Cotton,TM004,OP004,41310,36299,35470,829,6.83,0.86,2066.86,166.26,Tear,87.87,2.28,87.41,96.57,Excellent,Moderate
TP100625,2022-09-17 00:00:00,Night,Linen Fabric,Polyester,TM003,OP004,43296,42599,40104,2495,11.15,0.84,2433.12,215.2,Tear,98.39,5.86,92.47,91.21,Excellent,On Target
TP100626,2022-09-18 00:00:00,Evening,Linen Fabric,Linen,TM005,OP005,48525,37092,36894,198,9,0.48,2047.28,56.04,Uneven Weaving,76.44,0.53,94.67,99.2,Excellent,Moderate
TP100627,2022-09-19 00:00:00,Evening,Polyester Fabric,Linen,TM006,OP001,43245,35126,33661,1465,10.05,0.49,1695.33,112.47,Color Variation,81.23,4.17,95.12,93.74,Excellent,Moderate
TP100628,2022-09-20 00:00:00,Night,Linen Fabric,Polyester,TM001,OP003,57635,53278,51837,1441,7.43,0.86,2776.91,159.07,Uneven Weaving,92.44,2.7,88.43,95.94,Excellent,On Target
TP100629,2022-09-21 00:00:00,Night,Polyester Fabric,Polyester,TM002,OP007,59124,47373,46143,1230,10.55,2.38,2543.25,207.66,Thread Breakage,80.12,2.6,77.44,96.11,Excellent,Moderate
TP100630,2022-09-22 00:00:00,Night,Silk Fabric,Linen,TM001,OP003,59899,48985,46687,2298,10.56,2.72,2467.62,92.88,Stain,81.78,4.69,74.24,92.96,Excellent,Moderate
TP100631,2022-09-23 00:00:00,Evening,Cotton Fabric,Polyester,TM003,OP006,41151,35516,33373,2143,7.88,2.93,1724.73,241.14,Color Variation,86.31,6.03,62.82,90.95,Excellent,Moderate
TP100632,2022-09-24 00:00:00,Morning,Denim Fabric,Silk,TM004,OP005,40457,38596,36875,1721,8.46,0.7,2129.55,141.1,Stain,95.4,4.46,91.73,93.31,Excellent,On Target
TP100633,2022-09-25 00:00:00,Night,Denim Fabric,Linen,TM006,OP002,53001,40667,38208,2459,7.26,2.64,2117.33,254.36,Uneven Weaving,76.73,6.05,63.64,90.93,Excellent,Moderate
TP100634,2022-09-26 00:00:00,Night,Denim Fabric,Denim,TM004,OP006,32479,29618,28961,657,11.86,0.98,1535.33,74.49,Color Variation,91.19,2.22,91.74,96.67,Excellent,On Target
TP100635,2022-09-27 00:00:00,Night,Silk Fabric,Linen,TM001,OP003,52868,51404,49411,1993,9.87,0.34,2337.68,219.94,Uneven Weaving,97.23,3.88,96.56,94.18,Excellent,On Target
TP100636,2022-09-28 00:00:00,Morning,Cotton Fabric,Cotton,TM006,OP001,59222,52492,50692,1800,11.61,2.61,2548.9,123.33,Thread Breakage,88.64,3.43,77.52,94.86,Excellent,Moderate
TP100637,2022-09-29 00:00:00,Night,Linen Fabric,Silk,TM002,OP002,56211,49139,48856,283,7.82,1.91,2311.11,248.85,No Defect,87.42,0.58,75.58,99.14,Excellent,Moderate
TP100638,2022-09-30 00:00:00,Night,Linen Fabric,Denim,TM003,OP008,59984,55673,53380,2293,10.69,0.49,2819.88,150.54,Tear,92.81,4.12,95.42,93.82,Excellent,On Target
TP100639,2022-10-01 00:00:00,Evening,Cotton Fabric,Polyester,TM002,OP004,53805,47701,45411,2290,10.6,1.29,2536.53,216.34,Color Variation,88.66,4.8,87.83,92.8,Excellent,Moderate
TP100640,2022-10-02 00:00:00,Night,Cotton Fabric,Cotton,TM003,OP001,56333,56183,53740,2443,10.15,0.86,2777.88,283.58,Tear,99.73,4.35,91.53,93.48,Excellent,On Target
TP100641,2022-10-03 00:00:00,Evening,Denim Fabric,Cotton,TM002,OP002,34452,28326,26829,1497,11.79,2.21,1418.44,55.16,No Defect,82.22,5.28,81.26,92.07,Excellent,Moderate
TP100642,2022-10-04 00:00:00,Morning,Linen Fabric,Silk,TM001,OP003,56646,50777,48637,2140,8.36,1.36,2541.82,52.78,Color Variation,89.64,4.21,83.73,93.68,Excellent,Moderate
TP100643,2022-10-05 00:00:00,Night,Cotton Fabric,Denim,TM005,OP006,35881,32810,32504,306,6.78,2.97,1547.65,242.57,Tear,91.44,0.93,56.19,98.6,Excellent,On Target
TP100644,2022-10-06 00:00:00,Night,Linen Fabric,Cotton,TM006,OP004,53049,46339,45757,582,10.03,0.16,2087.55,211.6,Tear,87.35,1.26,98.4,98.12,Excellent,Moderate
TP100645,2022-10-07 00:00:00,Evening,Cotton Fabric,Denim,TM003,OP004,44069,30805,29457,1348,10.38,1.07,1840.94,123.24,Color Variation,69.9,4.38,89.69,93.44,Excellent,Below Target
TP100646,2022-10-08 00:00:00,Morning,Polyester Fabric,Denim,TM001,OP007,32849,29194,28526,668,9.45,1.45,1745.93,173.6,Tear,88.87,2.29,84.66,96.57,Excellent,Moderate
TP100647,2022-10-09 00:00:00,Morning,Denim Fabric,Cotton,TM004,OP001,57827,55688,55121,567,7.24,1.51,3084.52,60.48,Tear,96.3,1.02,79.14,98.47,Excellent,On Target
TP100648,2022-10-10 00:00:00,Evening,Cotton Fabric,Denim,TM004,OP006,37390,35688,34513,1175,9.03,0.95,1868.07,98.11,Color Variation,95.45,3.29,89.48,95.06,Excellent,On Target
TP100649,2022-10-11 00:00:00,Morning,Silk Fabric,Silk,TM002,OP004,53289,49284,47262,2022,7.87,2.19,2752.11,156.12,Tear,92.48,4.1,72.17,93.85,Excellent,On Target
TP100650,2022-10-12 00:00:00,Morning,Cotton Fabric,Cotton,TM004,OP002,41922,34508,33598,910,8.56,2.62,1548.12,258.51,Tear,82.31,2.64,69.39,96.04,Excellent,Moderate
TP100651,2022-10-13 00:00:00,Morning,Polyester Fabric,Silk,TM005,OP007,32489,30139,28577,1562,9.87,2.82,1826.48,169.92,Stain,92.77,5.18,71.43,92.23,Excellent,On Target
TP100652,2022-10-14 00:00:00,Morning,Silk Fabric,Silk,TM003,OP007,39823,34242,32638,1604,10.47,2.42,1841.85,196.59,Thread Breakage,85.99,4.68,76.89,92.97,Excellent,Moderate
TP100653,2022-10-15 00:00:00,Morning,Silk Fabric,Denim,TM002,OP005,57392,53073,51659,1414,7.39,2.55,2832.72,268.44,Stain,92.47,2.66,65.49,96,Excellent,On Target
TP100654,2022-10-16 00:00:00,Morning,Cotton Fabric,Denim,TM003,OP003,39207,35620,33694,1926,8.43,1.65,1679.6,127.2,No Defect,90.85,5.41,80.43,91.89,Excellent,On Target
TP100655,2022-10-17 00:00:00,Morning,Polyester Fabric,Cotton,TM003,OP001,39540,32884,31333,1551,7.61,2.48,1607.19,225.17,Stain,83.17,4.72,67.41,92.93,Excellent,Moderate
TP100656,2022-10-18 00:00:00,Morning,Silk Fabric,Polyester,TM001,OP006,46364,38831,37028,1803,7.19,0.91,1817.26,265.42,Stain,83.75,4.64,87.34,93.04,Excellent,Moderate
TP100657,2022-10-19 00:00:00,Night,Denim Fabric,Cotton,TM004,OP008,34611,32010,30698,1312,10.7,1.2,1504.44,100.65,No Defect,92.49,4.1,88.79,93.85,Excellent,On Target
TP100658,2022-10-20 00:00:00,Evening,Denim Fabric,Silk,TM006,OP008,57663,51004,50711,293,11.46,0.95,2586.82,139.12,Tear,88.45,0.57,91.71,99.14,Excellent,Moderate
TP100659,2022-10-21 00:00:00,Morning,Linen Fabric,Denim,TM003,OP005,49223,41405,39323,2082,8.22,1.4,2191.61,294.95,Tear,84.12,5.03,82.97,92.46,Excellent,Moderate
TP100660,2022-10-22 00:00:00,Evening,Linen Fabric,Silk,TM005,OP008,54911,45873,44522,1351,10.51,0.86,2476.03,295.8,Stain,83.54,2.95,91.82,95.58,Excellent,Moderate
TP100661,2022-10-23 00:00:00,Morning,Polyester Fabric,Linen,TM005,OP005,35878,31527,29438,2089,11.38,2.88,1794.18,105.81,No Defect,87.87,6.63,74.69,90.06,Excellent,Moderate
TP100662,2022-10-24 00:00:00,Morning,Silk Fabric,Linen,TM006,OP001,59168,59746,56271,3475,11.08,0.94,2851.89,66.61,Tear,100,5.82,91.52,91.28,Excellent,On Target
TP100663,2022-10-25 00:00:00,Night,Denim Fabric,Silk,TM004,OP002,46347,40006,38278,1728,7.1,0.29,2302.54,117.73,Uneven Weaving,86.32,4.32,95.92,93.52,Excellent,Moderate
TP100664,2022-10-26 00:00:00,Evening,Denim Fabric,Polyester,TM004,OP006,55471,49869,48802,1067,11.74,1.58,2831.07,149.43,Color Variation,89.9,2.14,86.54,96.79,Excellent,Moderate
TP100665,2022-10-27 00:00:00,Evening,Polyester Fabric,Polyester,TM002,OP003,52687,47793,46921,872,8.26,0.17,2280.41,160.25,Color Variation,90.71,1.82,97.94,97.26,Excellent,On Target
TP100666,2022-10-28 00:00:00,Night,Silk Fabric,Cotton,TM002,OP001,58122,47708,46414,1294,8.04,0.33,2359.09,204.7,Thread Breakage,82.08,2.71,95.9,95.93,Excellent,Moderate
TP100667,2022-10-29 00:00:00,Night,Polyester Fabric,Cotton,TM002,OP006,30851,25000,24101,899,6.37,0.66,1214.51,274.88,Color Variation,81.03,3.6,89.64,94.61,Excellent,Moderate
TP100668,2022-10-30 00:00:00,Evening,Cotton Fabric,Cotton,TM004,OP005,48071,39809,38844,965,8.92,1.39,2042.52,132.59,Stain,82.81,2.42,84.42,96.36,Excellent,Moderate
TP100669,2022-10-31 00:00:00,Morning,Denim Fabric,Denim,TM003,OP005,56507,51834,49840,1994,6.65,1.3,2405.76,262.5,Color Variation,91.73,3.85,80.45,94.23,Excellent,On Target
TP100670,2022-11-01 00:00:00,Morning,Polyester Fabric,Polyester,TM001,OP001,36833,33375,32849,526,7.49,2.4,1655.73,73.37,Color Variation,90.61,1.58,67.96,97.64,Excellent,On Target
TP100671,2022-11-02 00:00:00,Evening,Polyester Fabric,Silk,TM006,OP006,41938,39806,37077,2729,7.9,2.22,2308.38,60.47,Uneven Weaving,94.92,6.86,71.9,89.72,Good,On Target
TP100672,2022-11-03 00:00:00,Morning,Cotton Fabric,Linen,TM006,OP005,32427,29404,29051,353,10.85,1.28,1342.05,176.01,Tear,90.68,1.2,88.2,98.2,Excellent,On Target
TP100673,2022-11-04 00:00:00,Night,Linen Fabric,Polyester,TM006,OP001,56144,50099,46814,3285,11.25,1,2162.99,64.92,Uneven Weaving,89.23,6.56,91.11,90.16,Excellent,Moderate
TP100674,2022-11-05 00:00:00,Night,Denim Fabric,Polyester,TM002,OP007,34000,29162,27284,1878,7.81,0.95,1703.96,148.12,Stain,85.77,6.44,87.84,90.34,Excellent,Moderate
TP100675,2022-11-06 00:00:00,Night,Polyester Fabric,Polyester,TM001,OP001,35052,33717,32397,1320,11.15,2.32,1770.46,274.19,Color Variation,96.19,3.91,79.19,94.13,Excellent,On Target
TP100676,2022-11-07 00:00:00,Evening,Denim Fabric,Cotton,TM005,OP003,32738,27358,25932,1426,11.14,0.16,1378.66,110.37,Tear,83.57,5.21,98.56,92.18,Excellent,Moderate
TP100677,2022-11-08 00:00:00,Evening,Linen Fabric,Denim,TM004,OP001,58074,47753,46161,1592,10.59,0.04,2643.74,226.49,Thread Breakage,82.23,3.33,99.62,95,Excellent,Moderate
TP100678,2022-11-09 00:00:00,Evening,Polyester Fabric,Silk,TM005,OP007,52116,48973,46723,2250,6.88,2.39,2213.85,125.59,Thread Breakage,93.97,4.59,65.26,93.11,Excellent,On Target
TP100679,2022-11-10 00:00:00,Morning,Cotton Fabric,Cotton,TM002,OP006,35387,28546,27771,775,10.14,1.43,1614.42,61.23,Color Variation,80.67,2.71,85.9,95.93,Excellent,Moderate
TP100680,2022-11-11 00:00:00,Evening,Denim Fabric,Denim,TM003,OP006,38002,40625,39627,998,11.67,0.39,1841,189.17,Color Variation,100,2.46,96.66,96.32,Excellent,On Target
TP100681,2022-11-12 00:00:00,Evening,Cotton Fabric,Polyester,TM002,OP008,35536,32181,30811,1370,10.1,0.71,1637.96,258.71,Thread Breakage,90.56,4.26,92.97,93.61,Excellent,On Target
TP100682,2022-11-13 00:00:00,Night,Linen Fabric,Denim,TM001,OP005,43479,40190,38688,1502,7.99,2.8,1992.83,152.37,Thread Breakage,92.44,3.74,64.96,94.39,Excellent,On Target
TP100683,2022-11-14 00:00:00,Morning,Linen Fabric,Cotton,TM002,OP008,33913,28603,27383,1220,9,2.58,1563.15,204.32,Stain,84.34,4.27,71.33,93.6,Excellent,Moderate
TP100684,2022-11-15 00:00:00,Morning,Denim Fabric,Polyester,TM006,OP004,47450,41658,40673,985,9.87,2.13,2211.82,275.01,Color Variation,87.79,2.36,78.42,96.45,Excellent,Moderate
TP100685,2022-11-16 00:00:00,Night,Linen Fabric,Cotton,TM003,OP003,54107,47080,45722,1358,9.06,1.45,2694.87,247.42,Thread Breakage,87.01,2.88,84,95.67,Excellent,Moderate
TP100686,2022-11-17 00:00:00,Morning,Silk Fabric,Silk,TM003,OP006,50764,43762,43305,457,6.72,1.56,2331.17,98.47,No Defect,86.21,1.04,76.79,98.43,Excellent,Moderate
TP100687,2022-11-18 00:00:00,Evening,Denim Fabric,Polyester,TM004,OP005,40636,38373,38051,322,7.87,2.93,2000.86,233.35,Thread Breakage,94.43,0.84,62.77,98.74,Excellent,On Target
TP100688,2022-11-19 00:00:00,Morning,Silk Fabric,Denim,TM004,OP005,50491,43853,42911,942,10.81,2.9,1988.61,175.47,Tear,86.85,2.15,73.17,96.78,Excellent,Moderate
TP100689,2022-11-20 00:00:00,Night,Linen Fabric,Cotton,TM006,OP003,35726,34698,34357,341,11.17,0.65,1852.38,236.49,Tear,97.12,0.98,94.18,98.53,Excellent,On Target
TP100690,2022-11-21 00:00:00,Morning,Denim Fabric,Linen,TM003,OP008,33373,36257,35831,426,6.82,2.43,1731.4,173.63,No Defect,100,1.17,64.37,98.24,Excellent,On Target
TP100691,2022-11-22 00:00:00,Night,Silk Fabric,Denim,TM006,OP003,42161,37073,34929,2144,11.71,0.59,1856.6,81.99,Stain,87.93,5.78,94.96,91.33,Excellent,Moderate
TP100692,2022-11-23 00:00:00,Evening,Linen Fabric,Denim,TM003,OP008,57122,52019,51627,392,7.97,0.64,2409.1,192.48,Color Variation,91.07,0.75,91.97,98.87,Excellent,On Target
TP100693,2022-11-24 00:00:00,Evening,Polyester Fabric,Polyester,TM001,OP005,55329,51266,48814,2452,9.97,2.03,2301.69,173.03,Color Variation,92.66,4.78,79.64,92.83,Excellent,On Target
TP100694,2022-11-25 00:00:00,Night,Polyester Fabric,Denim,TM002,OP007,32082,32942,32194,748,10.51,1.22,1755.19,179.48,Thread Breakage,100,2.27,88.39,96.59,Excellent,On Target
TP100695,2022-11-26 00:00:00,Evening,Cotton Fabric,Cotton,TM004,OP004,57350,51283,48121,3162,10.87,2.79,2378.62,269.73,Tear,89.42,6.17,74.33,90.75,Excellent,Moderate
TP100696,2022-11-27 00:00:00,Evening,Polyester Fabric,Linen,TM001,OP007,57472,48390,46623,1767,11.67,0.27,2351.96,273.71,Stain,84.2,3.65,97.69,94.52,Excellent,Moderate
TP100697,2022-11-28 00:00:00,Morning,Silk Fabric,Silk,TM002,OP002,58761,47676,46491,1185,7.88,1.53,2255.16,163.38,Stain,81.14,2.49,80.58,96.27,Excellent,Moderate
TP100698,2022-11-29 00:00:00,Evening,Polyester Fabric,Linen,TM004,OP007,55351,49591,47674,1917,11.15,2.76,2332.7,163.93,Stain,89.59,3.87,75.25,94.2,Excellent,Moderate
TP100699,2022-11-30 00:00:00,Night,Denim Fabric,Cotton,TM006,OP005,53132,46151,44774,1377,6.79,2.71,2425.64,178.8,Thread Breakage,86.86,2.98,60.09,95.52,Excellent,Moderate
TP100700,2022-12-01 00:00:00,Evening,Denim Fabric,Polyester,TM001,OP003,46281,48165,46158,2007,10.23,0.47,2620.53,179.9,Color Variation,100,4.17,95.41,93.75,Excellent,On Target
TP100701,2022-12-02 00:00:00,Morning,Denim Fabric,Cotton,TM005,OP001,45305,46387,45810,577,10.45,1.1,2642.04,287.6,Stain,100,1.24,89.47,98.13,Excellent,On Target
TP100702,2022-12-03 00:00:00,Night,Polyester Fabric,Denim,TM005,OP001,39817,32952,30652,2300,10.07,1.86,1670.37,212.35,Thread Breakage,82.76,6.98,81.53,89.53,Good,Moderate
TP100703,2022-12-04 00:00:00,Evening,Polyester Fabric,Polyester,TM004,OP003,41261,35082,33936,1146,7.51,0.48,1518.37,119.36,Thread Breakage,85.02,3.27,93.61,95.1,Excellent,Moderate
TP100704,2022-12-05 00:00:00,Evening,Cotton Fabric,Silk,TM001,OP007,30417,27532,26771,761,11.24,2.9,1399.71,182.88,No Defect,90.52,2.76,74.2,95.85,Excellent,On Target
TP100705,2022-12-06 00:00:00,Evening,Linen Fabric,Silk,TM002,OP003,54690,54570,51778,2792,7.01,2.74,2867.13,206.81,Uneven Weaving,99.78,5.12,60.91,92.33,Excellent,On Target
TP100706,2022-12-07 00:00:00,Night,Cotton Fabric,Cotton,TM002,OP002,38808,35082,34077,1005,6.32,0.5,1589.66,209.94,Stain,90.4,2.86,92.09,95.7,Excellent,On Target
TP100707,2022-12-08 00:00:00,Morning,Silk Fabric,Denim,TM001,OP006,50358,43041,40495,2546,10.3,0.36,1956.02,196.31,Uneven Weaving,85.47,5.92,96.5,91.13,Excellent,Moderate
TP100708,2022-12-09 00:00:00,Night,Denim Fabric,Silk,TM005,OP008,33267,29803,28774,1029,8.85,0.26,1570.23,94.43,Color Variation,89.59,3.45,97.06,94.82,Excellent,Moderate
TP100709,2022-12-10 00:00:00,Night,Polyester Fabric,Linen,TM001,OP003,47209,40411,38319,2092,11.09,2.73,2363.62,58.4,Thread Breakage,85.6,5.18,75.38,92.23,Excellent,Moderate
TP100710,2022-12-11 00:00:00,Morning,Linen Fabric,Polyester,TM005,OP008,54052,50926,50316,610,8.3,0.58,2851.83,134.46,Stain,94.22,1.2,93.01,98.2,Excellent,On Target
TP100711,2022-12-12 00:00:00,Night,Linen Fabric,Linen,TM005,OP008,35745,30396,28572,1824,7.01,1.25,1421.53,156.88,Tear,85.04,6,82.17,91,Excellent,Moderate
TP100712,2022-12-13 00:00:00,Night,Polyester Fabric,Silk,TM006,OP001,56092,48479,45918,2561,11.02,1.35,2195.89,65.45,Color Variation,86.43,5.28,87.75,92.08,Excellent,Moderate
TP100713,2022-12-14 00:00:00,Evening,Cotton Fabric,Silk,TM006,OP004,41338,40566,39805,761,9.29,1.8,2170.89,253.74,No Defect,98.13,1.88,80.62,97.19,Excellent,On Target
TP100714,2022-12-15 00:00:00,Night,Linen Fabric,Cotton,TM002,OP003,30412,25735,25363,372,7.14,0.22,1422.72,136.02,No Defect,84.62,1.45,96.92,97.83,Excellent,Moderate
TP100715,2022-12-16 00:00:00,Evening,Cotton Fabric,Cotton,TM004,OP002,37543,29988,29222,766,10.32,0.68,1370.26,278.41,Uneven Weaving,79.88,2.55,93.41,96.17,Excellent,Moderate
TP100716,2022-12-17 00:00:00,Night,Polyester Fabric,Polyester,TM003,OP008,37587,34078,31746,2332,9.07,2.79,1529.09,88.6,Thread Breakage,90.66,6.84,69.24,89.74,Good,On Target
TP100717,2022-12-18 00:00:00,Evening,Cotton Fabric,Cotton,TM001,OP004,30728,26880,26297,583,9.63,2.73,1242.37,64.23,Uneven Weaving,87.48,2.17,71.65,96.75,Excellent,Moderate
TP100718,2022-12-19 00:00:00,Evening,Denim Fabric,Denim,TM005,OP002,57924,54205,52327,1878,8.77,2.34,2672.63,170.58,Tear,93.58,3.46,73.32,94.8,Excellent,On Target
TP100719,2022-12-20 00:00:00,Evening,Polyester Fabric,Polyester,TM001,OP004,53548,49383,49040,343,10.97,0.06,2682.46,97.28,Tear,92.22,0.69,99.45,98.96,Excellent,On Target
TP100720,2022-12-21 00:00:00,Morning,Polyester Fabric,Denim,TM004,OP003,57384,51517,49929,1588,10.98,0.98,2614.77,284.35,No Defect,89.78,3.08,91.07,95.38,Excellent,Moderate
TP100721,2022-12-22 00:00:00,Night,Linen Fabric,Cotton,TM004,OP008,55251,49490,47405,2085,10.26,1.88,2640.17,52.58,Stain,89.57,4.21,81.68,93.68,Excellent,Moderate
TP100722,2022-12-23 00:00:00,Night,Linen Fabric,Polyester,TM003,OP001,41657,35346,32979,2367,6.63,0.83,1711.2,153.15,No Defect,84.85,6.7,87.48,89.96,Good,Moderate
TP100723,2022-12-24 00:00:00,Night,Linen Fabric,Silk,TM003,OP004,35988,32599,31341,1258,11.03,2.73,1732.54,281.69,No Defect,90.58,3.86,75.25,94.21,Excellent,On Target
TP100724,2022-12-25 00:00:00,Morning,Denim Fabric,Linen,TM005,OP005,48888,47015,44277,2738,10.03,1.9,2152.84,146.1,Tear,96.17,5.82,81.06,91.26,Excellent,On Target
TP100725,2022-12-26 00:00:00,Evening,Denim Fabric,Silk,TM006,OP006,32967,27424,26312,1112,10.18,0.22,1430.56,73.28,Uneven Weaving,83.19,4.05,97.84,93.92,Excellent,Moderate
TP100726,2022-12-27 00:00:00,Night,Silk Fabric,Denim,TM003,OP002,44527,40057,39751,306,8.18,2.73,1891.78,125.72,Tear,89.96,0.76,66.63,98.85,Excellent,Moderate
TP100727,2022-12-28 00:00:00,Morning,Polyester Fabric,Silk,TM006,OP004,49170,47827,46609,1218,11.28,2.87,2558.9,174.5,Thread Breakage,97.27,2.55,74.56,96.18,Excellent,On Target
TP100728,2022-12-29 00:00:00,Morning,Linen Fabric,Silk,TM006,OP008,46048,43072,41245,1827,10.35,0.23,2167.33,96.29,Tear,93.54,4.24,97.78,93.64,Excellent,On Target
TP100729,2022-12-30 00:00:00,Night,Polyester Fabric,Linen,TM005,OP002,47506,47110,43964,3146,6.68,1.6,2244.48,166.64,Tear,99.17,6.68,76.05,89.98,Good,On Target
TP100730,2022-12-31 00:00:00,Evening,Cotton Fabric,Linen,TM002,OP001,50463,43410,40769,2641,8.45,0.91,2496.97,259.09,No Defect,86.02,6.08,89.23,90.87,Excellent,Moderate
TP100731,2023-01-01 00:00:00,Morning,Denim Fabric,Silk,TM006,OP002,47955,37014,36280,734,11.32,1.18,1739.49,268.15,Stain,77.18,1.98,89.58,97.03,Excellent,Moderate
TP100732,2023-01-02 00:00:00,Night,Silk Fabric,Linen,TM005,OP002,35073,32058,31439,619,6.28,0.54,1642.62,62.32,No Defect,91.4,1.93,91.4,97.1,Excellent,On Target
TP100733,2023-01-03 00:00:00,Evening,Cotton Fabric,Silk,TM003,OP005,35104,32485,31898,587,11.77,1.73,1630.45,90.23,Color Variation,92.54,1.81,85.3,97.29,Excellent,On Target
TP100734,2023-01-04 00:00:00,Morning,Polyester Fabric,Polyester,TM001,OP002,32143,32008,29929,2079,10.07,2.87,1494.05,118.82,Tear,99.58,6.5,71.5,90.26,Excellent,On Target
TP100735,2023-01-05 00:00:00,Morning,Denim Fabric,Silk,TM003,OP004,56263,55316,51974,3342,9.79,1.51,2484.83,198.72,Tear,98.32,6.04,84.58,90.94,Excellent,On Target
TP100736,2023-01-06 00:00:00,Night,Linen Fabric,Cotton,TM004,OP008,53190,49869,47108,2761,7.62,0.25,2520.48,140.25,Color Variation,93.76,5.54,96.72,91.7,Excellent,On Target
TP100737,2023-01-07 00:00:00,Night,Cotton Fabric,Linen,TM003,OP002,37357,35623,34536,1087,7.49,1.86,1662.06,261.01,Tear,95.36,3.05,75.17,95.42,Excellent,On Target
TP100738,2023-01-08 00:00:00,Evening,Denim Fabric,Linen,TM002,OP008,58708,52049,50082,1967,11.65,1.02,2957.1,229.17,Tear,88.66,3.78,91.24,94.33,Excellent,Moderate
TP100739,2023-01-09 00:00:00,Night,Polyester Fabric,Denim,TM005,OP003,42043,34251,33046,1205,7.79,2.57,1919.37,75.11,Thread Breakage,81.47,3.52,67.01,94.72,Excellent,Moderate
TP100740,2023-01-10 00:00:00,Night,Polyester Fabric,Denim,TM006,OP002,33440,30372,29720,652,10.65,1.3,1579.31,206.14,Tear,90.83,2.15,87.79,96.78,Excellent,On Target
TP100741,2023-01-11 00:00:00,Evening,Cotton Fabric,Cotton,TM004,OP003,50150,48584,46746,1838,8.36,0.58,2549.12,78.25,Color Variation,96.88,3.78,93.06,94.33,Excellent,On Target
TP100742,2023-01-12 00:00:00,Night,Cotton Fabric,Linen,TM005,OP006,35644,33717,33482,235,6.84,0.57,1798.31,113.76,No Defect,94.59,0.7,91.67,98.95,Excellent,On Target
TP100743,2023-01-13 00:00:00,Evening,Cotton Fabric,Linen,TM005,OP002,40518,38831,38304,527,6.06,2.31,2070.03,94.47,Tear,95.84,1.36,61.88,97.96,Excellent,On Target
TP100744,2023-01-14 00:00:00,Evening,Silk Fabric,Denim,TM006,OP007,44552,38763,36335,2428,9.27,0.8,2054.26,93.27,Stain,87.01,6.26,91.37,90.6,Excellent,Moderate
TP100745,2023-01-15 00:00:00,Evening,Linen Fabric,Denim,TM003,OP006,32914,29011,27448,1563,11.85,2.3,1420.58,204.1,Color Variation,88.14,5.39,80.59,91.92,Excellent,Moderate
TP100746,2023-01-16 00:00:00,Night,Denim Fabric,Silk,TM001,OP008,51352,47955,46397,1558,8.21,0.62,2318.02,190.9,Uneven Weaving,93.38,3.25,92.45,95.13,Excellent,On Target
TP100747,2023-01-17 00:00:00,Evening,Polyester Fabric,Linen,TM004,OP007,52301,45070,43330,1740,8.14,0.97,2054.49,94.01,Thread Breakage,86.17,3.86,88.08,94.21,Excellent,Moderate
TP100748,2023-01-18 00:00:00,Night,Polyester Fabric,Linen,TM006,OP002,43584,37652,36558,1094,8.06,1.4,1709.98,297.54,Color Variation,86.39,2.91,82.63,95.64,Excellent,Moderate
TP100749,2023-01-19 00:00:00,Evening,Linen Fabric,Silk,TM002,OP004,42144,38809,36746,2063,9.12,2.83,2125.75,155.46,No Defect,92.09,5.32,68.97,92.03,Excellent,On Target
TP100750,2023-01-20 00:00:00,Night,Cotton Fabric,Linen,TM002,OP007,44397,42322,39953,2369,8.64,2.8,2336.34,74.27,Color Variation,95.33,5.6,67.59,91.6,Excellent,On Target
TP100751,2023-01-21 00:00:00,Evening,Cotton Fabric,Cotton,TM001,OP003,38787,34367,32490,1877,11.28,0.62,1811.09,80.14,Uneven Weaving,88.6,5.46,94.5,91.81,Excellent,Moderate
TP100752,2023-01-22 00:00:00,Morning,Polyester Fabric,Denim,TM001,OP008,44191,36174,34294,1880,9.03,1.07,1702.97,195.97,Thread Breakage,81.86,5.2,88.15,92.2,Excellent,Moderate
TP100753,2023-01-23 00:00:00,Morning,Linen Fabric,Denim,TM003,OP006,30728,26073,25596,477,9.05,0.45,1558.53,294.77,Stain,84.85,1.83,95.03,97.26,Excellent,Moderate
TP100754,2023-01-24 00:00:00,Morning,Polyester Fabric,Denim,TM002,OP006,47749,43655,42478,1177,6.83,1.53,2401.45,192.99,Uneven Weaving,91.43,2.7,77.6,95.96,Excellent,On Target
TP100755,2023-01-25 00:00:00,Evening,Cotton Fabric,Polyester,TM004,OP003,50876,46470,44818,1652,11.9,1.38,2146,287.26,Color Variation,91.34,3.55,88.4,94.67,Excellent,On Target
TP100756,2023-01-26 00:00:00,Night,Denim Fabric,Cotton,TM006,OP005,30698,28147,27401,746,7.5,2.7,1417.21,161.03,Uneven Weaving,91.69,2.65,64,96.02,Excellent,On Target
TP100757,2023-01-27 00:00:00,Evening,Cotton Fabric,Cotton,TM001,OP002,37186,34824,32941,1883,6.44,2.79,1954.73,158.96,Color Variation,93.65,5.41,56.68,91.89,Excellent,On Target
TP100758,2023-01-28 00:00:00,Evening,Denim Fabric,Silk,TM001,OP002,44512,40079,39021,1058,9.98,1.15,2165.63,175,Stain,90.04,2.64,88.48,96.04,Excellent,On Target
TP100759,2023-01-29 00:00:00,Evening,Silk Fabric,Polyester,TM001,OP004,43923,40346,39782,564,9.57,1.48,1820.59,224.36,Stain,91.86,1.4,84.54,97.9,Excellent,On Target
TP100760,2023-01-30 00:00:00,Evening,Linen Fabric,Linen,TM006,OP005,46779,41954,40656,1298,8.49,2.69,1901.77,141.9,No Defect,89.69,3.09,68.32,95.36,Excellent,Moderate
TP100761,2023-01-31 00:00:00,Night,Silk Fabric,Cotton,TM004,OP005,37400,36667,34148,2519,8.53,2.42,2014.92,265.97,Stain,98.04,6.87,71.63,89.7,Good,On Target
TP100762,2023-02-01 00:00:00,Evening,Cotton Fabric,Polyester,TM002,OP007,54466,54480,53408,1072,10.71,0.01,2728.92,57.32,Tear,100,1.97,99.91,97.05,Excellent,On Target
TP100763,2023-02-02 00:00:00,Morning,Linen Fabric,Polyester,TM004,OP008,34171,27910,26660,1250,7.17,0.96,1351.52,159.94,Uneven Weaving,81.68,4.48,86.61,93.28,Excellent,Moderate
TP100764,2023-02-03 00:00:00,Morning,Cotton Fabric,Cotton,TM006,OP004,34360,30310,29305,1005,10.92,1.27,1440.84,177.75,Uneven Weaving,88.21,3.32,88.37,95.03,Excellent,Moderate
TP100765,2023-02-04 00:00:00,Morning,Linen Fabric,Silk,TM004,OP006,32502,29326,29044,282,9.89,0.69,1434.96,201.76,Color Variation,90.23,0.96,93.02,98.56,Excellent,On Target
TP100766,2023-02-05 00:00:00,Evening,Linen Fabric,Polyester,TM003,OP003,56395,49702,47877,1825,8.51,0.6,2409.17,119.02,Stain,88.13,3.67,92.95,94.49,Excellent,Moderate
TP100767,2023-02-06 00:00:00,Night,Cotton Fabric,Denim,TM006,OP006,47101,48302,45856,2446,8.75,0.11,2194.93,156.87,No Defect,100,5.06,98.74,92.4,Excellent,On Target
TP100768,2023-02-07 00:00:00,Night,Cotton Fabric,Polyester,TM001,OP001,49166,45020,43293,1727,7.54,1.93,2390.47,171.13,No Defect,91.57,3.84,74.4,94.25,Excellent,On Target
TP100769,2023-02-08 00:00:00,Night,Linen Fabric,Linen,TM002,OP004,51330,43303,40632,2671,10.51,0.79,2458.64,221.73,No Defect,84.36,6.17,92.48,90.75,Excellent,Moderate
TP100770,2023-02-09 00:00:00,Evening,Linen Fabric,Cotton,TM003,OP003,58153,54766,53464,1302,9.08,0.16,2603.87,243.39,Thread Breakage,94.18,2.38,98.24,96.43,Excellent,On Target
TP100771,2023-02-10 00:00:00,Night,Cotton Fabric,Linen,TM003,OP006,35486,32611,32265,346,7.93,0.69,1689.16,234.46,Tear,91.9,1.06,91.3,98.41,Excellent,On Target
TP100772,2023-02-11 00:00:00,Morning,Cotton Fabric,Silk,TM006,OP006,38335,35318,32991,2327,9.58,2.41,1694.7,135.4,Stain,92.13,6.59,74.84,90.12,Excellent,On Target
TP100773,2023-02-12 00:00:00,Night,Polyester Fabric,Denim,TM005,OP005,51364,52728,51168,1560,11.97,2.55,2989.93,299.86,No Defect,100,2.96,78.7,95.56,Excellent,On Target
TP100774,2023-02-13 00:00:00,Evening,Polyester Fabric,Cotton,TM001,OP004,57716,53362,51096,2266,8.61,1.45,2401.55,262.17,Tear,92.46,4.25,83.16,93.63,Excellent,On Target
TP100775,2023-02-14 00:00:00,Evening,Polyester Fabric,Polyester,TM002,OP001,53650,47145,44482,2663,11.52,1.25,2548.98,115.01,Uneven Weaving,87.88,5.65,89.15,91.53,Excellent,Moderate
TP100776,2023-02-15 00:00:00,Night,Silk Fabric,Denim,TM002,OP002,34491,26321,25635,686,8.07,2.93,1347.46,98.78,Color Variation,76.31,2.61,63.69,96.09,Excellent,Moderate
TP100777,2023-02-16 00:00:00,Evening,Linen Fabric,Polyester,TM002,OP004,53576,47598,45144,2454,6.33,0.6,2714.61,128.51,Stain,88.84,5.16,90.52,92.27,Excellent,Moderate
TP100778,2023-02-17 00:00:00,Night,Denim Fabric,Silk,TM006,OP008,41130,40777,40214,563,7.23,0.65,2025.18,163.09,Stain,99.14,1.38,91.01,97.93,Excellent,On Target
TP100779,2023-02-18 00:00:00,Night,Silk Fabric,Cotton,TM001,OP001,51972,46443,45331,1112,8.51,0.88,2245.11,262.7,Thread Breakage,89.36,2.39,89.66,96.41,Excellent,Moderate
TP100780,2023-02-19 00:00:00,Morning,Linen Fabric,Silk,TM006,OP008,37651,27982,27579,403,7.32,0.52,1561.23,244.59,Uneven Weaving,74.32,1.44,92.9,97.84,Excellent,Below Target
TP100781,2023-02-20 00:00:00,Evening,Denim Fabric,Silk,TM002,OP001,50020,43273,40775,2498,6,1.14,2416.81,262.81,Stain,86.51,5.77,81,91.34,Excellent,Moderate
TP100782,2023-02-21 00:00:00,Morning,Polyester Fabric,Silk,TM004,OP008,57798,56034,54943,1091,11.49,2.73,2732.2,117.99,Thread Breakage,96.95,1.95,76.24,97.08,Excellent,On Target
TP100783,2023-02-22 00:00:00,Evening,Denim Fabric,Silk,TM004,OP004,31167,29241,27731,1510,11.06,1.85,1376.22,198.37,Thread Breakage,93.82,5.16,83.27,92.25,Excellent,On Target
TP100784,2023-02-23 00:00:00,Night,Cotton Fabric,Polyester,TM001,OP003,57192,48110,44920,3190,10.45,1.24,2476.82,120.81,Thread Breakage,84.12,6.63,88.13,90.05,Excellent,Moderate
TP100785,2023-02-24 00:00:00,Evening,Cotton Fabric,Linen,TM002,OP004,31062,26727,25676,1051,7.01,2.8,1451.76,77.26,Stain,86.04,3.93,60.06,94.1,Excellent,Moderate
TP100786,2023-02-25 00:00:00,Night,Linen Fabric,Polyester,TM006,OP006,48540,42290,40594,1696,6.72,0.15,2314.29,221.05,Stain,87.12,4.01,97.77,93.98,Excellent,Moderate
TP100787,2023-02-26 00:00:00,Evening,Silk Fabric,Denim,TM005,OP007,54244,46303,44684,1619,6.41,0.63,2051.05,85.75,Stain,85.36,3.5,90.17,94.76,Excellent,Moderate
TP100788,2023-02-27 00:00:00,Morning,Polyester Fabric,Silk,TM005,OP005,51545,39067,38044,1023,10.34,1.7,2068.94,216.92,Tear,75.79,2.62,83.56,96.07,Excellent,Moderate
TP100789,2023-02-28 00:00:00,Morning,Linen Fabric,Denim,TM005,OP006,51689,49283,47513,1770,11.57,1.85,2871.23,211.99,Thread Breakage,95.35,3.59,84.01,94.61,Excellent,On Target
TP100790,2023-03-01 00:00:00,Night,Polyester Fabric,Polyester,TM004,OP001,41174,40680,38883,1797,8.58,0.12,1944.49,252.56,Tear,98.8,4.42,98.6,93.37,Excellent,On Target
TP100791,2023-03-02 00:00:00,Morning,Cotton Fabric,Silk,TM006,OP001,52925,42007,39105,2902,6.71,1.21,1966.34,84.89,Color Variation,79.37,6.91,81.97,89.64,Good,Moderate
TP100792,2023-03-03 00:00:00,Night,Silk Fabric,Polyester,TM005,OP002,57870,57122,53355,3767,9.07,1.95,3132.66,245.87,Stain,98.71,6.59,78.5,90.11,Excellent,On Target
TP100793,2023-03-04 00:00:00,Night,Silk Fabric,Silk,TM002,OP001,34729,31006,29113,1893,8.09,2.09,1405.09,299.82,Uneven Weaving,89.28,6.11,74.17,90.84,Excellent,Moderate
TP100794,2023-03-05 00:00:00,Night,Cotton Fabric,Polyester,TM002,OP007,39348,38788,36352,2436,8.25,1.91,1889.16,262.76,No Defect,98.58,6.28,76.85,90.58,Excellent,On Target
TP100795,2023-03-06 00:00:00,Evening,Denim Fabric,Cotton,TM005,OP002,53714,48485,46768,1717,9.73,0.96,2486.07,237.95,Color Variation,90.27,3.54,90.13,94.69,Excellent,On Target
TP100796,2023-03-07 00:00:00,Night,Silk Fabric,Linen,TM003,OP001,35334,32136,30602,1534,10.31,0.28,1742.12,215.54,No Defect,90.95,4.77,97.28,92.84,Excellent,On Target
TP100797,2023-03-08 00:00:00,Morning,Denim Fabric,Linen,TM005,OP001,38924,36046,33769,2277,6.66,1.28,1653.31,155.45,No Defect,92.61,6.32,80.78,90.52,Excellent,On Target
TP100798,2023-03-09 00:00:00,Evening,Polyester Fabric,Silk,TM003,OP004,34330,28998,28112,886,6.21,0.39,1654.15,232.63,Stain,84.47,3.06,93.72,95.42,Excellent,Moderate
TP100799,2023-03-10 00:00:00,Morning,Silk Fabric,Cotton,TM001,OP004,54394,53503,49891,3612,11.97,2.84,2809.07,231.04,Uneven Weaving,98.36,6.75,76.27,89.87,Good,On Target
TP100800,2023-03-11 00:00:00,Night,Cotton Fabric,Denim,TM001,OP005,36801,30232,29264,968,7.4,1.43,1765.87,207.87,No Defect,82.15,3.2,80.68,95.2,Excellent,Moderate
TP100801,2023-03-12 00:00:00,Night,Denim Fabric,Cotton,TM002,OP006,34846,30381,29042,1339,6.32,0.95,1426.07,249.07,Thread Breakage,87.19,4.41,84.97,93.39,Excellent,Moderate
TP100802,2023-03-13 00:00:00,Morning,Polyester Fabric,Silk,TM006,OP003,36731,34406,32647,1759,7.14,2.3,1745.24,162.19,No Defect,93.67,5.11,67.79,92.33,Excellent,On Target
TP100803,2023-03-14 00:00:00,Evening,Polyester Fabric,Cotton,TM004,OP005,45368,39214,36595,2619,6.23,1.49,1920.24,80.31,Color Variation,86.44,6.68,76.08,89.98,Good,Moderate
TP100804,2023-03-15 00:00:00,Morning,Silk Fabric,Denim,TM006,OP001,53625,51181,50111,1070,8.35,0.93,2714.35,189.77,Uneven Weaving,95.44,2.09,88.86,96.86,Excellent,On Target
TP100805,2023-03-16 00:00:00,Night,Silk Fabric,Silk,TM002,OP005,47337,47162,44639,2523,10.81,2.44,2238.35,116.26,Uneven Weaving,99.63,5.35,77.43,91.98,Excellent,On Target
TP100806,2023-03-17 00:00:00,Evening,Linen Fabric,Linen,TM002,OP004,32539,31591,30364,1227,8.05,2.6,1500.58,146.11,No Defect,97.09,3.88,67.7,94.17,Excellent,On Target
TP100807,2023-03-18 00:00:00,Night,Linen Fabric,Cotton,TM006,OP006,37056,28328,27692,636,8.67,2.02,1553.45,54.35,Uneven Weaving,76.45,2.25,76.7,96.63,Excellent,Moderate
TP100808,2023-03-19 00:00:00,Night,Silk Fabric,Linen,TM004,OP001,41516,37730,35637,2093,10.05,0.14,1713.73,145.7,Color Variation,90.88,5.55,98.61,91.68,Excellent,On Target
TP100809,2023-03-20 00:00:00,Morning,Linen Fabric,Linen,TM002,OP008,41493,40332,38683,1649,9.05,1.7,2143.03,252.2,Color Variation,97.2,4.09,81.22,93.87,Excellent,On Target
TP100810,2023-03-21 00:00:00,Night,Cotton Fabric,Polyester,TM004,OP001,31542,25480,24258,1222,11.17,2.29,1273.07,185.68,Color Variation,80.78,4.8,79.5,92.81,Excellent,Moderate
TP100811,2023-03-22 00:00:00,Morning,Cotton Fabric,Denim,TM002,OP005,51677,49127,47850,1277,11.2,0.41,2833.94,52.45,Thread Breakage,95.07,2.6,96.34,96.1,Excellent,On Target
TP100812,2023-03-23 00:00:00,Evening,Linen Fabric,Cotton,TM001,OP006,43964,41622,40112,1510,6.06,0.69,2102.33,167.46,Stain,94.67,3.63,88.61,94.56,Excellent,On Target
TP100813,2023-03-24 00:00:00,Night,Silk Fabric,Linen,TM003,OP008,47575,38781,37031,1750,10.67,2.65,1701.44,122.86,No Defect,81.52,4.51,75.16,93.23,Excellent,Moderate
TP100814,2023-03-25 00:00:00,Night,Cotton Fabric,Linen,TM002,OP007,36313,34802,33712,1090,8.76,0.06,1583.24,169.39,Uneven Weaving,95.84,3.13,99.32,95.3,Excellent,On Target
TP100815,2023-03-26 00:00:00,Evening,Polyester Fabric,Denim,TM003,OP002,57569,52911,51964,947,11.93,2.26,2859.48,151.17,Color Variation,91.91,1.79,81.06,97.32,Excellent,On Target
TP100816,2023-03-27 00:00:00,Morning,Silk Fabric,Linen,TM005,OP007,53322,50417,47014,3403,8.9,1.42,2571.09,282.99,No Defect,94.55,6.75,84.04,89.88,Good,On Target
TP100817,2023-03-28 00:00:00,Night,Denim Fabric,Linen,TM002,OP008,49065,40840,39278,1562,11.92,1.34,2351.71,60.29,No Defect,83.24,3.82,88.76,94.26,Excellent,Moderate
TP100818,2023-03-29 00:00:00,Evening,Denim Fabric,Linen,TM001,OP008,55793,50800,48123,2677,10.53,0.02,2331.62,220.9,Stain,91.05,5.27,99.81,92.1,Excellent,On Target
TP100819,2023-03-30 00:00:00,Night,Silk Fabric,Linen,TM004,OP003,47924,37412,36225,1187,7.49,2.46,1840.61,262.76,Thread Breakage,78.07,3.17,67.16,95.24,Excellent,Moderate
TP100820,2023-03-31 00:00:00,Morning,Linen Fabric,Polyester,TM001,OP008,52556,38924,37831,1093,9.23,1.08,2057.5,289.81,Uneven Weaving,74.06,2.81,88.3,95.79,Excellent,Below Target
TP100821,2023-04-01 00:00:00,Morning,Cotton Fabric,Polyester,TM003,OP006,57812,52601,50946,1655,11.95,1.62,2985.52,94.41,Thread Breakage,90.99,3.15,86.44,95.28,Excellent,On Target
TP100822,2023-04-02 00:00:00,Morning,Cotton Fabric,Silk,TM004,OP005,51925,50733,49130,1603,11.15,2.03,2193.8,182.83,Uneven Weaving,97.7,3.16,81.79,95.26,Excellent,On Target
TP100823,2023-04-03 00:00:00,Morning,Silk Fabric,Cotton,TM001,OP007,56962,52274,50164,2110,6.58,2.11,2631.04,60.9,Color Variation,91.77,4.04,67.93,93.95,Excellent,On Target
TP100824,2023-04-04 00:00:00,Evening,Polyester Fabric,Denim,TM001,OP005,58295,52207,50102,2105,10.24,2.87,2728.85,174.8,Color Variation,89.56,4.03,71.97,93.95,Excellent,Moderate
TP100825,2023-04-05 00:00:00,Night,Linen Fabric,Silk,TM001,OP003,43807,38851,37401,1450,8.07,1.59,2042.03,81.36,No Defect,88.69,3.73,80.3,94.4,Excellent,Moderate
TP100826,2023-04-06 00:00:00,Evening,Polyester Fabric,Polyester,TM006,OP001,39580,33011,32557,454,6.04,1.2,1842.96,259.47,Uneven Weaving,83.4,1.38,80.13,97.94,Excellent,Moderate
TP100827,2023-04-07 00:00:00,Morning,Silk Fabric,Polyester,TM004,OP001,56432,49912,48053,1859,8.42,2.86,2466.69,78.47,Uneven Weaving,88.45,3.72,66.03,94.41,Excellent,Moderate
TP100828,2023-04-08 00:00:00,Morning,Silk Fabric,Polyester,TM001,OP002,47749,44384,43674,710,7.41,1.93,2048.24,178.32,Thread Breakage,92.95,1.6,73.95,97.6,Excellent,On Target
TP100829,2023-04-09 00:00:00,Morning,Polyester Fabric,Silk,TM001,OP005,38691,33643,33199,444,10.91,0.89,1626.13,180.27,Color Variation,86.95,1.32,91.84,98.02,Excellent,Moderate
TP100830,2023-04-10 00:00:00,Morning,Denim Fabric,Polyester,TM003,OP003,56256,53586,50070,3516,8.02,0.38,2689.06,292.91,Tear,95.25,6.56,95.26,90.16,Excellent,On Target
TP100831,2023-04-11 00:00:00,Night,Silk Fabric,Silk,TM001,OP005,55086,50333,48102,2231,10.97,2.53,2327.63,213.75,No Defect,91.37,4.43,76.94,93.35,Excellent,On Target
TP100832,2023-04-12 00:00:00,Morning,Linen Fabric,Polyester,TM001,OP004,37494,34577,32922,1655,6,1.09,1784.27,121.96,Uneven Weaving,92.22,4.79,81.83,92.82,Excellent,On Target
TP100833,2023-04-13 00:00:00,Night,Polyester Fabric,Linen,TM005,OP005,34312,33015,31988,1027,7.85,1.98,1787.47,110.2,Stain,96.22,3.11,74.78,95.33,Excellent,On Target
TP100834,2023-04-14 00:00:00,Morning,Denim Fabric,Linen,TM004,OP005,31324,27037,25304,1733,7.45,1.41,1237.34,82.06,Stain,86.31,6.41,81.07,90.39,Excellent,Moderate
TP100835,2023-04-15 00:00:00,Night,Polyester Fabric,Cotton,TM005,OP004,55731,52730,50280,2450,7.4,0.6,2806.6,239.13,Tear,94.62,4.65,91.89,93.03,Excellent,On Target
TP100836,2023-04-16 00:00:00,Night,Denim Fabric,Polyester,TM006,OP004,56403,49237,46529,2708,6.41,1.81,2584.15,222.69,Color Variation,87.3,5.5,71.76,91.75,Excellent,Moderate
TP100837,2023-04-17 00:00:00,Morning,Denim Fabric,Cotton,TM003,OP007,33141,30615,29728,887,7.12,0.18,1434.75,202.47,Color Variation,92.38,2.9,97.47,95.65,Excellent,On Target
TP100838,2023-04-18 00:00:00,Evening,Linen Fabric,Silk,TM005,OP008,53803,45991,42891,3100,9.33,1.24,2592.74,60.21,Color Variation,85.48,6.74,86.71,89.89,Good,Moderate
TP100839,2023-04-19 00:00:00,Evening,Silk Fabric,Cotton,TM006,OP008,49870,41704,39271,2433,7.75,1.64,1900.98,240.71,Thread Breakage,83.63,5.83,78.84,91.25,Excellent,Moderate
TP100840,2023-04-20 00:00:00,Evening,Denim Fabric,Polyester,TM002,OP003,31810,28834,27089,1745,8.5,1.31,1352.94,210.47,Stain,90.64,6.05,84.59,90.92,Excellent,On Target
TP100841,2023-04-21 00:00:00,Evening,Silk Fabric,Silk,TM004,OP007,36588,28101,27646,455,8.26,2.25,1440.4,290.97,Color Variation,76.8,1.62,72.76,97.57,Excellent,Moderate
TP100842,2023-04-22 00:00:00,Evening,Linen Fabric,Silk,TM001,OP001,49307,43354,42374,980,11.26,2.48,2515.89,196.8,Stain,87.93,2.26,77.98,96.61,Excellent,Moderate
TP100843,2023-04-23 00:00:00,Morning,Silk Fabric,Linen,TM005,OP002,35301,27801,27146,655,11.43,2.31,1529.25,125.99,Tear,78.75,2.36,79.79,96.47,Excellent,Moderate
TP100844,2023-04-24 00:00:00,Morning,Cotton Fabric,Silk,TM005,OP007,56790,54209,52983,1226,8.96,0.12,3024.82,145.38,No Defect,95.46,2.26,98.66,96.61,Excellent,On Target
TP100845,2023-04-25 00:00:00,Morning,Denim Fabric,Silk,TM001,OP004,50570,49230,46247,2983,7.98,0.58,2566.93,93.96,Thread Breakage,97.35,6.06,92.73,90.91,Excellent,On Target
TP100846,2023-04-26 00:00:00,Morning,Linen Fabric,Cotton,TM001,OP001,55289,46416,46088,328,6.64,1.61,2183.81,230.73,Uneven Weaving,83.95,0.71,75.75,98.94,Excellent,Moderate
TP100847,2023-04-27 00:00:00,Morning,Polyester Fabric,Silk,TM003,OP008,52361,48695,48211,484,11.72,2.8,2482.01,226.93,Tear,93,0.99,76.11,98.51,Excellent,On Target
TP100848,2023-04-28 00:00:00,Morning,Linen Fabric,Denim,TM005,OP003,58178,56022,54744,1278,6.36,2.5,2868.72,100.16,Stain,96.29,2.28,60.69,96.58,Excellent,On Target
TP100849,2023-04-29 00:00:00,Night,Denim Fabric,Linen,TM005,OP006,58710,56548,55531,1017,7.79,2.53,2704.75,89.62,Tear,96.32,1.8,67.52,97.3,Excellent,On Target
TP100850,2023-04-30 00:00:00,Night,Linen Fabric,Linen,TM002,OP005,45485,41619,40784,835,7.79,0.91,1990.18,69.25,Uneven Weaving,91.5,2.01,88.32,96.99,Excellent,On Target
TP100851,2023-05-01 00:00:00,Morning,Polyester Fabric,Silk,TM006,OP003,41714,39687,37430,2257,7.92,1.29,1776.08,277.99,Thread Breakage,95.14,5.69,83.71,91.47,Excellent,On Target
TP100852,2023-05-02 00:00:00,Morning,Cotton Fabric,Cotton,TM002,OP003,50652,43285,41484,1801,6.99,1.41,2287.47,108.27,No Defect,85.46,4.16,79.83,93.76,Excellent,Moderate
TP100853,2023-05-03 00:00:00,Night,Denim Fabric,Linen,TM005,OP004,34748,31475,31306,169,10.7,0.47,1453.26,136.04,Uneven Weaving,90.58,0.54,95.61,99.19,Excellent,On Target
TP100854,2023-05-04 00:00:00,Night,Denim Fabric,Linen,TM002,OP002,51233,44435,42973,1462,6.73,0.09,2254.78,120.13,Thread Breakage,86.73,3.29,98.66,95.06,Excellent,Moderate
TP100855,2023-05-05 00:00:00,Morning,Linen Fabric,Denim,TM005,OP007,39435,33466,32411,1055,9.81,2.84,1810.43,153.41,Stain,84.86,3.15,71.05,95.27,Excellent,Moderate
TP100856,2023-05-06 00:00:00,Night,Silk Fabric,Silk,TM004,OP004,33709,30423,30046,377,6.74,0.72,1674.9,228.51,Uneven Weaving,90.25,1.24,89.32,98.14,Excellent,On Target
TP100857,2023-05-07 00:00:00,Evening,Silk Fabric,Linen,TM003,OP005,55657,51445,48927,2518,6.42,0.72,2637.22,267.65,Tear,92.43,4.89,88.79,92.66,Excellent,On Target
TP100858,2023-05-08 00:00:00,Evening,Polyester Fabric,Linen,TM002,OP004,53003,52020,49386,2634,11.46,0.25,2485.08,95.65,Color Variation,98.15,5.06,97.82,92.4,Excellent,On Target
TP100859,2023-05-09 00:00:00,Evening,Cotton Fabric,Linen,TM005,OP005,55031,50549,47928,2621,7.14,2.79,2701.26,221.6,Tear,91.86,5.19,60.92,92.22,Excellent,On Target
TP100860,2023-05-10 00:00:00,Night,Cotton Fabric,Linen,TM002,OP004,43116,40742,38609,2133,10.93,1.74,1872.92,138.14,Stain,94.49,5.24,84.08,92.15,Excellent,On Target
TP100861,2023-05-11 00:00:00,Morning,Linen Fabric,Cotton,TM006,OP006,55470,52460,52198,262,9.27,2,2557.33,295.13,No Defect,94.57,0.5,78.43,99.25,Excellent,On Target
TP100862,2023-05-12 00:00:00,Morning,Linen Fabric,Polyester,TM003,OP008,39576,43064,40179,2885,6.47,2.73,1948.24,124.73,Uneven Weaving,100,6.7,57.81,89.95,Good,On Target
TP100863,2023-05-13 00:00:00,Morning,Silk Fabric,Denim,TM004,OP002,40150,31048,29250,1798,11.73,1.04,1825.57,51.8,No Defect,77.33,5.79,91.13,91.31,Excellent,Moderate
TP100864,2023-05-14 00:00:00,Night,Cotton Fabric,Cotton,TM001,OP006,49456,42129,39443,2686,7.48,1.86,2250.55,178.91,Stain,85.18,6.38,75.13,90.44,Excellent,Moderate
TP100865,2023-05-15 00:00:00,Night,Cotton Fabric,Denim,TM001,OP001,36530,36646,36426,220,11.16,0.12,2082.28,87.68,Uneven Weaving,100,0.6,98.92,99.1,Excellent,On Target
TP100866,2023-05-16 00:00:00,Evening,Cotton Fabric,Linen,TM002,OP008,40188,35179,32868,2311,7.01,0.56,1942.78,61.12,Thread Breakage,87.54,6.57,92.01,90.15,Excellent,Moderate
TP100867,2023-05-17 00:00:00,Night,Polyester Fabric,Denim,TM005,OP008,44683,42985,40508,2477,11.12,2.49,1978.26,224.57,Thread Breakage,96.2,5.76,77.61,91.36,Excellent,On Target
TP100868,2023-05-18 00:00:00,Evening,Polyester Fabric,Silk,TM006,OP008,58861,53923,50719,3204,6.08,2.3,3096.59,233.06,Tear,91.61,5.94,62.17,91.09,Excellent,On Target
TP100869,2023-05-19 00:00:00,Evening,Linen Fabric,Silk,TM003,OP002,30504,31949,31596,353,9.07,1.05,1642.23,165.17,Tear,100,1.1,88.42,98.34,Excellent,On Target
TP100870,2023-05-20 00:00:00,Morning,Silk Fabric,Polyester,TM004,OP007,31214,25661,24300,1361,10.62,1.13,1475.07,219.22,Stain,82.21,5.3,89.36,92.04,Excellent,Moderate
TP100871,2023-05-21 00:00:00,Night,Denim Fabric,Polyester,TM004,OP004,31531,31075,28981,2094,11.61,1.6,1595.83,184.56,Thread Breakage,98.55,6.74,86.22,89.89,Good,On Target
TP100872,2023-05-22 00:00:00,Morning,Silk Fabric,Denim,TM004,OP008,58016,59320,56407,2913,11.46,0,2752.73,207.45,Uneven Weaving,100,4.91,100,92.63,Excellent,On Target
TP100873,2023-05-23 00:00:00,Morning,Polyester Fabric,Cotton,TM001,OP003,53960,44732,42849,1883,10.92,0.72,2172.35,199.18,Thread Breakage,82.9,4.21,93.41,93.69,Excellent,Moderate
TP100874,2023-05-24 00:00:00,Night,Polyester Fabric,Cotton,TM003,OP001,30823,29430,27474,1956,11.33,0.62,1492.13,216.46,Tear,95.48,6.65,94.53,90.03,Excellent,On Target
TP100875,2023-05-25 00:00:00,Night,Linen Fabric,Linen,TM001,OP008,47312,39383,38052,1331,7.2,0.75,2073.55,99.91,Stain,83.24,3.38,89.58,94.93,Excellent,Moderate
TP100876,2023-05-26 00:00:00,Evening,Denim Fabric,Cotton,TM002,OP003,35029,31600,30211,1389,7.71,2.42,1413.79,117.18,Thread Breakage,90.21,4.4,68.61,93.41,Excellent,On Target
TP100877,2023-05-27 00:00:00,Evening,Cotton Fabric,Polyester,TM004,OP008,43428,38305,36927,1378,7.73,0.84,1837.11,159.99,Stain,88.2,3.6,89.13,94.6,Excellent,Moderate
TP100878,2023-05-28 00:00:00,Evening,Denim Fabric,Cotton,TM003,OP006,46517,34041,31807,2234,8.26,0.57,1713.19,161.53,Thread Breakage,73.18,6.56,93.1,90.16,Excellent,Below Target
TP100879,2023-05-29 00:00:00,Evening,Denim Fabric,Linen,TM004,OP007,32105,29848,29551,297,8.36,1.51,1619.46,243.6,No Defect,92.97,1,81.94,98.51,Excellent,On Target
TP100880,2023-05-30 00:00:00,Morning,Denim Fabric,Silk,TM001,OP002,33627,30602,29452,1150,9.27,2.6,1457.95,141.85,Thread Breakage,91,3.76,71.95,94.36,Excellent,On Target
TP100881,2023-05-31 00:00:00,Morning,Linen Fabric,Cotton,TM001,OP007,42972,43124,40983,2141,6.96,0.72,2154.01,90.63,Tear,100,4.96,89.66,92.55,Excellent,On Target
TP100882,2023-06-01 00:00:00,Night,Polyester Fabric,Cotton,TM001,OP001,52700,49685,46879,2806,10.15,0.24,2363.49,112.87,Uneven Weaving,94.28,5.65,97.64,91.53,Excellent,On Target
TP100883,2023-06-02 00:00:00,Evening,Cotton Fabric,Polyester,TM004,OP006,31852,33775,32326,1449,7.01,1.07,1772.76,103.68,Tear,100,4.29,84.74,93.56,Excellent,On Target
TP100884,2023-06-03 00:00:00,Evening,Denim Fabric,Denim,TM003,OP004,34910,31681,29651,2030,7.86,2.24,1817.5,232.92,Tear,90.75,6.41,71.5,90.39,Excellent,On Target
TP100885,2023-06-04 00:00:00,Evening,Cotton Fabric,Silk,TM003,OP003,59844,53418,49880,3538,9.02,1.65,2477.13,167.58,Tear,89.26,6.62,81.71,90.07,Excellent,Moderate
TP100886,2023-06-05 00:00:00,Morning,Denim Fabric,Denim,TM002,OP004,50559,44851,44439,412,10.78,2.45,2223.29,227.16,Stain,88.71,0.92,77.27,98.62,Excellent,Moderate
TP100887,2023-06-06 00:00:00,Night,Polyester Fabric,Linen,TM004,OP005,57509,49988,48431,1557,10.44,2.88,2505.05,154.05,Color Variation,86.92,3.11,72.41,95.33,Excellent,Moderate
TP100888,2023-06-07 00:00:00,Morning,Cotton Fabric,Linen,TM002,OP007,57860,43132,42851,281,9.87,2.38,2160.48,272.43,Color Variation,74.55,0.65,75.89,99.02,Excellent,Below Target
TP100889,2023-06-08 00:00:00,Night,Silk Fabric,Denim,TM006,OP001,58874,52079,50703,1376,6.93,1.81,2863.06,295.88,No Defect,88.46,2.64,73.88,96.04,Excellent,Moderate
TP100890,2023-06-09 00:00:00,Night,Polyester Fabric,Polyester,TM002,OP003,41003,30968,29732,1236,9.28,1.48,1540.22,217.46,Tear,75.53,3.99,84.05,94.01,Excellent,Moderate
TP100891,2023-06-10 00:00:00,Morning,Cotton Fabric,Polyester,TM002,OP002,51732,48196,45102,3094,6.52,0.12,2161.02,265.95,Color Variation,93.16,6.42,98.16,90.37,Excellent,On Target
TP100892,2023-06-11 00:00:00,Morning,Denim Fabric,Polyester,TM002,OP008,55826,45397,42672,2725,8.26,2.95,2021.07,176.98,No Defect,81.32,6,64.29,91,Excellent,Moderate
TP100893,2023-06-12 00:00:00,Night,Denim Fabric,Silk,TM001,OP002,43843,36714,36226,488,8.48,1.15,1957.75,283.66,Stain,83.74,1.33,86.44,98.01,Excellent,Moderate
TP100894,2023-06-13 00:00:00,Morning,Polyester Fabric,Linen,TM006,OP002,41704,35579,35186,393,6.24,0.46,1883.44,257.9,Tear,85.31,1.1,92.63,98.34,Excellent,Moderate
TP100895,2023-06-14 00:00:00,Morning,Polyester Fabric,Linen,TM002,OP006,45761,40528,38773,1755,7.64,2,1924.29,297.94,Uneven Weaving,88.56,4.33,73.82,93.5,Excellent,Moderate
TP100896,2023-06-15 00:00:00,Night,Denim Fabric,Linen,TM003,OP002,36190,32588,31298,1290,11.73,0.85,1560.82,205.77,Stain,90.05,3.96,92.75,94.06,Excellent,On Target
TP100897,2023-06-16 00:00:00,Night,Cotton Fabric,Silk,TM002,OP003,47640,46493,45456,1037,11.72,1.76,2299.71,244.8,No Defect,97.59,2.23,84.98,96.65,Excellent,On Target
TP100898,2023-06-17 00:00:00,Evening,Silk Fabric,Linen,TM001,OP008,49760,42772,40057,2715,8.11,1.76,1896.04,185.72,Stain,85.96,6.35,78.3,90.48,Excellent,Moderate
TP100899,2023-06-18 00:00:00,Morning,Linen Fabric,Denim,TM005,OP007,35645,33279,31107,2172,6.26,1.34,1732.31,114.78,Uneven Weaving,93.36,6.53,78.59,90.21,Excellent,On Target
TP100900,2023-06-19 00:00:00,Night,Polyester Fabric,Cotton,TM006,OP007,59838,60000,58130,1870,7.07,2.51,2914.88,138.69,Stain,100,3.12,64.5,95.32,Excellent,On Target
TP100901,2023-06-20 00:00:00,Morning,Denim Fabric,Silk,TM005,OP007,49870,46200,43295,2905,8.35,0.79,2667.85,273.5,No Defect,92.64,6.29,90.54,90.57,Excellent,On Target
TP100902,2023-06-21 00:00:00,Morning,Cotton Fabric,Cotton,TM005,OP006,49968,44340,43012,1328,11.69,1.35,2492.21,63.99,Uneven Weaving,88.74,3,88.45,95.51,Excellent,Moderate
TP100903,2023-06-22 00:00:00,Night,Polyester Fabric,Denim,TM006,OP005,39588,33470,31700,1770,6.85,1.61,1951.21,197.87,Uneven Weaving,84.55,5.29,76.5,92.07,Excellent,Moderate
TP100904,2023-06-23 00:00:00,Evening,Cotton Fabric,Polyester,TM004,OP002,41829,37077,35745,1332,10.58,1.99,1751.4,143.12,Stain,88.64,3.59,81.19,94.61,Excellent,Moderate
TP100905,2023-06-24 00:00:00,Night,Polyester Fabric,Polyester,TM003,OP007,38053,31887,31473,414,6.65,2.35,1640.5,146.67,Uneven Weaving,83.8,1.3,64.66,98.05,Excellent,Moderate
TP100906,2023-06-25 00:00:00,Night,Denim Fabric,Polyester,TM001,OP002,33330,30624,28624,2000,11.89,1.18,1533.85,271.14,Stain,91.88,6.53,90.08,90.2,Excellent,On Target
TP100907,2023-06-26 00:00:00,Morning,Cotton Fabric,Silk,TM006,OP008,49087,44534,42997,1537,8.29,1.94,1989.2,263.46,Tear,90.72,3.45,76.6,94.82,Excellent,On Target
TP100908,2023-06-27 00:00:00,Evening,Denim Fabric,Polyester,TM005,OP008,38662,28944,27417,1527,10.65,0.45,1452.17,199.71,Uneven Weaving,74.86,5.28,95.77,92.09,Excellent,Below Target
TP100909,2023-06-28 00:00:00,Night,Cotton Fabric,Silk,TM001,OP006,54504,48983,47569,1414,8.06,2.8,2395.18,118.23,Stain,89.87,2.89,65.26,95.67,Excellent,Moderate
TP100910,2023-06-29 00:00:00,Morning,Polyester Fabric,Silk,TM001,OP002,37114,36198,35973,225,9.77,1.15,1922.65,168.86,Tear,97.53,0.62,88.23,99.07,Excellent,On Target
TP100911,2023-06-30 00:00:00,Night,Linen Fabric,Cotton,TM004,OP005,43323,37780,37344,436,7.15,2.19,1782.1,152.07,Uneven Weaving,87.21,1.15,69.37,98.27,Excellent,Moderate
TP100912,2023-07-01 00:00:00,Morning,Linen Fabric,Polyester,TM005,OP006,31353,26785,25787,998,6.88,0.06,1468.04,138.4,Tear,85.43,3.73,99.13,94.41,Excellent,Moderate
TP100913,2023-07-02 00:00:00,Night,Silk Fabric,Linen,TM002,OP006,40975,32926,31285,1641,11.63,0.62,1958.83,75.7,Thread Breakage,80.36,4.98,94.67,92.52,Excellent,Moderate
TP100914,2023-07-03 00:00:00,Evening,Silk Fabric,Polyester,TM001,OP001,41023,31585,30740,845,11.51,1.46,1805.53,185.78,Uneven Weaving,76.99,2.68,87.32,95.99,Excellent,Moderate
TP100915,2023-07-04 00:00:00,Night,Denim Fabric,Polyester,TM005,OP006,51447,49296,46821,2475,11.32,2.63,2692.39,125.46,Thread Breakage,95.82,5.02,76.77,92.47,Excellent,On Target
TP100916,2023-07-05 00:00:00,Morning,Cotton Fabric,Polyester,TM001,OP002,54933,48742,46285,2457,9.75,1.58,2646.73,215.2,No Defect,88.73,5.04,83.79,92.44,Excellent,Moderate
TP100917,2023-07-06 00:00:00,Night,Silk Fabric,Linen,TM004,OP006,57595,54948,52159,2789,10.85,2.79,2591.32,129.8,No Defect,95.4,5.08,74.29,92.39,Excellent,On Target
TP100918,2023-07-07 00:00:00,Evening,Polyester Fabric,Linen,TM004,OP002,53959,54347,52335,2012,6.41,1.45,2916.8,157.79,Stain,100,3.7,77.38,94.45,Excellent,On Target
TP100919,2023-07-08 00:00:00,Evening,Linen Fabric,Silk,TM002,OP002,30667,29578,27671,1907,8.01,1.47,1487.78,63.09,Color Variation,96.45,6.45,81.65,90.33,Excellent,On Target
TP100920,2023-07-09 00:00:00,Evening,Cotton Fabric,Linen,TM004,OP007,50852,43836,42223,1613,7.88,0.36,2430.97,298.13,Thread Breakage,86.2,3.68,95.43,94.48,Excellent,Moderate
TP100921,2023-07-10 00:00:00,Evening,Linen Fabric,Silk,TM005,OP006,59703,54338,52476,1862,9.81,2.41,2968.4,176.9,Thread Breakage,91.01,3.43,75.43,94.86,Excellent,On Target
TP100922,2023-07-11 00:00:00,Morning,Cotton Fabric,Cotton,TM006,OP001,39337,33710,33105,605,8.14,0.74,1666.61,56.06,No Defect,85.7,1.79,90.91,97.31,Excellent,Moderate
TP100923,2023-07-12 00:00:00,Night,Silk Fabric,Silk,TM004,OP002,43659,37128,36200,928,6.89,2.7,1686.94,185.31,Thread Breakage,85.04,2.5,60.81,96.25,Excellent,Moderate
TP100924,2023-07-13 00:00:00,Evening,Silk Fabric,Polyester,TM006,OP007,53203,49159,48778,381,9.58,2.73,2244.58,267.59,Color Variation,92.4,0.78,71.5,98.84,Excellent,On Target
TP100925,2023-07-14 00:00:00,Night,Denim Fabric,Denim,TM002,OP001,58761,49461,47177,2284,10.89,2.83,2154.55,243.14,Tear,84.17,4.62,74.01,93.07,Excellent,Moderate
TP100926,2023-07-15 00:00:00,Morning,Cotton Fabric,Denim,TM003,OP001,33719,25133,24601,532,8.29,1.56,1200.94,225.23,Tear,74.54,2.12,81.18,96.82,Excellent,Below Target
TP100927,2023-07-16 00:00:00,Night,Polyester Fabric,Polyester,TM001,OP006,49129,41162,40142,1020,6.79,2.03,2009.86,84.87,Color Variation,83.78,2.48,70.1,96.28,Excellent,Moderate
TP100928,2023-07-17 00:00:00,Night,Silk Fabric,Silk,TM001,OP004,37483,32930,31115,1815,7.18,2.34,1566.61,214.43,Thread Breakage,87.85,5.51,67.41,91.73,Excellent,Moderate
TP100929,2023-07-18 00:00:00,Evening,Denim Fabric,Polyester,TM005,OP007,30539,30737,29930,807,7.42,0.39,1590.59,241.57,Thread Breakage,100,2.63,94.74,96.06,Excellent,On Target
TP100930,2023-07-19 00:00:00,Evening,Silk Fabric,Linen,TM002,OP004,57355,49648,48618,1030,7.8,1.8,2708.09,193.1,Thread Breakage,86.56,2.07,76.92,96.89,Excellent,Moderate
TP100931,2023-07-20 00:00:00,Morning,Linen Fabric,Silk,TM002,OP002,34964,32721,32198,523,9.86,0.1,1675.22,273.19,Stain,93.58,1.6,98.99,97.6,Excellent,On Target
TP100932,2023-07-21 00:00:00,Night,Silk Fabric,Polyester,TM002,OP003,58712,52149,49262,2887,9.61,1.49,2673.36,119.25,Uneven Weaving,88.82,5.54,84.5,91.7,Excellent,Moderate
TP100933,2023-07-22 00:00:00,Morning,Cotton Fabric,Linen,TM001,OP004,34835,34342,33881,461,10.18,0.46,1720.39,110.54,Color Variation,98.58,1.34,95.48,97.99,Excellent,On Target
TP100934,2023-07-23 00:00:00,Morning,Denim Fabric,Linen,TM004,OP007,50159,49206,47509,1697,8.18,0.55,2438.83,267.39,Color Variation,98.1,3.45,93.28,94.83,Excellent,On Target
TP100935,2023-07-24 00:00:00,Morning,Cotton Fabric,Silk,TM001,OP006,36042,35405,34061,1344,10.94,1.1,2003.4,206.35,Color Variation,98.23,3.8,89.95,94.31,Excellent,On Target
TP100936,2023-07-25 00:00:00,Evening,Polyester Fabric,Cotton,TM001,OP007,44837,34911,33177,1734,7.22,1.3,1893.07,50.36,Color Variation,77.86,4.97,81.99,92.55,Excellent,Moderate
TP100937,2023-07-26 00:00:00,Evening,Polyester Fabric,Cotton,TM001,OP006,53486,48911,46653,2258,8.81,1.87,2806.2,138.28,Color Variation,91.45,4.62,78.77,93.08,Excellent,On Target
TP100938,2023-07-27 00:00:00,Night,Silk Fabric,Linen,TM004,OP004,37312,35563,33511,2052,10.81,0.22,1549.67,264.46,Thread Breakage,95.31,5.77,97.96,91.34,Excellent,On Target
TP100939,2023-07-28 00:00:00,Night,Denim Fabric,Cotton,TM003,OP003,35320,32731,32472,259,7.08,1.51,1826.47,56.83,Stain,92.67,0.79,78.67,98.81,Excellent,On Target
TP100940,2023-07-29 00:00:00,Night,Denim Fabric,Linen,TM005,OP005,43216,40820,39829,991,6.66,0.55,2178.4,50.81,No Defect,94.46,2.43,91.74,96.36,Excellent,On Target
TP100941,2023-07-30 00:00:00,Evening,Denim Fabric,Cotton,TM003,OP002,52516,47479,46377,1102,11.3,1.72,2098.69,120.31,Thread Breakage,90.41,2.32,84.78,96.52,Excellent,On Target
TP100942,2023-07-31 00:00:00,Evening,Denim Fabric,Linen,TM003,OP007,54275,46018,45351,667,8.06,1.91,2311.61,278.5,Thread Breakage,84.79,1.45,76.3,97.83,Excellent,Moderate
TP100943,2023-08-01 00:00:00,Morning,Silk Fabric,Linen,TM001,OP005,57084,44594,43533,1061,10.1,1.67,2548.24,275.37,Uneven Weaving,78.12,2.38,83.47,96.43,Excellent,Moderate
TP100944,2023-08-02 00:00:00,Evening,Cotton Fabric,Linen,TM003,OP005,32779,28020,27316,704,6.15,2.21,1496.83,179.69,No Defect,85.48,2.51,64.07,96.23,Excellent,Moderate
TP100945,2023-08-03 00:00:00,Morning,Silk Fabric,Linen,TM001,OP001,47308,51446,49444,2002,10.14,1.01,2898.27,188.31,Color Variation,100,3.89,90.04,94.16,Excellent,On Target
TP100946,2023-08-04 00:00:00,Morning,Cotton Fabric,Denim,TM001,OP001,57532,49823,47424,2399,7.9,2.3,2733.55,133,No Defect,86.6,4.82,70.89,92.78,Excellent,Moderate
TP100947,2023-08-05 00:00:00,Evening,Linen Fabric,Cotton,TM005,OP002,31581,25000,24256,744,6.33,1.3,1525.7,110.93,Stain,79.16,2.98,79.46,95.54,Excellent,Moderate
TP100948,2023-08-06 00:00:00,Morning,Linen Fabric,Linen,TM002,OP003,54098,51463,48799,2664,9.66,1.45,2572.69,253.81,Tear,95.13,5.18,84.99,92.24,Excellent,On Target
TP100949,2023-08-07 00:00:00,Morning,Cotton Fabric,Polyester,TM001,OP001,49708,47714,46433,1281,7.44,1.94,2237.07,76.57,Thread Breakage,95.99,2.68,73.92,95.97,Excellent,On Target
TP100950,2023-08-08 00:00:00,Night,Silk Fabric,Silk,TM003,OP007,42677,42255,41246,1009,8.32,0.06,2128.48,171.84,No Defect,99.01,2.39,99.28,96.42,Excellent,On Target
TP100951,2023-08-09 00:00:00,Morning,Polyester Fabric,Polyester,TM005,OP007,35713,33319,31980,1339,6.48,1.96,1612.13,208.6,Uneven Weaving,93.3,4.02,69.75,93.97,Excellent,On Target
TP100952,2023-08-10 00:00:00,Evening,Silk Fabric,Polyester,TM006,OP004,53410,51230,50895,335,6.88,1.86,2762.83,75.92,Stain,95.92,0.65,72.97,99.02,Excellent,On Target
TP100953,2023-08-11 00:00:00,Evening,Polyester Fabric,Denim,TM006,OP007,46639,47983,47494,489,7.79,0.93,2567.69,179.9,Tear,100,1.02,88.06,98.47,Excellent,On Target
TP100954,2023-08-12 00:00:00,Morning,Silk Fabric,Cotton,TM006,OP002,34804,29507,28558,949,6.54,0.26,1430.44,194.38,Stain,84.78,3.22,96.02,95.18,Excellent,Moderate
TP100955,2023-08-13 00:00:00,Night,Denim Fabric,Denim,TM003,OP006,48222,40214,37548,2666,11.46,0.27,2257.28,235.62,Color Variation,83.39,6.63,97.64,90.06,Excellent,Moderate
TP100956,2023-08-14 00:00:00,Evening,Denim Fabric,Cotton,TM002,OP005,40136,33047,31332,1715,6.04,2.77,1550.98,108.71,Tear,82.34,5.19,54.14,92.22,Excellent,Moderate
TP100957,2023-08-15 00:00:00,Evening,Linen Fabric,Linen,TM004,OP007,30009,26450,26166,284,8.9,2.07,1367.98,123.33,Uneven Weaving,88.14,1.07,76.74,98.39,Excellent,Moderate
TP100958,2023-08-16 00:00:00,Night,Linen Fabric,Denim,TM002,OP002,49255,49272,46315,2957,6.74,0.38,2253.83,192.38,Tear,100,6,94.36,91,Excellent,On Target
TP100959,2023-08-17 00:00:00,Morning,Cotton Fabric,Silk,TM005,OP006,55373,51883,49154,2729,7.85,1.07,2702.3,295.78,Uneven Weaving,93.7,5.26,86.37,92.11,Excellent,On Target
TP100960,2023-08-18 00:00:00,Evening,Polyester Fabric,Cotton,TM002,OP006,53793,50254,48007,2247,11.56,1.78,2594.87,104.37,Color Variation,93.42,4.47,84.6,93.29,Excellent,On Target
TP100961,2023-08-19 00:00:00,Morning,Denim Fabric,Denim,TM006,OP001,53802,41570,39146,2424,6.97,2.51,1984.48,296.48,Uneven Weaving,77.26,5.83,63.99,91.25,Excellent,Moderate
TP100962,2023-08-20 00:00:00,Morning,Silk Fabric,Silk,TM002,OP006,59548,50704,49119,1585,11.79,0.13,2383.89,228.59,Stain,85.15,3.13,98.9,95.31,Excellent,Moderate
TP100963,2023-08-21 00:00:00,Morning,Cotton Fabric,Polyester,TM005,OP003,35124,27098,26572,526,7.23,0.71,1562.01,256.52,No Defect,77.15,1.94,90.18,97.09,Excellent,Moderate
TP100964,2023-08-22 00:00:00,Morning,Silk Fabric,Linen,TM005,OP006,31015,30456,29290,1166,10.45,2.67,1347.86,72.41,Stain,98.2,3.83,74.45,94.26,Excellent,On Target
TP100965,2023-08-23 00:00:00,Evening,Denim Fabric,Linen,TM006,OP006,56400,57020,54701,2319,9.28,0.03,3237.98,125.11,Thread Breakage,100,4.07,99.68,93.9,Excellent,On Target
TP100966,2023-08-24 00:00:00,Night,Denim Fabric,Polyester,TM003,OP005,59045,56363,54109,2254,11.31,0.6,3144.5,64.43,Stain,95.46,4,94.69,94,Excellent,On Target
TP100967,2023-08-25 00:00:00,Evening,Denim Fabric,Denim,TM001,OP003,57712,47954,45953,2001,9.32,2.88,2328.42,142.89,Tear,83.09,4.17,69.1,93.74,Excellent,Moderate
TP100968,2023-08-26 00:00:00,Night,Denim Fabric,Polyester,TM004,OP002,32193,32313,30159,2154,9.21,1.84,1613.84,295.32,Color Variation,100,6.67,80.02,90,Excellent,On Target
TP100969,2023-08-27 00:00:00,Morning,Silk Fabric,Silk,TM004,OP003,38415,33892,31735,2157,7.17,0.79,1535.2,76.32,Thread Breakage,88.23,6.36,88.98,90.45,Excellent,Moderate
TP100970,2023-08-28 00:00:00,Night,Cotton Fabric,Cotton,TM006,OP003,43550,35493,33295,2198,7,0.2,1812.94,190.59,Thread Breakage,81.5,6.19,97.14,90.71,Excellent,Moderate
TP100971,2023-08-29 00:00:00,Morning,Denim Fabric,Denim,TM004,OP002,44512,37056,34940,2116,11.5,0.08,2112.24,51.52,Thread Breakage,83.25,5.71,99.3,91.43,Excellent,Moderate
TP100972,2023-08-30 00:00:00,Evening,Linen Fabric,Cotton,TM002,OP005,59524,51779,48345,3434,7.97,0.73,2506.74,228.17,No Defect,86.99,6.63,90.84,90.05,Excellent,Moderate
TP100973,2023-08-31 00:00:00,Evening,Cotton Fabric,Polyester,TM005,OP007,53833,48637,48082,555,8.23,2.64,2613.26,99.3,Uneven Weaving,90.35,1.14,67.92,98.29,Excellent,On Target
TP100974,2023-09-01 00:00:00,Night,Linen Fabric,Linen,TM005,OP008,34158,30356,29681,675,10.56,1.25,1653.39,82.4,Tear,88.87,2.22,88.16,96.66,Excellent,Moderate
TP100975,2023-09-02 00:00:00,Morning,Silk Fabric,Cotton,TM006,OP006,59912,47996,46212,1784,8.03,2.16,2445.44,134.25,Color Variation,80.11,3.72,73.1,94.42,Excellent,Moderate
TP100976,2023-09-03 00:00:00,Morning,Denim Fabric,Cotton,TM005,OP003,50309,49551,46577,2974,11.71,2.75,2858.89,242.76,No Defect,98.49,6,76.52,91,Excellent,On Target
TP100977,2023-09-04 00:00:00,Night,Cotton Fabric,Linen,TM001,OP003,36970,32883,31639,1244,10.43,1.22,1719.37,76.65,Stain,88.95,3.78,88.3,94.33,Excellent,Moderate
TP100978,2023-09-05 00:00:00,Morning,Denim Fabric,Cotton,TM005,OP007,36938,31399,29715,1684,9.58,0.57,1693.75,107.46,Color Variation,85,5.36,94.05,91.96,Excellent,Moderate
TP100979,2023-09-06 00:00:00,Morning,Denim Fabric,Cotton,TM005,OP002,51168,50028,49326,702,11.29,1.55,2305.82,52.12,Thread Breakage,97.77,1.4,86.27,97.9,Excellent,On Target
TP100980,2023-09-07 00:00:00,Morning,Cotton Fabric,Linen,TM002,OP004,43772,35769,35003,766,6.3,2.72,1806.12,292.1,Color Variation,81.72,2.14,56.83,96.79,Excellent,Moderate
TP100981,2023-09-08 00:00:00,Evening,Denim Fabric,Linen,TM003,OP007,50384,39601,37519,2082,7.54,2.41,2173.66,198.04,Color Variation,78.6,5.26,68.04,92.11,Excellent,Moderate
TP100982,2023-09-09 00:00:00,Evening,Denim Fabric,Polyester,TM004,OP003,48017,47492,46746,746,8.79,0.2,2638.62,229.97,Stain,98.91,1.57,97.72,97.64,Excellent,On Target
TP100983,2023-09-10 00:00:00,Evening,Polyester Fabric,Polyester,TM002,OP001,40344,41651,40492,1159,7.36,2.08,2195.13,212.85,Uneven Weaving,100,2.78,71.74,95.83,Excellent,On Target
TP100984,2023-09-11 00:00:00,Morning,Polyester Fabric,Cotton,TM002,OP006,37266,32334,31616,718,10.46,1.72,1838.2,86.09,Tear,86.77,2.22,83.56,96.67,Excellent,Moderate
TP100985,2023-09-12 00:00:00,Evening,Cotton Fabric,Denim,TM002,OP006,38702,34707,33744,963,11.52,2.72,1727.31,198.73,Thread Breakage,89.68,2.77,76.39,95.84,Excellent,Moderate
TP100986,2023-09-13 00:00:00,Morning,Cotton Fabric,Polyester,TM004,OP007,30384,25000,23724,1276,8.54,0.37,1222.72,82.85,Uneven Weaving,82.28,5.1,95.67,92.34,Excellent,Moderate
TP100987,2023-09-14 00:00:00,Morning,Denim Fabric,Polyester,TM006,OP005,30404,27375,26584,791,8.05,1.6,1399.23,150.31,No Defect,90.04,2.89,80.12,95.67,Excellent,On Target
TP100988,2023-09-15 00:00:00,Night,Linen Fabric,Denim,TM002,OP007,38175,33086,31726,1360,11.77,2.64,1628.66,192.24,Thread Breakage,86.67,4.11,77.57,93.83,Excellent,Moderate
TP100989,2023-09-16 00:00:00,Morning,Cotton Fabric,Denim,TM003,OP003,45158,40319,39856,463,8.67,1.23,2093.11,189.72,Tear,89.28,1.15,85.81,98.28,Excellent,Moderate
TP100990,2023-09-17 00:00:00,Evening,Denim Fabric,Linen,TM006,OP002,59189,54966,51815,3151,8.93,1.45,2863.17,79.77,No Defect,92.87,5.73,83.76,91.4,Excellent,On Target
TP100991,2023-09-18 00:00:00,Evening,Linen Fabric,Polyester,TM005,OP001,42763,35200,34178,1022,8.11,0.21,1575.5,58.61,Stain,82.31,2.9,97.41,95.64,Excellent,Moderate
TP100992,2023-09-19 00:00:00,Morning,Polyester Fabric,Silk,TM003,OP007,48384,42320,40324,1996,11.46,0.83,1859.41,249.56,Uneven Weaving,87.47,4.72,92.76,92.93,Excellent,Moderate
TP100993,2023-09-20 00:00:00,Evening,Cotton Fabric,Silk,TM006,OP002,57332,44360,42047,2313,9.41,0.97,2193.19,231.48,Thread Breakage,77.37,5.21,89.69,92.18,Excellent,Moderate
TP100994,2023-09-21 00:00:00,Morning,Denim Fabric,Cotton,TM005,OP007,39860,34884,34234,650,10.57,2.84,1888.41,70.45,Color Variation,87.52,1.86,73.13,97.21,Excellent,Moderate
TP100995,2023-09-22 00:00:00,Night,Polyester Fabric,Polyester,TM005,OP003,35989,32155,30145,2010,10.87,0.85,1589.28,81.85,Tear,89.35,6.25,92.18,90.62,Excellent,Moderate
TP100996,2023-09-23 00:00:00,Morning,Silk Fabric,Silk,TM002,OP001,45106,41318,39456,1862,8.05,1.38,2367.04,273.15,Thread Breakage,91.6,4.51,82.86,93.24,Excellent,On Target
TP100997,2023-09-24 00:00:00,Morning,Polyester Fabric,Polyester,TM002,OP005,47844,43862,42420,1442,8.6,2.01,1998.47,242.28,Color Variation,91.68,3.29,76.63,95.07,Excellent,On Target
TP100998,2023-09-25 00:00:00,Night,Denim Fabric,Polyester,TM004,OP005,53574,51606,50736,870,11.09,0.49,2312.58,299.04,Thread Breakage,96.33,1.69,95.58,97.47,Excellent,On Target
TP100999,2023-09-26 00:00:00,Evening,Linen Fabric,Silk,TM001,OP007,53524,42403,39594,2809,8.18,1.46,2343.43,113.5,No Defect,79.22,6.62,82.15,90.06,Excellent,Moderate
TP101000,2023-09-27 00:00:00,Night,Silk Fabric,Polyester,TM003,OP008,33636,26773,25325,1448,10.76,2.22,1205.19,171.95,Color Variation,79.6,5.41,79.37,91.89,Excellent,Moderate
TP101001,2023-09-28 00:00:00,Night,Silk Fabric,Denim,TM004,OP005,40916,38339,37629,710,11.65,2.6,1665.6,109.11,Color Variation,93.7,1.85,77.68,97.22,Excellent,On Target
TP101002,2023-09-29 00:00:00,Morning,Silk Fabric,Cotton,TM004,OP008,34809,26360,25650,710,9.74,1.88,1216.49,205.7,Thread Breakage,75.73,2.69,80.7,95.96,Excellent,Moderate
TP101003,2023-09-30 00:00:00,Morning,Cotton Fabric,Linen,TM003,OP008,50562,46155,43495,2660,10.45,2.01,2326.75,78.85,Stain,91.28,5.76,80.77,91.36,Excellent,On Target
TP101004,2023-10-01 00:00:00,Night,Denim Fabric,Silk,TM006,OP004,43456,35520,33736,1784,10.83,0.38,1948.9,81.81,Stain,81.74,5.02,96.49,92.47,Excellent,Moderate
TP101005,2023-10-02 00:00:00,Evening,Silk Fabric,Linen,TM003,OP002,45444,45903,43389,2514,11.07,2.84,2256.46,67.97,Uneven Weaving,100,5.48,74.35,91.78,Excellent,On Target
TP101006,2023-10-03 00:00:00,Night,Polyester Fabric,Cotton,TM005,OP003,53629,49206,47549,1657,8.37,0.4,2492.03,223.4,No Defect,91.75,3.37,95.22,94.95,Excellent,On Target
TP101007,2023-10-04 00:00:00,Evening,Linen Fabric,Denim,TM001,OP001,52984,46873,44456,2417,6.31,2.32,2578.61,173.52,Stain,88.47,5.16,63.23,92.27,Excellent,Moderate
TP101008,2023-10-05 00:00:00,Night,Denim Fabric,Denim,TM006,OP007,35997,35491,34422,1069,8.41,0.79,1885.17,204.43,Thread Breakage,98.59,3.01,90.61,95.48,Excellent,On Target
TP101009,2023-10-06 00:00:00,Night,Polyester Fabric,Denim,TM002,OP007,32048,26458,25962,496,10.04,2.8,1298.56,269.83,Stain,82.56,1.87,72.11,97.19,Excellent,Moderate
TP101010,2023-10-07 00:00:00,Evening,Cotton Fabric,Denim,TM001,OP006,42338,35516,33878,1638,8.7,2.16,1988.67,235.08,Uneven Weaving,83.89,4.61,75.17,93.08,Excellent,Moderate
TP101011,2023-10-08 00:00:00,Night,Silk Fabric,Silk,TM001,OP006,51164,41530,38688,2842,10.49,2.26,2164.97,165.43,Tear,81.17,6.84,78.46,89.74,Good,Moderate
TP101012,2023-10-09 00:00:00,Morning,Polyester Fabric,Silk,TM002,OP002,47100,39538,38542,996,8.14,0.66,2251.46,296.09,Uneven Weaving,83.94,2.52,91.89,96.22,Excellent,Moderate
TP101013,2023-10-10 00:00:00,Night,Denim Fabric,Polyester,TM001,OP003,54323,49123,47406,1717,9.81,1.33,2294.29,164.06,Color Variation,90.43,3.5,86.44,94.76,Excellent,On Target
TP101014,2023-10-11 00:00:00,Morning,Polyester Fabric,Polyester,TM006,OP004,51949,48550,46180,2370,7.12,1.85,2292.83,78.11,Color Variation,93.46,4.88,74.02,92.68,Excellent,On Target
TP101015,2023-10-12 00:00:00,Evening,Cotton Fabric,Cotton,TM006,OP003,34544,33414,32071,1343,10.5,2.31,1928.52,298.16,Stain,96.73,4.02,78,93.97,Excellent,On Target
TP101016,2023-10-13 00:00:00,Evening,Linen Fabric,Polyester,TM006,OP002,34976,27011,25395,1616,9.27,0.31,1214.2,55.71,Stain,77.23,5.98,96.66,91.03,Excellent,Moderate
TP101017,2023-10-14 00:00:00,Morning,Silk Fabric,Cotton,TM004,OP003,42775,37983,35912,2071,7.22,2.89,2240.41,187.47,Uneven Weaving,88.8,5.45,59.97,91.82,Excellent,Moderate
TP101018,2023-10-15 00:00:00,Night,Denim Fabric,Cotton,TM004,OP006,40015,32909,32620,289,7.75,2.67,1581.41,127.27,Uneven Weaving,82.24,0.88,65.55,98.68,Excellent,Moderate
TP101019,2023-10-16 00:00:00,Morning,Silk Fabric,Cotton,TM006,OP006,56657,50177,46670,3507,10.49,0.81,2336.63,175.89,Thread Breakage,88.56,6.99,92.28,89.52,Good,Moderate
TP101020,2023-10-17 00:00:00,Morning,Silk Fabric,Denim,TM002,OP001,33419,35537,33621,1916,8.9,2.47,1635.65,189.68,No Defect,100,5.39,72.25,91.91,Excellent,On Target
TP101021,2023-10-18 00:00:00,Evening,Silk Fabric,Linen,TM002,OP004,44430,40895,38394,2501,7.3,1.55,2296.4,110.02,Thread Breakage,92.04,6.12,78.77,90.83,Excellent,On Target
TP101022,2023-10-19 00:00:00,Morning,Polyester Fabric,Linen,TM003,OP006,37239,35860,34163,1697,11.8,1.39,1692.96,189.21,Color Variation,96.3,4.73,88.22,92.9,Excellent,On Target
TP101023,2023-10-20 00:00:00,Night,Polyester Fabric,Silk,TM003,OP001,56150,58241,54708,3533,10.29,0.94,2614.51,239.02,Thread Breakage,100,6.07,90.86,90.9,Excellent,On Target
TP101024,2023-10-21 00:00:00,Morning,Linen Fabric,Cotton,TM006,OP004,44489,43551,43015,536,11.74,1.74,2100.97,116.63,Uneven Weaving,97.89,1.23,85.18,98.15,Excellent,On Target
TP101025,2023-10-22 00:00:00,Evening,Cotton Fabric,Denim,TM001,OP006,46633,40508,39390,1118,8.56,2.19,2075.21,145.86,Thread Breakage,86.87,2.76,74.42,95.86,Excellent,Moderate
TP101026,2023-10-23 00:00:00,Night,Denim Fabric,Polyester,TM001,OP004,55249,44790,42014,2776,8.85,1.23,2581.18,117.06,Tear,81.07,6.2,86.1,90.7,Excellent,Moderate
TP101027,2023-10-24 00:00:00,Evening,Polyester Fabric,Polyester,TM002,OP008,59109,53073,52112,961,11.39,1.89,2594.86,255.14,No Defect,89.79,1.81,83.41,97.28,Excellent,Moderate
TP101028,2023-10-25 00:00:00,Morning,Silk Fabric,Silk,TM001,OP003,40357,34718,34368,350,9.15,2.1,1801.68,231.25,Uneven Weaving,86.03,1.01,77.05,98.49,Excellent,Moderate
TP101029,2023-10-26 00:00:00,Morning,Cotton Fabric,Silk,TM005,OP001,47154,37406,35303,2103,10.24,2.13,1817.76,267.8,Stain,79.33,5.62,79.2,91.57,Excellent,Moderate
TP101030,2023-10-27 00:00:00,Evening,Denim Fabric,Cotton,TM004,OP004,58538,53671,50488,3183,7.51,0.16,2709.8,92.51,Thread Breakage,91.69,5.93,97.87,91.1,Excellent,On Target
TP101031,2023-10-28 00:00:00,Evening,Denim Fabric,Cotton,TM001,OP007,34363,31566,31074,492,8.68,2.58,1530.01,68.39,Uneven Weaving,91.86,1.56,70.28,97.66,Excellent,On Target
TP101032,2023-10-29 00:00:00,Night,Denim Fabric,Polyester,TM001,OP004,40176,41134,38644,2490,6.74,1.37,2303.29,79.85,Stain,100,6.05,79.67,90.92,Excellent,On Target
TP101033,2023-10-30 00:00:00,Evening,Denim Fabric,Polyester,TM003,OP003,47461,41513,39452,2061,7.24,0.79,2358.66,90.25,Stain,87.47,4.96,89.09,92.55,Excellent,Moderate
TP101034,2023-10-31 00:00:00,Evening,Linen Fabric,Polyester,TM005,OP006,38427,35338,33967,1371,6.01,0.73,2045,183.27,Color Variation,91.96,3.88,87.85,94.18,Excellent,On Target
TP101035,2023-11-01 00:00:00,Morning,Denim Fabric,Polyester,TM001,OP006,38580,32925,30984,1941,6.24,1.45,1962.3,292.73,Color Variation,85.34,5.9,76.76,91.16,Excellent,Moderate
TP101036,2023-11-02 00:00:00,Morning,Cotton Fabric,Linen,TM004,OP007,57613,55373,53587,1786,11.86,2.66,2759.74,139.31,Uneven Weaving,96.11,3.23,77.57,95.16,Excellent,On Target
TP101037,2023-11-03 00:00:00,Evening,Polyester Fabric,Cotton,TM001,OP002,54285,48383,47531,852,7.45,1.14,2303.72,289.63,Uneven Weaving,89.13,1.76,84.7,97.36,Excellent,Moderate
TP101038,2023-11-04 00:00:00,Evening,Cotton Fabric,Cotton,TM002,OP002,34858,28511,27841,670,9.98,2.25,1456.78,59.55,Tear,81.79,2.35,77.45,96.48,Excellent,Moderate
TP101039,2023-11-05 00:00:00,Morning,Silk Fabric,Polyester,TM005,OP006,40040,35998,34636,1362,11.03,0.29,1825.89,281.72,No Defect,89.91,3.78,97.37,94.32,Excellent,Moderate
TP101040,2023-11-06 00:00:00,Night,Linen Fabric,Denim,TM001,OP008,52928,49082,47141,1941,9.3,1.43,2400.3,95.29,No Defect,92.73,3.95,84.62,94.07,Excellent,On Target
TP101041,2023-11-07 00:00:00,Night,Linen Fabric,Polyester,TM005,OP007,51103,46906,44215,2691,6.92,2.98,2391.78,278.12,Uneven Weaving,91.79,5.74,56.94,91.39,Excellent,On Target
TP101042,2023-11-08 00:00:00,Night,Silk Fabric,Silk,TM001,OP005,49198,47880,45178,2702,10.37,2.31,2506.05,64.06,Color Variation,97.32,5.64,77.72,91.54,Excellent,On Target
TP101043,2023-11-09 00:00:00,Night,Cotton Fabric,Denim,TM004,OP005,49758,39739,38039,1700,9.6,0.63,2144.44,287.05,Thread Breakage,79.86,4.28,93.44,93.58,Excellent,Moderate
TP101044,2023-11-10 00:00:00,Morning,Cotton Fabric,Silk,TM004,OP007,45254,38059,35937,2122,10.39,1.5,1878.09,100.2,Tear,84.1,5.58,85.56,91.64,Excellent,Moderate
TP101045,2023-11-11 00:00:00,Evening,Silk Fabric,Denim,TM005,OP004,41470,39180,38496,684,10.62,0.7,2230.28,125.68,No Defect,94.48,1.75,93.41,97.38,Excellent,On Target
TP101046,2023-11-12 00:00:00,Night,Denim Fabric,Silk,TM006,OP006,31252,26540,26321,219,11.85,1.23,1627.53,172.74,Uneven Weaving,84.92,0.83,89.62,98.76,Excellent,Moderate
TP101047,2023-11-13 00:00:00,Morning,Denim Fabric,Polyester,TM003,OP002,36996,33919,31823,2096,9.44,2.34,1744.94,145.18,Color Variation,91.68,6.18,75.21,90.73,Excellent,On Target
TP101048,2023-11-14 00:00:00,Evening,Polyester Fabric,Polyester,TM003,OP004,42173,30812,30507,305,8.05,2.31,1422.46,216.88,Color Variation,73.06,0.99,71.3,98.52,Excellent,Below Target
TP101049,2023-11-15 00:00:00,Night,Cotton Fabric,Denim,TM002,OP001,34673,37798,37003,795,9.89,0.68,1796.25,293.7,Color Variation,100,2.1,93.12,96.85,Excellent,On Target
TP101050,2023-11-16 00:00:00,Evening,Cotton Fabric,Silk,TM006,OP007,56698,49958,47450,2508,6.41,2.77,2252.47,201.61,Thread Breakage,88.11,5.02,56.79,92.47,Excellent,Moderate
TP101051,2023-11-17 00:00:00,Night,Silk Fabric,Linen,TM003,OP007,50914,50078,48495,1583,11.38,1.78,2393.28,230.37,Stain,98.36,3.16,84.36,95.26,Excellent,On Target
TP101052,2023-11-18 00:00:00,Evening,Silk Fabric,Denim,TM005,OP008,56726,49716,46636,3080,6.72,1.14,2475.75,72,Thread Breakage,87.64,6.2,83.04,90.71,Excellent,Moderate
TP101053,2023-11-19 00:00:00,Night,Denim Fabric,Denim,TM003,OP002,45781,42532,41496,1036,7.97,1.51,2015.04,206.95,Color Variation,92.9,2.44,81.05,96.35,Excellent,On Target
TP101054,2023-11-20 00:00:00,Night,Cotton Fabric,Cotton,TM002,OP002,43051,43242,42992,250,10.89,1.82,1986.68,163.46,Uneven Weaving,100,0.58,83.29,99.13,Excellent,On Target
TP101055,2023-11-21 00:00:00,Evening,Cotton Fabric,Denim,TM001,OP002,36881,36203,35314,889,9.58,1.68,2040.42,271.45,Tear,98.16,2.46,82.46,96.32,Excellent,On Target
TP101056,2023-11-22 00:00:00,Evening,Linen Fabric,Linen,TM003,OP007,36949,32725,31332,1393,8.36,1.46,1731.57,147.05,Thread Breakage,88.57,4.26,82.54,93.61,Excellent,Moderate
TP101057,2023-11-23 00:00:00,Evening,Polyester Fabric,Polyester,TM005,OP005,39521,35195,34159,1036,8.84,1.51,1980.89,219.86,Uneven Weaving,89.05,2.94,82.92,95.58,Excellent,Moderate
TP101058,2023-11-24 00:00:00,Morning,Polyester Fabric,Silk,TM005,OP003,52625,51059,49029,2030,11.13,0.53,2632.44,107.04,Color Variation,97.02,3.98,95.24,94.04,Excellent,On Target
TP101059,2023-11-25 00:00:00,Morning,Denim Fabric,Cotton,TM002,OP008,38017,40425,37920,2505,8.04,2.44,1849.14,114.84,Tear,100,6.2,69.65,90.71,Excellent,On Target
TP101060,2023-11-26 00:00:00,Evening,Cotton Fabric,Silk,TM002,OP003,36941,33744,31574,2170,11.22,1.63,1789.31,144.03,No Defect,91.35,6.43,85.47,90.35,Excellent,On Target
TP101061,2023-11-27 00:00:00,Morning,Linen Fabric,Polyester,TM004,OP008,55934,58003,56710,1293,6.53,0.39,3013.73,126.02,No Defect,100,2.23,94.03,96.66,Excellent,On Target
TP101062,2023-11-28 00:00:00,Night,Cotton Fabric,Denim,TM004,OP007,53386,47145,45493,1652,10.66,2.3,2177.46,113.47,Uneven Weaving,88.31,3.5,78.42,94.74,Excellent,Moderate
TP101063,2023-11-29 00:00:00,Evening,Silk Fabric,Linen,TM004,OP005,57058,55154,52910,2244,11.09,2.8,2707.6,62.42,Tear,96.66,4.07,74.75,93.9,Excellent,On Target
TP101064,2023-11-30 00:00:00,Morning,Denim Fabric,Cotton,TM001,OP008,59118,57763,53911,3852,7.09,2.84,2786.37,259.19,Uneven Weaving,97.71,6.67,59.94,90,Good,On Target
TP101065,2023-12-01 00:00:00,Evening,Polyester Fabric,Linen,TM005,OP006,40209,35034,32585,2449,8.58,1.11,1596.81,66.08,Tear,87.13,6.99,87.06,89.51,Good,Moderate
TP101066,2023-12-02 00:00:00,Night,Cotton Fabric,Linen,TM004,OP006,47715,40448,39627,821,6.99,0.41,1998.36,271.84,Tear,84.77,2.03,94.13,96.96,Excellent,Moderate
TP101067,2023-12-03 00:00:00,Night,Denim Fabric,Linen,TM005,OP007,58920,57752,54734,3018,10.24,1.56,2702.79,81.37,Uneven Weaving,98.02,5.23,84.77,92.16,Excellent,On Target
TP101068,2023-12-04 00:00:00,Morning,Polyester Fabric,Linen,TM002,OP007,50645,43696,42404,1292,9.21,0.34,2444.21,66.32,Tear,86.28,2.96,96.31,95.56,Excellent,Moderate
TP101069,2023-12-05 00:00:00,Night,Cotton Fabric,Polyester,TM001,OP005,54032,45246,44996,250,9.81,2.8,2505.31,190.75,Thread Breakage,83.74,0.55,71.46,99.17,Excellent,Moderate
TP101070,2023-12-06 00:00:00,Evening,Linen Fabric,Linen,TM002,OP005,39550,33701,33512,189,7.18,0.55,1823.97,175.61,Color Variation,85.21,0.56,92.34,99.16,Excellent,Moderate
TP101071,2023-12-07 00:00:00,Morning,Denim Fabric,Linen,TM005,OP006,51499,44418,42866,1552,7.27,0.76,2257.41,172.81,Tear,86.25,3.49,89.55,94.76,Excellent,Moderate
TP101072,2023-12-08 00:00:00,Evening,Cotton Fabric,Polyester,TM006,OP003,34637,33250,32028,1222,6.25,1.22,1567.85,193.63,Thread Breakage,96,3.68,80.48,94.49,Excellent,On Target
TP101073,2023-12-09 00:00:00,Evening,Polyester Fabric,Silk,TM006,OP004,34854,32625,32414,211,7.93,1.15,1521.36,121.76,Tear,93.6,0.65,85.5,99.03,Excellent,On Target
TP101074,2023-12-10 00:00:00,Evening,Polyester Fabric,Polyester,TM004,OP005,49561,47088,44750,2338,9.36,2.38,2182.43,215.74,Thread Breakage,95.01,4.97,74.57,92.55,Excellent,On Target
TP101075,2023-12-11 00:00:00,Night,Linen Fabric,Denim,TM006,OP004,54114,50299,49086,1213,11.15,1.37,2632.23,175.6,Uneven Weaving,92.95,2.41,87.71,96.38,Excellent,On Target
TP101076,2023-12-12 00:00:00,Evening,Denim Fabric,Polyester,TM002,OP004,40320,34612,33179,1433,10,0.51,1547.48,133.69,No Defect,85.84,4.14,94.9,93.79,Excellent,Moderate
TP101077,2023-12-13 00:00:00,Night,Denim Fabric,Silk,TM006,OP001,48564,46077,44945,1132,8.61,0.8,2241.55,256.63,Stain,94.88,2.46,90.71,96.31,Excellent,On Target
TP101078,2023-12-14 00:00:00,Evening,Cotton Fabric,Denim,TM003,OP003,34892,34291,33747,544,11.72,1.53,1852.13,231.93,Tear,98.28,1.59,86.95,97.62,Excellent,On Target
TP101079,2023-12-15 00:00:00,Night,Polyester Fabric,Denim,TM001,OP008,37043,34854,33757,1097,10.32,0.44,1678.03,148.4,Stain,94.09,3.15,95.74,95.28,Excellent,On Target
TP101080,2023-12-16 00:00:00,Night,Polyester Fabric,Cotton,TM005,OP007,46521,43333,42462,871,11.58,1.83,2445.38,261.9,Tear,93.15,2.01,84.2,96.98,Excellent,On Target
TP101081,2023-12-17 00:00:00,Night,Linen Fabric,Linen,TM004,OP004,52711,44610,42836,1774,9.17,1.7,2516.23,280.06,Uneven Weaving,84.63,3.98,81.46,94.03,Excellent,Moderate
TP101082,2023-12-18 00:00:00,Evening,Linen Fabric,Denim,TM002,OP007,49856,45610,44792,818,7.55,2.14,2071.99,184.22,Uneven Weaving,91.48,1.79,71.66,97.31,Excellent,On Target
TP101083,2023-12-19 00:00:00,Evening,Denim Fabric,Denim,TM001,OP007,51833,43674,42012,1662,6.32,2.81,2047.95,103.74,Thread Breakage,84.26,3.81,55.54,94.29,Excellent,Moderate
TP101084,2023-12-20 00:00:00,Night,Polyester Fabric,Silk,TM004,OP003,49216,44212,43539,673,10.36,2.74,2344.97,278.95,Tear,89.83,1.52,73.55,97.72,Excellent,Moderate
TP101085,2023-12-21 00:00:00,Evening,Cotton Fabric,Denim,TM002,OP003,49963,39230,37323,1907,6.73,2.84,1985,97.37,Uneven Weaving,78.52,4.86,57.8,92.71,Excellent,Moderate
TP101086,2023-12-22 00:00:00,Night,Silk Fabric,Silk,TM006,OP001,52355,41136,38914,2222,7.82,0.73,1894.71,62.11,Uneven Weaving,78.57,5.4,90.66,91.9,Excellent,Moderate
TP101087,2023-12-23 00:00:00,Evening,Cotton Fabric,Linen,TM005,OP008,57607,51076,50454,622,9.19,0.39,2512.98,131.87,Tear,88.66,1.22,95.76,98.17,Excellent,Moderate
TP101088,2023-12-24 00:00:00,Night,Linen Fabric,Cotton,TM003,OP007,34164,29436,28394,1042,9.39,0.91,1564.08,231.74,Thread Breakage,86.16,3.54,90.31,94.69,Excellent,Moderate
TP101089,2023-12-25 00:00:00,Night,Cotton Fabric,Cotton,TM003,OP006,57169,51879,51381,498,9.6,2.69,2886.44,280.82,Thread Breakage,90.75,0.96,71.98,98.56,Excellent,On Target
TP101090,2023-12-26 00:00:00,Morning,Polyester Fabric,Linen,TM006,OP008,37941,33789,32306,1483,7,2.92,1797.54,209.32,Thread Breakage,89.06,4.39,58.29,93.42,Excellent,Moderate
TP101091,2023-12-27 00:00:00,Evening,Denim Fabric,Linen,TM005,OP008,44388,40043,39155,888,8.28,2.58,1767.22,287.96,Thread Breakage,90.21,2.22,68.84,96.67,Excellent,On Target
TP101092,2023-12-28 00:00:00,Evening,Silk Fabric,Polyester,TM001,OP003,35569,33527,32210,1317,9.7,0.33,1779.17,73.09,No Defect,94.26,3.93,96.6,94.11,Excellent,On Target
TP101093,2023-12-29 00:00:00,Morning,Denim Fabric,Denim,TM005,OP004,34300,29758,28608,1150,11.82,2.84,1536.92,65.19,Tear,86.76,3.86,75.97,94.2,Excellent,Moderate
TP101094,2023-12-30 00:00:00,Night,Silk Fabric,Denim,TM006,OP006,36269,32085,29997,2088,10.37,1.27,1599.73,201.05,No Defect,88.46,6.51,87.75,90.24,Excellent,Moderate
TP101095,2023-12-31 00:00:00,Night,Silk Fabric,Denim,TM002,OP006,33818,33881,32502,1379,11.54,0.03,1516.12,291.53,Uneven Weaving,100,4.07,99.74,93.89,Excellent,On Target
TP101096,2024-01-01 00:00:00,Morning,Polyester Fabric,Silk,TM001,OP002,58714,52855,50588,2267,10.57,1.33,2555.8,175.68,No Defect,90.02,4.29,87.42,93.57,Excellent,On Target
TP101097,2024-01-02 00:00:00,Morning,Polyester Fabric,Polyester,TM003,OP004,42015,37286,36126,1160,9.55,0.14,1792.87,62.88,Thread Breakage,88.74,3.11,98.53,95.33,Excellent,Moderate
TP101098,2024-01-03 00:00:00,Night,Linen Fabric,Denim,TM006,OP004,42234,38255,35704,2551,7.15,1.63,2016.05,105.3,Uneven Weaving,90.58,6.67,77.2,90,Good,On Target
TP101099,2024-01-04 00:00:00,Evening,Linen Fabric,Silk,TM002,OP003,48290,42916,40533,2383,10,1.02,2472.57,111.2,No Defect,88.87,5.55,89.8,91.67,Excellent,Moderate
TP101100,2024-01-05 00:00:00,Morning,Silk Fabric,Silk,TM006,OP004,36254,30828,30102,726,9.74,1.42,1375.71,134.46,No Defect,85.03,2.36,85.42,96.47,Excellent,Moderate
TP101101,2024-01-06 00:00:00,Morning,Linen Fabric,Cotton,TM004,OP008,47144,39136,36793,2343,9.61,1.84,1767.69,60.9,Tear,83.01,5.99,80.85,91.02,Excellent,Moderate
TP101102,2024-01-07 00:00:00,Morning,Polyester Fabric,Silk,TM004,OP007,54214,45895,44376,1519,8.94,2.61,2104.8,276.22,No Defect,84.66,3.31,70.81,95.04,Excellent,Moderate
TP101103,2024-01-08 00:00:00,Morning,Linen Fabric,Linen,TM004,OP002,37350,35897,33784,2113,9.17,1.99,1587.79,178.89,Uneven Weaving,96.11,5.89,78.3,91.17,Excellent,On Target
TP101104,2024-01-09 00:00:00,Morning,Silk Fabric,Silk,TM003,OP003,45183,38672,36410,2262,8.01,1.3,1829.03,217.73,Thread Breakage,85.59,5.85,83.77,91.23,Excellent,Moderate
TP101105,2024-01-10 00:00:00,Morning,Denim Fabric,Linen,TM005,OP005,36238,32221,31664,557,9.12,2.46,1584.67,66.79,Tear,88.91,1.73,73.03,97.41,Excellent,Moderate
TP101106,2024-01-11 00:00:00,Night,Cotton Fabric,Linen,TM001,OP004,36090,34251,32519,1732,7.19,2.72,1632.16,63.53,No Defect,94.9,5.06,62.17,92.41,Excellent,On Target
TP101107,2024-01-12 00:00:00,Night,Linen Fabric,Cotton,TM003,OP004,41637,36662,35786,876,10.83,0.36,1766.64,196.62,Tear,88.05,2.39,96.68,96.42,Excellent,Moderate
TP101108,2024-01-13 00:00:00,Morning,Polyester Fabric,Cotton,TM002,OP001,52415,49497,48292,1205,7.11,1.6,2804.36,271.82,Stain,94.43,2.43,77.5,96.35,Excellent,On Target
TP101109,2024-01-14 00:00:00,Night,Denim Fabric,Silk,TM002,OP005,54071,42832,41793,1039,6.51,0.85,2235.77,182.12,Tear,79.21,2.43,86.94,96.36,Excellent,Moderate
TP101110,2024-01-15 00:00:00,Evening,Polyester Fabric,Cotton,TM004,OP005,55475,49413,46836,2577,8.62,0.14,2233.88,269.45,Thread Breakage,89.07,5.22,98.38,92.18,Excellent,Moderate
TP101111,2024-01-16 00:00:00,Evening,Linen Fabric,Cotton,TM001,OP007,42647,38618,37848,770,9.95,2.01,2002.7,252.75,Stain,90.55,1.99,79.8,97.01,Excellent,On Target
TP101112,2024-01-17 00:00:00,Morning,Silk Fabric,Denim,TM004,OP002,57523,51864,51602,262,8.63,2.59,2380.97,68.96,Stain,90.16,0.51,69.99,99.24,Excellent,On Target
TP101113,2024-01-18 00:00:00,Evening,Cotton Fabric,Silk,TM002,OP007,39911,31302,29690,1612,7.66,0.49,1838.13,100.49,Tear,78.43,5.15,93.6,92.28,Excellent,Moderate
TP101114,2024-01-19 00:00:00,Evening,Cotton Fabric,Silk,TM002,OP005,38472,37865,37254,611,9.35,2.44,1994.43,214.43,Uneven Weaving,98.42,1.61,73.9,97.58,Excellent,On Target
TP101115,2024-01-20 00:00:00,Night,Denim Fabric,Silk,TM005,OP007,57842,48597,48024,573,8.08,2.56,2516.99,160.88,Thread Breakage,84.02,1.18,68.32,98.23,Excellent,Moderate
TP101116,2024-01-21 00:00:00,Night,Cotton Fabric,Cotton,TM005,OP008,48271,44576,43665,911,11.6,2.74,2570.08,122.67,Uneven Weaving,92.35,2.04,76.38,96.93,Excellent,On Target
TP101117,2024-01-22 00:00:00,Night,Silk Fabric,Cotton,TM005,OP007,33266,29958,29068,890,11.54,0.8,1662.93,154.66,Thread Breakage,90.06,2.97,93.07,95.54,Excellent,On Target
TP101118,2024-01-23 00:00:00,Night,Polyester Fabric,Linen,TM004,OP001,30666,29754,28685,1069,9.01,2.71,1698.64,161.3,Thread Breakage,97.03,3.59,69.92,94.61,Excellent,On Target
TP101119,2024-01-24 00:00:00,Evening,Silk Fabric,Polyester,TM006,OP008,34188,36004,35720,284,7.97,0.96,1619.14,277.64,Uneven Weaving,100,0.79,87.95,98.82,Excellent,On Target
TP101120,2024-01-25 00:00:00,Morning,Denim Fabric,Polyester,TM001,OP002,47055,38099,35505,2594,10.42,1.66,2147.58,75.86,Color Variation,80.97,6.81,84.07,89.79,Good,Moderate
TP101121,2024-01-26 00:00:00,Night,Denim Fabric,Polyester,TM005,OP007,40161,34321,32552,1769,6.22,0.15,1870.41,119.93,Stain,85.46,5.15,97.59,92.27,Excellent,Moderate
TP101122,2024-01-27 00:00:00,Evening,Cotton Fabric,Denim,TM003,OP007,58732,53636,52241,1395,8.85,0.13,3032.49,184.39,Tear,91.32,2.6,98.53,96.1,Excellent,On Target
TP101123,2024-01-28 00:00:00,Night,Silk Fabric,Cotton,TM005,OP005,53161,43732,42607,1125,8.02,2.16,2148.58,224.57,Uneven Weaving,82.26,2.57,73.07,96.14,Excellent,Moderate
TP101124,2024-01-29 00:00:00,Evening,Polyester Fabric,Linen,TM004,OP002,41314,39445,38098,1347,11.52,1.33,1978.81,207.66,Uneven Weaving,95.48,3.41,88.45,94.88,Excellent,On Target
TP101125,2024-01-30 00:00:00,Night,Silk Fabric,Linen,TM001,OP008,53954,51744,49379,2365,6.07,0.77,2497.41,285.41,Tear,95.9,4.57,87.31,93.14,Excellent,On Target
TP101126,2024-01-31 00:00:00,Morning,Polyester Fabric,Polyester,TM005,OP005,54340,51034,50293,741,9.32,0.57,2677.14,248.9,Stain,93.92,1.45,93.88,97.82,Excellent,On Target
TP101127,2024-02-01 00:00:00,Night,Polyester Fabric,Denim,TM001,OP005,51508,47210,46394,816,10.44,2.01,2617.9,189.27,Tear,91.66,1.73,80.75,97.41,Excellent,On Target
TP101128,2024-02-02 00:00:00,Morning,Silk Fabric,Denim,TM003,OP007,51969,51755,48605,3150,8.91,0,2402.3,103.67,Thread Breakage,99.59,6.09,100,90.87,Excellent,On Target
TP101129,2024-02-03 00:00:00,Night,Linen Fabric,Polyester,TM002,OP006,42891,35132,34371,761,6.51,2.42,1696.81,162.72,Color Variation,81.91,2.17,62.83,96.75,Excellent,Moderate
TP101130,2024-02-04 00:00:00,Night,Silk Fabric,Polyester,TM001,OP005,34777,31458,30523,935,11.83,0.24,1745.81,223.35,Thread Breakage,90.46,2.97,97.97,95.54,Excellent,On Target
TP101131,2024-02-05 00:00:00,Night,Polyester Fabric,Cotton,TM006,OP007,33900,28757,26985,1772,9.11,0.57,1478.29,259.49,Color Variation,84.83,6.16,93.74,90.76,Excellent,Moderate
TP101132,2024-02-06 00:00:00,Evening,Denim Fabric,Denim,TM005,OP004,53061,51060,48604,2456,9.69,1.16,2742.07,289.93,Tear,96.23,4.81,88.03,92.78,Excellent,On Target
TP101133,2024-02-07 00:00:00,Evening,Denim Fabric,Linen,TM004,OP005,43716,33734,32816,918,7.42,1.45,1917.47,201.36,Thread Breakage,77.17,2.72,80.46,95.92,Excellent,Moderate
TP101134,2024-02-08 00:00:00,Morning,Cotton Fabric,Polyester,TM006,OP004,36981,33210,31568,1642,8.9,1.06,1536.11,181.73,Stain,89.8,4.94,88.09,92.58,Excellent,Moderate
TP101135,2024-02-09 00:00:00,Morning,Denim Fabric,Cotton,TM006,OP008,36376,33592,33381,211,8.57,0.96,1670.16,54.42,Thread Breakage,92.35,0.63,88.8,99.06,Excellent,On Target
TP101136,2024-02-10 00:00:00,Evening,Linen Fabric,Linen,TM004,OP003,46907,39105,37040,2065,6.45,2.89,2155.58,68.02,Uneven Weaving,83.37,5.28,55.19,92.08,Excellent,Moderate
TP101137,2024-02-11 00:00:00,Morning,Polyester Fabric,Denim,TM004,OP006,48777,41761,40230,1531,6.64,1.92,2199.23,89.03,Color Variation,85.62,3.67,71.08,94.5,Excellent,Moderate
TP101138,2024-02-12 00:00:00,Morning,Silk Fabric,Polyester,TM004,OP008,57693,51986,48978,3008,11.02,0.07,2335.05,63.69,Color Variation,90.11,5.79,99.36,91.32,Excellent,On Target
TP101139,2024-02-13 00:00:00,Evening,Silk Fabric,Polyester,TM006,OP001,48977,47354,44179,3175,7.44,1.29,2185.37,150.22,Stain,96.69,6.7,82.66,89.94,Good,On Target
TP101140,2024-02-14 00:00:00,Evening,Linen Fabric,Cotton,TM001,OP002,40160,33240,31074,2166,7.17,2.63,1508.33,134.22,Color Variation,82.77,6.52,63.32,90.23,Excellent,Moderate
TP101141,2024-02-15 00:00:00,Evening,Denim Fabric,Cotton,TM004,OP002,59773,50204,46986,3218,9.03,0.9,2487.27,209.34,Color Variation,83.99,6.41,90.03,90.39,Excellent,Moderate
TP101142,2024-02-16 00:00:00,Evening,Polyester Fabric,Denim,TM002,OP003,56329,55134,53023,2111,10.61,0.28,2667.51,183.92,Stain,97.88,3.83,97.36,94.26,Excellent,On Target
TP101143,2024-02-17 00:00:00,Night,Denim Fabric,Polyester,TM006,OP005,44124,38868,37764,1104,6.37,2.28,2026.96,198.99,Thread Breakage,88.09,2.84,64.21,95.74,Excellent,Moderate
TP101144,2024-02-18 00:00:00,Evening,Cotton Fabric,Cotton,TM006,OP001,46282,39135,37756,1379,9.46,1.82,2191.23,167.99,Tear,84.56,3.52,80.76,94.71,Excellent,Moderate
TP101145,2024-02-19 00:00:00,Morning,Denim Fabric,Polyester,TM006,OP003,53624,50997,48455,2542,6.72,1.71,2591.5,119.43,Thread Breakage,95.1,4.98,74.55,92.52,Excellent,On Target
TP101146,2024-02-20 00:00:00,Night,Cotton Fabric,Denim,TM003,OP003,53321,46167,43283,2884,6.22,0.16,2230.34,288.21,Uneven Weaving,86.58,6.25,97.43,90.63,Excellent,Moderate
TP101147,2024-02-21 00:00:00,Night,Silk Fabric,Polyester,TM001,OP002,40488,39351,38625,726,6.32,0.42,2059.25,71.6,Uneven Weaving,97.19,1.84,93.35,97.23,Excellent,On Target
TP101148,2024-02-22 00:00:00,Morning,Polyester Fabric,Linen,TM001,OP004,52574,44874,41971,2903,11,1.87,2064.73,284.72,Color Variation,85.35,6.47,83,90.3,Excellent,Moderate
TP101149,2024-02-23 00:00:00,Night,Cotton Fabric,Polyester,TM004,OP008,35240,31322,29506,1816,6.71,0.62,1805.94,127.81,Uneven Weaving,88.88,5.8,90.76,91.3,Excellent,Moderate
TP101150,2024-02-24 00:00:00,Morning,Denim Fabric,Silk,TM006,OP008,40453,39084,36402,2682,6.27,1.51,2059.4,178.17,Tear,96.62,6.86,75.92,89.71,Good,On Target
TP101151,2024-02-25 00:00:00,Night,Denim Fabric,Silk,TM006,OP004,40478,35789,33562,2227,8.63,1.63,2066.22,77.21,Color Variation,88.42,6.22,81.11,90.67,Excellent,Moderate
TP101152,2024-02-26 00:00:00,Night,Silk Fabric,Denim,TM004,OP005,59751,56938,55617,1321,11.06,0.85,2853.7,67.73,Uneven Weaving,95.29,2.32,92.31,96.52,Excellent,On Target
TP101153,2024-02-27 00:00:00,Morning,Linen Fabric,Denim,TM001,OP005,52877,47347,46784,563,7.57,2.85,2702.7,157.39,No Defect,89.54,1.19,62.35,98.22,Excellent,Moderate
TP101154,2024-02-28 00:00:00,Morning,Linen Fabric,Denim,TM004,OP007,42394,44035,43494,541,8.53,2.53,2371.87,235.42,No Defect,100,1.23,70.34,98.16,Excellent,On Target
TP101155,2024-02-29 00:00:00,Morning,Denim Fabric,Linen,TM004,OP007,49262,49745,48555,1190,6.24,2.17,2575.83,117.34,No Defect,100,2.39,65.22,96.41,Excellent,On Target
TP101156,2024-03-01 00:00:00,Morning,Linen Fabric,Linen,TM004,OP008,50527,40777,38945,1832,8.69,0.23,2094.4,190.59,No Defect,80.7,4.49,97.35,93.26,Excellent,Moderate
TP101157,2024-03-02 00:00:00,Evening,Polyester Fabric,Polyester,TM004,OP003,50028,46854,44170,2684,9.47,0.32,2348.4,119.66,Thread Breakage,93.66,5.73,96.62,91.41,Excellent,On Target
TP101158,2024-03-03 00:00:00,Evening,Linen Fabric,Cotton,TM004,OP005,34432,29021,27180,1841,9.43,1.48,1611.59,147.15,No Defect,84.28,6.34,84.31,90.48,Excellent,Moderate
TP101159,2024-03-04 00:00:00,Morning,Polyester Fabric,Silk,TM005,OP004,59721,54549,52065,2484,7.99,0.48,2642.83,276.61,Color Variation,91.34,4.55,93.99,93.17,Excellent,On Target
TP101160,2024-03-05 00:00:00,Evening,Denim Fabric,Silk,TM005,OP008,43568,39420,39208,212,7.89,2.93,2012.72,263.96,Stain,90.48,0.54,62.86,99.19,Excellent,On Target
TP101161,2024-03-06 00:00:00,Morning,Denim Fabric,Silk,TM006,OP001,56631,46784,45983,801,6.64,0.48,2495.52,179,Thread Breakage,82.61,1.71,92.77,97.43,Excellent,Moderate
TP101162,2024-03-07 00:00:00,Morning,Denim Fabric,Polyester,TM006,OP002,59296,57760,57097,663,8.2,1.46,2692.51,109.53,Stain,97.41,1.15,82.2,98.28,Excellent,On Target
TP101163,2024-03-08 00:00:00,Night,Silk Fabric,Polyester,TM005,OP004,44178,40389,39233,1156,6.6,1.09,2038.67,98.3,Color Variation,91.42,2.86,83.48,95.71,Excellent,On Target
TP101164,2024-03-09 00:00:00,Morning,Linen Fabric,Denim,TM001,OP007,47660,41944,40367,1577,10.6,1.92,2237.16,288.52,Color Variation,88.01,3.76,81.89,94.36,Excellent,Moderate
TP101165,2024-03-10 00:00:00,Morning,Cotton Fabric,Cotton,TM003,OP006,52195,45375,45020,355,11.8,0.39,2032.77,100.68,Tear,86.93,0.78,96.69,98.83,Excellent,Moderate
TP101166,2024-03-11 00:00:00,Morning,Cotton Fabric,Denim,TM001,OP005,57342,52169,50726,1443,11.82,1.29,2424.1,252.04,Thread Breakage,90.98,2.77,89.09,95.85,Excellent,On Target
TP101167,2024-03-12 00:00:00,Morning,Denim Fabric,Polyester,TM006,OP002,30302,28137,27669,468,11.19,0.82,1357.09,142.24,Stain,92.86,1.66,92.67,97.51,Excellent,On Target
TP101168,2024-03-13 00:00:00,Night,Linen Fabric,Linen,TM005,OP006,47022,41908,39936,1972,9.6,2.66,2042.99,296.41,No Defect,89.12,4.71,72.29,92.94,Excellent,Moderate
TP101169,2024-03-14 00:00:00,Morning,Polyester Fabric,Denim,TM001,OP008,30055,25000,24121,879,10.21,0.12,1363.02,142.04,Color Variation,83.18,3.52,98.82,94.73,Excellent,Moderate
TP101170,2024-03-15 00:00:00,Night,Cotton Fabric,Polyester,TM003,OP002,43013,38763,37321,1442,7.71,2.74,2029.41,137.88,No Defect,90.12,3.72,64.46,94.42,Excellent,On Target
TP101171,2024-03-16 00:00:00,Morning,Denim Fabric,Polyester,TM004,OP003,38717,30939,29924,1015,9.78,2.5,1552.08,209.37,Stain,79.91,3.28,74.44,95.08,Excellent,Moderate
TP101172,2024-03-17 00:00:00,Night,Cotton Fabric,Linen,TM002,OP008,59145,52363,48847,3516,8.73,0.89,2334.42,290.38,Thread Breakage,88.53,6.71,89.81,89.93,Good,Moderate
TP101173,2024-03-18 00:00:00,Evening,Cotton Fabric,Linen,TM005,OP005,58699,47058,46166,892,8.89,2.37,2313.39,294.05,Uneven Weaving,80.17,1.9,73.34,97.16,Excellent,Moderate
TP101174,2024-03-19 00:00:00,Night,Cotton Fabric,Linen,TM005,OP003,38150,30552,29373,1179,10.55,0.09,1378.02,226.8,Uneven Weaving,80.08,3.86,99.15,94.21,Excellent,Moderate
TP101175,2024-03-20 00:00:00,Night,Denim Fabric,Cotton,TM003,OP008,32125,31690,30015,1675,7.69,2.9,1721.5,238.65,Color Variation,98.65,5.29,62.29,92.07,Excellent,On Target
TP101176,2024-03-21 00:00:00,Morning,Denim Fabric,Polyester,TM004,OP002,41479,36402,34902,1500,7.91,1.58,1869.21,190.85,Tear,87.76,4.12,80.03,93.82,Excellent,Moderate
TP101177,2024-03-22 00:00:00,Night,Silk Fabric,Linen,TM004,OP003,45745,39900,37291,2609,11.55,0.91,1851.22,238.94,No Defect,87.22,6.54,92.12,90.19,Excellent,Moderate
TP101178,2024-03-23 00:00:00,Night,Silk Fabric,Cotton,TM002,OP008,46748,43652,42361,1291,6.34,1.09,2017.79,264.94,Color Variation,93.38,2.96,82.81,95.56,Excellent,On Target
TP101179,2024-03-24 00:00:00,Morning,Silk Fabric,Silk,TM004,OP008,36809,32173,31042,1131,8.91,0.2,1485.72,171.52,Tear,87.41,3.52,97.76,94.73,Excellent,Moderate
TP101180,2024-03-25 00:00:00,Evening,Cotton Fabric,Silk,TM003,OP005,34621,36257,35867,390,11.48,2.97,1689.2,204.97,No Defect,100,1.08,74.13,98.39,Excellent,On Target
TP101181,2024-03-26 00:00:00,Evening,Linen Fabric,Silk,TM006,OP004,45034,39670,37901,1769,9.66,0.12,1968.42,184.33,Stain,88.09,4.46,98.76,93.31,Excellent,Moderate
TP101182,2024-03-27 00:00:00,Evening,Denim Fabric,Polyester,TM004,OP001,43623,40376,39418,958,9.28,1.96,2038.09,190.62,Uneven Weaving,92.56,2.37,78.88,96.44,Excellent,On Target
TP101183,2024-03-28 00:00:00,Night,Silk Fabric,Cotton,TM006,OP006,59554,57646,56757,889,7.5,1.33,2527.9,272.51,Tear,96.8,1.54,82.27,97.69,Excellent,On Target
TP101184,2024-03-29 00:00:00,Morning,Linen Fabric,Cotton,TM006,OP004,35126,35553,34117,1436,8.06,2.85,1804.09,138.9,No Defect,100,4.04,64.64,93.94,Excellent,On Target
TP101185,2024-03-30 00:00:00,Evening,Silk Fabric,Silk,TM003,OP008,35122,29786,28606,1180,11.11,0.74,1695.28,102.05,Color Variation,84.81,3.96,93.34,94.06,Excellent,Moderate
TP101186,2024-03-31 00:00:00,Evening,Silk Fabric,Denim,TM005,OP002,48030,41822,41407,415,9.36,1.6,2204.85,164.07,No Defect,87.07,0.99,82.91,98.51,Excellent,Moderate
TP101187,2024-04-01 00:00:00,Evening,Linen Fabric,Silk,TM005,OP008,47302,46792,44434,2358,9.09,1.45,2298.52,102.02,Color Variation,98.92,5.04,84.05,92.44,Excellent,On Target
TP101188,2024-04-02 00:00:00,Evening,Silk Fabric,Polyester,TM005,OP004,49181,47052,44909,2143,6.6,2.11,2687.56,174.6,Uneven Weaving,95.67,4.55,68.03,93.17,Excellent,On Target
TP101189,2024-04-03 00:00:00,Morning,Cotton Fabric,Silk,TM001,OP003,52890,51582,50690,892,6.1,0.2,2392.31,275.88,Uneven Weaving,97.53,1.73,96.72,97.41,Excellent,On Target
TP101190,2024-04-04 00:00:00,Evening,Cotton Fabric,Silk,TM005,OP005,35870,28846,27822,1024,11.78,0.58,1713.25,204.36,No Defect,80.42,3.55,95.08,94.68,Excellent,Moderate
TP101191,2024-04-05 00:00:00,Night,Cotton Fabric,Cotton,TM003,OP004,31531,31795,30147,1648,8.26,0.64,1708.7,263.86,No Defect,100,5.18,92.25,92.23,Excellent,On Target
TP101192,2024-04-06 00:00:00,Night,Polyester Fabric,Silk,TM002,OP004,38172,32320,31046,1274,9.62,2.21,1475.43,91.55,Color Variation,84.67,3.94,77.03,94.09,Excellent,Moderate
TP101193,2024-04-07 00:00:00,Morning,Silk Fabric,Linen,TM004,OP005,49729,45425,44030,1395,6.48,0.57,2286.25,275.22,Color Variation,91.35,3.07,91.2,95.39,Excellent,On Target
TP101194,2024-04-08 00:00:00,Evening,Polyester Fabric,Linen,TM005,OP003,37673,33515,32645,870,10.1,1.72,1547.73,200.45,Tear,88.96,2.6,82.97,96.11,Excellent,Moderate
TP101195,2024-04-09 00:00:00,Evening,Denim Fabric,Denim,TM001,OP001,53333,44720,42722,1998,11.6,0.65,2382.35,57.94,Tear,83.85,4.47,94.4,93.3,Excellent,Moderate
TP101196,2024-04-10 00:00:00,Night,Linen Fabric,Polyester,TM006,OP004,36882,29547,27596,1951,9.45,2.58,1347.64,208.28,Tear,80.11,6.6,72.7,90.1,Excellent,Moderate
TP101197,2024-04-11 00:00:00,Morning,Denim Fabric,Polyester,TM001,OP006,31906,25000,23783,1217,6.76,2.83,1437.24,287.85,No Defect,78.36,4.87,58.14,92.7,Excellent,Moderate
TP101198,2024-04-12 00:00:00,Night,Polyester Fabric,Cotton,TM003,OP002,33086,30053,29757,296,9.49,1.56,1776.9,69.79,Thread Breakage,90.83,0.98,83.56,98.52,Excellent,On Target
TP101199,2024-04-13 00:00:00,Morning,Cotton Fabric,Polyester,TM002,OP007,43503,34508,33302,1206,10.6,1.06,1662.03,195.61,Thread Breakage,79.32,3.49,90,94.76,Excellent,Moderate
TP101200,2024-04-14 00:00:00,Morning,Silk Fabric,Denim,TM005,OP003,38152,31309,29340,1969,8.44,0.7,1562.61,278.87,Thread Breakage,82.06,6.29,91.71,90.57,Excellent,Moderate
TP101201,2024-04-15 00:00:00,Morning,Silk Fabric,Linen,TM005,OP008,35750,31629,31277,352,11.28,0.15,1736.64,52.42,Thread Breakage,88.47,1.11,98.67,98.33,Excellent,Moderate
TP101202,2024-04-16 00:00:00,Night,Cotton Fabric,Cotton,TM001,OP003,42772,30594,28475,2119,9.89,0.81,1423.7,207.73,Tear,71.53,6.93,91.81,89.61,Good,Below Target
TP101203,2024-04-17 00:00:00,Morning,Silk Fabric,Linen,TM003,OP004,40267,38436,35873,2563,11.4,1.96,1986.92,168.73,No Defect,95.45,6.67,82.81,90,Good,On Target
TP101204,2024-04-18 00:00:00,Night,Linen Fabric,Denim,TM001,OP006,55289,40433,40025,408,9.74,1.6,1872.43,136.75,Thread Breakage,73.13,1.01,83.57,98.49,Excellent,Below Target
TP101205,2024-04-19 00:00:00,Night,Linen Fabric,Cotton,TM001,OP007,31062,27788,25963,1825,6.79,2.83,1380.2,206.88,Uneven Weaving,89.46,6.57,58.32,90.15,Excellent,Moderate
TP101206,2024-04-20 00:00:00,Evening,Linen Fabric,Silk,TM002,OP008,48360,43575,42329,1246,7.86,1.19,2181.08,63.18,Stain,90.11,2.86,84.86,95.71,Excellent,On Target
TP101207,2024-04-21 00:00:00,Night,Denim Fabric,Polyester,TM003,OP005,47680,44708,42030,2678,7.21,2.08,2251.98,238.27,Uneven Weaving,93.77,5.99,71.15,91.02,Excellent,On Target
TP101208,2024-04-22 00:00:00,Night,Cotton Fabric,Denim,TM002,OP007,59926,53759,52028,1731,11.45,1.47,2793.19,51.12,No Defect,89.71,3.22,87.16,95.17,Excellent,Moderate
TP101209,2024-04-23 00:00:00,Evening,Linen Fabric,Cotton,TM003,OP004,36229,37724,36454,1270,10.56,1.54,1851.25,126.73,No Defect,100,3.37,85.42,94.95,Excellent,On Target
TP101210,2024-04-24 00:00:00,Evening,Polyester Fabric,Linen,TM005,OP004,54025,49441,47156,2285,10.06,0.8,2501.19,175.99,Stain,91.52,4.62,92.05,93.07,Excellent,On Target
TP101211,2024-04-25 00:00:00,Evening,Linen Fabric,Cotton,TM004,OP005,46509,45288,42782,2506,7.81,1.36,2621.77,144.26,Color Variation,97.37,5.53,82.59,91.7,Excellent,On Target
TP101212,2024-04-26 00:00:00,Morning,Denim Fabric,Silk,TM006,OP002,45147,38346,38070,276,7.1,1.41,2074.83,126.87,Color Variation,84.94,0.72,80.14,98.92,Excellent,Moderate
TP101213,2024-04-27 00:00:00,Morning,Polyester Fabric,Denim,TM004,OP005,34632,31462,30092,1370,10.54,2.12,1768.51,257.71,Color Variation,90.85,4.35,79.89,93.47,Excellent,On Target
TP101214,2024-04-28 00:00:00,Evening,Cotton Fabric,Cotton,TM003,OP004,36288,36590,35963,627,8.84,2.82,1635.48,283.71,Tear,100,1.71,68.1,97.43,Excellent,On Target
TP101215,2024-04-29 00:00:00,Morning,Cotton Fabric,Denim,TM004,OP001,33596,29677,28861,816,7.35,0.99,1538.24,268.43,Color Variation,88.33,2.75,86.53,95.88,Excellent,Moderate
TP101216,2024-04-30 00:00:00,Evening,Linen Fabric,Denim,TM001,OP005,41475,37886,36840,1046,9.7,0.13,1849.78,180.61,Tear,91.35,2.76,98.66,95.86,Excellent,On Target
TP101217,2024-05-01 00:00:00,Morning,Polyester Fabric,Linen,TM005,OP008,36168,35034,33791,1243,6.24,1.49,1606.01,271.04,Tear,96.86,3.55,76.12,94.68,Excellent,On Target
TP101218,2024-05-02 00:00:00,Night,Polyester Fabric,Polyester,TM006,OP002,39795,33748,32846,902,7.96,1.63,1708.11,280.22,Color Variation,84.8,2.67,79.52,95.99,Excellent,Moderate
TP101219,2024-05-03 00:00:00,Morning,Linen Fabric,Silk,TM006,OP005,37561,28122,27785,337,8.81,0.51,1243.95,152.31,Color Variation,74.87,1.2,94.21,98.2,Excellent,Below Target
TP101220,2024-05-04 00:00:00,Morning,Linen Fabric,Cotton,TM006,OP005,38258,35117,34609,508,6.89,2.28,1920.95,120.86,Stain,91.79,1.45,66.91,97.83,Excellent,On Target
TP101221,2024-05-05 00:00:00,Night,Silk Fabric,Polyester,TM005,OP003,46616,45181,44857,324,11.91,2.95,2428.81,74.57,Thread Breakage,96.92,0.72,75.23,98.92,Excellent,On Target
TP101222,2024-05-06 00:00:00,Evening,Silk Fabric,Linen,TM004,OP003,56732,45692,44067,1625,7.25,2.84,2340.67,169.77,Stain,80.54,3.56,60.83,94.67,Excellent,Moderate
TP101223,2024-05-07 00:00:00,Morning,Linen Fabric,Polyester,TM006,OP004,55745,52786,49247,3539,6.78,0.59,2626.86,286.57,Tear,94.69,6.7,91.3,89.94,Good,On Target
TP101224,2024-05-08 00:00:00,Morning,Denim Fabric,Denim,TM006,OP008,56734,53749,53076,673,7.22,2.63,2425.83,190.23,Stain,94.74,1.25,63.57,98.12,Excellent,On Target
TP101225,2024-05-09 00:00:00,Night,Silk Fabric,Denim,TM003,OP004,36371,26946,25154,1792,10.61,2.11,1350.73,216.89,Tear,74.09,6.65,80.11,90.02,Excellent,Below Target
TP101226,2024-05-10 00:00:00,Night,Linen Fabric,Silk,TM001,OP007,50590,42215,39992,2223,8.55,1.36,2269.99,78.22,No Defect,83.45,5.27,84.09,92.1,Excellent,Moderate
TP101227,2024-05-11 00:00:00,Night,Polyester Fabric,Cotton,TM003,OP008,56069,48909,46638,2271,9.39,1.62,2275.77,85.88,Tear,87.23,4.64,82.75,93.04,Excellent,Moderate
TP101228,2024-05-12 00:00:00,Night,Silk Fabric,Cotton,TM004,OP005,44369,39374,37526,1848,6.13,2.55,2033.74,166.12,Tear,88.74,4.69,58.4,92.96,Excellent,Moderate
TP101229,2024-05-13 00:00:00,Evening,Denim Fabric,Linen,TM005,OP001,42910,36387,34250,2137,6.21,1.44,2050.26,287.82,Stain,84.8,5.87,76.81,91.19,Excellent,Moderate
TP101230,2024-05-14 00:00:00,Morning,Cotton Fabric,Silk,TM005,OP006,37943,32032,31649,383,8.67,1.12,1570.56,140.2,Thread Breakage,84.42,1.2,87.08,98.21,Excellent,Moderate
TP101231,2024-05-15 00:00:00,Morning,Polyester Fabric,Cotton,TM003,OP004,42199,42917,41294,1623,10.9,1.48,1922.41,269.37,No Defect,100,3.78,86.42,94.33,Excellent,On Target
TP101232,2024-05-16 00:00:00,Morning,Denim Fabric,Denim,TM002,OP005,45728,40811,38758,2053,11.31,1.74,1930.27,80.07,Uneven Weaving,89.25,5.03,84.62,92.45,Excellent,Moderate
TP101233,2024-05-17 00:00:00,Morning,Denim Fabric,Silk,TM003,OP005,53275,45356,43399,1957,6.52,0.57,2207.78,204.25,Uneven Weaving,85.14,4.31,91.26,93.53,Excellent,Moderate
TP101234,2024-05-18 00:00:00,Evening,Denim Fabric,Polyester,TM002,OP006,36738,32958,31009,1949,9.23,2.7,1746.21,200.15,Thread Breakage,89.71,5.91,70.75,91.13,Excellent,Moderate
TP101235,2024-05-19 00:00:00,Morning,Polyester Fabric,Silk,TM003,OP005,45913,43048,42631,417,11.48,2.02,2458.53,264.97,Uneven Weaving,93.76,0.97,82.4,98.55,Excellent,On Target
TP101236,2024-05-20 00:00:00,Evening,Denim Fabric,Silk,TM002,OP006,32472,29342,27878,1464,8.33,1.9,1504.68,50.83,No Defect,90.36,4.99,77.19,92.52,Excellent,On Target
TP101237,2024-05-21 00:00:00,Evening,Cotton Fabric,Cotton,TM002,OP006,57236,50688,48675,2013,10.98,0.3,2339.77,97.48,Color Variation,88.56,3.97,97.27,94.04,Excellent,Moderate
TP101238,2024-05-22 00:00:00,Night,Silk Fabric,Linen,TM006,OP007,49123,41976,40732,1244,6.8,1.81,2193.76,104.92,No Defect,85.45,2.96,73.38,95.55,Excellent,Moderate
TP101239,2024-05-23 00:00:00,Night,Polyester Fabric,Linen,TM006,OP005,51785,44206,43007,1199,11.61,0.36,2355.11,287.49,Stain,85.36,2.71,96.9,95.93,Excellent,Moderate
TP101240,2024-05-24 00:00:00,Morning,Denim Fabric,Cotton,TM002,OP007,45679,39200,37422,1778,10.51,0.24,1748.79,88.42,Tear,85.82,4.54,97.72,93.2,Excellent,Moderate
TP101241,2024-05-25 00:00:00,Evening,Linen Fabric,Cotton,TM002,OP005,31761,29338,27492,1846,11.65,1.58,1337.57,59.24,Tear,92.37,6.29,86.44,90.56,Excellent,On Target
TP101242,2024-05-26 00:00:00,Night,Silk Fabric,Cotton,TM001,OP003,58090,48238,46441,1797,10.06,1.21,2299.26,183.62,Stain,83.04,3.73,87.97,94.41,Excellent,Moderate
TP101243,2024-05-27 00:00:00,Evening,Polyester Fabric,Linen,TM002,OP006,40167,37256,35073,2183,8.18,1.77,2071.21,182.14,Stain,92.75,5.86,78.36,91.21,Excellent,On Target
TP101244,2024-05-28 00:00:00,Night,Linen Fabric,Cotton,TM006,OP002,40554,40510,39249,1261,11.63,0.27,2321.89,261.01,Tear,99.89,3.11,97.68,95.33,Excellent,On Target
TP101245,2024-05-29 00:00:00,Evening,Linen Fabric,Polyester,TM002,OP006,47260,43612,43104,508,7.65,1.29,2468.96,287.21,Thread Breakage,92.28,1.16,83.14,98.25,Excellent,On Target
TP101246,2024-05-30 00:00:00,Morning,Denim Fabric,Polyester,TM005,OP002,44277,38704,38356,348,7.99,0.52,1936.14,184.64,Color Variation,87.41,0.9,93.49,98.65,Excellent,Moderate
TP101247,2024-05-31 00:00:00,Morning,Polyester Fabric,Denim,TM001,OP005,33812,27358,27130,228,10.2,2.96,1519.41,282.5,Color Variation,80.91,0.83,70.98,98.75,Excellent,Moderate
TP101248,2024-06-01 00:00:00,Evening,Denim Fabric,Polyester,TM002,OP004,58024,58631,56889,1742,10.59,1.68,2606.86,231.29,Color Variation,100,2.97,84.14,95.54,Excellent,On Target
TP101249,2024-06-02 00:00:00,Night,Cotton Fabric,Silk,TM006,OP001,55888,45722,44491,1231,11.58,2.06,2064.33,116.14,Stain,81.81,2.69,82.21,95.96,Excellent,Moderate
TP101250,2024-06-03 00:00:00,Night,Linen Fabric,Denim,TM006,OP007,47844,45902,43530,2372,7.23,0.98,2403.65,282.11,Tear,95.94,5.17,86.45,92.25,Excellent,On Target
TP101251,2024-06-04 00:00:00,Morning,Cotton Fabric,Polyester,TM004,OP005,57285,54117,51233,2884,10.79,0.28,2686.4,216.86,Thread Breakage,94.47,5.33,97.41,92.01,Excellent,On Target
TP101252,2024-06-05 00:00:00,Morning,Denim Fabric,Silk,TM006,OP001,56900,50267,49850,417,10.43,2.93,2359.79,153.52,Tear,88.34,0.83,71.91,98.76,Excellent,Moderate
TP101253,2024-06-06 00:00:00,Morning,Silk Fabric,Polyester,TM001,OP003,48117,42420,41598,822,6.38,0.86,1915.74,220.06,Tear,88.16,1.94,86.52,97.09,Excellent,Moderate
TP101254,2024-06-07 00:00:00,Night,Linen Fabric,Silk,TM006,OP002,31605,25000,24429,571,8.32,1.27,1229.67,150.33,Thread Breakage,79.1,2.28,84.74,96.57,Excellent,Moderate
TP101255,2024-06-08 00:00:00,Night,Silk Fabric,Cotton,TM005,OP007,35622,32883,31548,1335,7.7,1.95,1850.28,78.55,No Defect,92.31,4.06,74.68,93.91,Excellent,On Target
TP101256,2024-06-09 00:00:00,Morning,Polyester Fabric,Silk,TM003,OP003,36767,34686,34187,499,7.83,0.07,1951.77,229.74,Thread Breakage,94.34,1.44,99.11,97.84,Excellent,On Target
TP101257,2024-06-10 00:00:00,Evening,Linen Fabric,Cotton,TM005,OP004,57139,47069,46424,645,11.9,2.43,2232.61,256.02,No Defect,82.38,1.37,79.58,97.94,Excellent,Moderate
TP101258,2024-06-11 00:00:00,Night,Cotton Fabric,Silk,TM005,OP004,41613,36998,34543,2455,9.86,1.61,1848.72,232.2,Uneven Weaving,88.91,6.64,83.67,90.05,Excellent,Moderate
TP101259,2024-06-12 00:00:00,Morning,Silk Fabric,Silk,TM001,OP006,53370,48174,45415,2759,10.31,0.83,2717.47,107.28,No Defect,90.26,5.73,91.95,91.41,Excellent,On Target
TP101260,2024-06-13 00:00:00,Evening,Polyester Fabric,Polyester,TM001,OP007,49901,46953,46167,786,11.86,0.18,2320.45,289.16,Color Variation,94.09,1.67,98.48,97.49,Excellent,On Target
TP101261,2024-06-14 00:00:00,Night,Linen Fabric,Silk,TM004,OP007,40589,36541,35393,1148,8.26,0.49,1753.05,56.31,Color Variation,90.03,3.14,94.07,95.29,Excellent,On Target
TP101262,2024-06-15 00:00:00,Evening,Polyester Fabric,Polyester,TM006,OP007,43918,34526,33555,971,10.81,2.69,1936.96,133.17,Thread Breakage,78.61,2.81,75.12,95.78,Excellent,Moderate
TP101263,2024-06-16 00:00:00,Evening,Cotton Fabric,Silk,TM004,OP005,50119,43248,40808,2440,8.61,2.06,2006.78,115.02,Color Variation,86.29,5.64,76.07,91.54,Excellent,Moderate
TP101264,2024-06-17 00:00:00,Night,Linen Fabric,Linen,TM001,OP008,57446,52605,50597,2008,11.22,0.75,3028.41,62.03,Color Variation,91.57,3.82,93.32,94.27,Excellent,On Target
TP101265,2024-06-18 00:00:00,Morning,Polyester Fabric,Denim,TM006,OP008,55736,53446,52735,711,7.08,0.2,2522.64,151.43,Uneven Weaving,95.89,1.33,97.18,98,Excellent,On Target
TP101266,2024-06-19 00:00:00,Evening,Denim Fabric,Polyester,TM001,OP006,43046,36880,34924,1956,11.69,2.07,1762.73,205.78,Color Variation,85.68,5.3,82.29,92.04,Excellent,Moderate
TP101267,2024-06-20 00:00:00,Morning,Linen Fabric,Polyester,TM001,OP004,54818,57731,55953,1778,7.31,1.72,2965.96,270.64,Stain,100,3.08,76.47,95.38,Excellent,On Target
TP101268,2024-06-21 00:00:00,Night,Linen Fabric,Cotton,TM003,OP004,32590,25009,24457,552,7.96,1.21,1273.73,297.42,Stain,76.74,2.21,84.8,96.69,Excellent,Moderate
TP101269,2024-06-22 00:00:00,Evening,Linen Fabric,Linen,TM005,OP006,47447,40830,39629,1201,10.54,1.09,1881.95,252.02,Stain,86.05,2.94,89.66,95.59,Excellent,Moderate
TP101270,2024-06-23 00:00:00,Evening,Linen Fabric,Cotton,TM004,OP003,34324,30692,29546,1146,8.36,0.65,1357.93,167.17,No Defect,89.42,3.73,92.22,94.4,Excellent,Moderate
TP101271,2024-06-24 00:00:00,Evening,Denim Fabric,Linen,TM004,OP001,40787,36135,35148,987,9.65,2.01,1890.43,230.93,Thread Breakage,88.59,2.73,79.17,95.9,Excellent,Moderate
TP101272,2024-06-25 00:00:00,Evening,Cotton Fabric,Linen,TM002,OP002,39111,31827,31167,660,8.67,2.91,1595.67,260.91,Thread Breakage,81.38,2.07,66.44,96.89,Excellent,Moderate
TP101273,2024-06-26 00:00:00,Evening,Denim Fabric,Silk,TM003,OP004,35342,32916,31899,1017,10.45,0.53,1589.24,166.33,Tear,93.14,3.09,94.93,95.37,Excellent,On Target
TP101274,2024-06-27 00:00:00,Night,Denim Fabric,Cotton,TM001,OP006,46389,42955,42687,268,7.37,1.79,2168.19,246.26,Uneven Weaving,92.6,0.62,75.71,99.06,Excellent,On Target
TP101275,2024-06-28 00:00:00,Evening,Polyester Fabric,Denim,TM001,OP004,53873,48667,45980,2687,6.35,1.27,2135.38,170.66,Stain,90.34,5.52,80,91.72,Excellent,On Target
TP101276,2024-06-29 00:00:00,Night,Silk Fabric,Linen,TM003,OP003,38659,35691,35116,575,7.8,1.34,2045.01,146.62,Stain,92.32,1.61,82.82,97.58,Excellent,On Target
TP101277,2024-06-30 00:00:00,Morning,Silk Fabric,Linen,TM006,OP007,44043,38332,38031,301,8.85,0.76,2042.12,181.52,Color Variation,87.03,0.79,91.41,98.82,Excellent,Moderate
TP101278,2024-07-01 00:00:00,Night,Polyester Fabric,Polyester,TM004,OP007,58746,46220,44025,2195,7.01,2.48,2238.01,218.96,Stain,78.68,4.75,64.62,92.88,Excellent,Moderate
TP101279,2024-07-02 00:00:00,Evening,Denim Fabric,Silk,TM001,OP008,54579,46383,43818,2565,8.13,1.46,2592.25,231.72,Color Variation,84.98,5.53,82.04,91.7,Excellent,Moderate
TP101280,2024-07-03 00:00:00,Morning,Polyester Fabric,Denim,TM002,OP002,52350,47691,44930,2761,8.4,1.63,2196.3,139.18,Color Variation,91.1,5.79,80.6,91.32,Excellent,On Target
TP101281,2024-07-04 00:00:00,Night,Linen Fabric,Linen,TM004,OP008,38837,35396,34084,1312,6.34,0.91,1765.55,192.83,Tear,91.14,3.71,85.65,94.44,Excellent,On Target
TP101282,2024-07-05 00:00:00,Night,Polyester Fabric,Polyester,TM005,OP007,30117,27193,26694,499,9.5,0.55,1384.66,277.47,No Defect,90.29,1.84,94.21,97.25,Excellent,On Target
TP101283,2024-07-06 00:00:00,Night,Polyester Fabric,Cotton,TM003,OP007,57504,53962,51106,2856,11.31,0.26,2475.66,294.08,Color Variation,93.84,5.29,97.7,92.06,Excellent,On Target
TP101284,2024-07-07 00:00:00,Evening,Linen Fabric,Linen,TM004,OP003,43917,37739,35834,1905,6.91,2.14,1896.62,106.81,Color Variation,85.93,5.05,69.03,92.43,Excellent,Moderate
TP101285,2024-07-08 00:00:00,Evening,Silk Fabric,Polyester,TM005,OP008,48935,44133,43206,927,9.59,0.59,2153.5,98.21,Thread Breakage,90.19,2.1,93.85,96.85,Excellent,On Target
TP101286,2024-07-09 00:00:00,Night,Linen Fabric,Cotton,TM002,OP001,44309,41653,38999,2654,9.99,2.07,2429.02,219.17,Tear,94.01,6.37,79.28,90.44,Excellent,On Target
TP101287,2024-07-10 00:00:00,Night,Cotton Fabric,Silk,TM006,OP003,43234,38654,38198,456,8.52,1.17,2059.67,153.67,Color Variation,89.41,1.18,86.27,98.23,Excellent,Moderate
TP101288,2024-07-11 00:00:00,Morning,Polyester Fabric,Cotton,TM003,OP002,35560,28909,26918,1991,10.21,1.25,1597.34,56.06,Uneven Weaving,81.3,6.89,87.76,89.67,Good,Moderate
TP101289,2024-07-12 00:00:00,Evening,Polyester Fabric,Linen,TM006,OP007,50673,42195,39625,2570,8.46,1.41,1994.56,136.72,No Defect,83.27,6.09,83.33,90.86,Excellent,Moderate
TP101290,2024-07-13 00:00:00,Evening,Silk Fabric,Denim,TM001,OP008,30846,29555,28086,1469,9.03,1.1,1586.33,251.69,Uneven Weaving,95.81,4.97,87.82,92.54,Excellent,On Target
TP101291,2024-07-14 00:00:00,Morning,Denim Fabric,Cotton,TM006,OP002,40954,40851,38154,2697,6.04,0.3,2167.87,249.36,Stain,99.75,6.6,95.03,90.1,Excellent,On Target
TP101292,2024-07-15 00:00:00,Night,Linen Fabric,Denim,TM001,OP004,43703,42928,40698,2230,10.15,0.93,2235.21,173.67,No Defect,98.23,5.19,90.84,92.21,Excellent,On Target
TP101293,2024-07-16 00:00:00,Night,Denim Fabric,Denim,TM005,OP001,45385,41584,40861,723,9.97,1.99,2338.22,168.14,Stain,91.62,1.74,80.04,97.39,Excellent,On Target
TP101294,2024-07-17 00:00:00,Morning,Cotton Fabric,Cotton,TM004,OP005,43746,35687,34483,1204,6.23,2,1633.8,194.88,Thread Breakage,81.58,3.37,67.9,94.94,Excellent,Moderate
TP101295,2024-07-18 00:00:00,Night,Linen Fabric,Silk,TM002,OP004,52700,47407,46950,457,8.21,0.86,2674.62,104.85,Color Variation,89.96,0.96,89.52,98.55,Excellent,Moderate
TP101296,2024-07-19 00:00:00,Night,Cotton Fabric,Cotton,TM005,OP007,36469,36810,35694,1116,11.87,1.38,1739.95,181.51,Tear,100,3.03,88.37,95.45,Excellent,On Target
TP101297,2024-07-20 00:00:00,Morning,Cotton Fabric,Polyester,TM002,OP006,39333,37103,35129,1974,8.52,0.58,1831.8,52.76,Uneven Weaving,94.33,5.32,93.19,92.02,Excellent,On Target
TP101298,2024-07-21 00:00:00,Morning,Cotton Fabric,Denim,TM006,OP003,56386,49928,48424,1504,9.01,0.63,2382.15,168.89,Stain,88.55,3.01,93.01,95.48,Excellent,Moderate
TP101299,2024-07-22 00:00:00,Morning,Linen Fabric,Linen,TM002,OP008,55299,52202,50820,1382,11.46,0.07,2786.42,134.01,Color Variation,94.4,2.65,99.39,96.03,Excellent,On Target
TP101300,2024-07-23 00:00:00,Night,Linen Fabric,Denim,TM006,OP008,46608,37806,36154,1652,10.3,2.69,1694.85,218.72,Uneven Weaving,81.11,4.37,73.88,93.45,Excellent,Moderate
TP101301,2024-07-24 00:00:00,Morning,Silk Fabric,Linen,TM002,OP003,42819,36452,34203,2249,9.49,0.63,1927.39,209.59,Uneven Weaving,85.13,6.17,93.36,90.75,Excellent,Moderate
TP101302,2024-07-25 00:00:00,Night,Polyester Fabric,Polyester,TM003,OP002,34208,28191,27963,228,10.79,0.68,1443.83,145.21,Thread Breakage,82.41,0.81,93.7,98.79,Excellent,Moderate
TP101303,2024-07-26 00:00:00,Evening,Denim Fabric,Polyester,TM005,OP006,36283,33847,32830,1017,11.19,0.84,1557.88,51.82,Thread Breakage,93.29,3,92.49,95.49,Excellent,On Target
TP101304,2024-07-27 00:00:00,Evening,Denim Fabric,Polyester,TM003,OP002,59230,56268,55408,860,8.74,0.38,2482.59,113.07,Stain,95,1.53,95.65,97.71,Excellent,On Target
TP101305,2024-07-28 00:00:00,Morning,Cotton Fabric,Cotton,TM004,OP006,32048,28498,27067,1431,8.85,1.92,1429.11,208.34,Color Variation,88.92,5.02,78.31,92.47,Excellent,Moderate
TP101306,2024-07-29 00:00:00,Night,Linen Fabric,Denim,TM004,OP002,36233,30396,30035,361,8.32,0.23,1348.32,68.09,Tear,83.89,1.19,97.24,98.22,Excellent,Moderate
TP101307,2024-07-30 00:00:00,Night,Linen Fabric,Linen,TM001,OP005,42941,38588,36728,1860,11.8,0.4,1836.94,76.91,Stain,89.86,4.82,96.61,92.77,Excellent,Moderate
TP101308,2024-07-31 00:00:00,Night,Cotton Fabric,Polyester,TM001,OP005,42607,36895,36024,871,10.18,1.93,2065.65,211.76,Uneven Weaving,86.59,2.36,81.04,96.46,Excellent,Moderate
TP101309,2024-08-01 00:00:00,Morning,Polyester Fabric,Polyester,TM001,OP004,39765,33572,32970,602,6.5,1.02,1785.76,238.94,Uneven Weaving,84.43,1.79,84.31,97.31,Excellent,Moderate
TP101310,2024-08-02 00:00:00,Night,Denim Fabric,Linen,TM004,OP005,31828,29400,27464,1936,11.18,2.12,1605.62,130.39,No Defect,92.37,6.59,81.04,90.12,Excellent,On Target
TP101311,2024-08-03 00:00:00,Night,Silk Fabric,Denim,TM002,OP006,31917,27032,26864,168,8.88,1.67,1398.1,172.42,Color Variation,84.69,0.62,81.19,99.07,Excellent,Moderate
TP101312,2024-08-04 00:00:00,Night,Polyester Fabric,Denim,TM006,OP002,50618,40006,38668,1338,6.41,0.77,1841.58,286.43,No Defect,79.04,3.34,87.99,94.98,Excellent,Moderate
TP101313,2024-08-05 00:00:00,Evening,Linen Fabric,Linen,TM002,OP006,36988,29809,29618,191,9.3,1.95,1465.13,286.39,Thread Breakage,80.59,0.64,79.03,99.04,Excellent,Moderate
TP101314,2024-08-06 00:00:00,Night,Cotton Fabric,Silk,TM005,OP004,48410,38136,36747,1389,8.5,0.35,2177.46,126.88,Tear,78.78,3.64,95.88,94.54,Excellent,Moderate
TP101315,2024-08-07 00:00:00,Evening,Denim Fabric,Denim,TM004,OP004,44594,40907,39370,1537,11.27,1.61,1827.37,252.5,Stain,91.73,3.76,85.71,94.36,Excellent,On Target
TP101316,2024-08-08 00:00:00,Night,Cotton Fabric,Linen,TM006,OP007,50128,45643,44460,1183,7.22,1.31,2410.78,198.49,Uneven Weaving,91.05,2.59,81.86,96.11,Excellent,On Target
TP101317,2024-08-09 00:00:00,Night,Linen Fabric,Linen,TM006,OP001,55477,50320,49636,684,10.96,0.8,2157.97,293.87,Color Variation,90.7,1.36,92.7,97.96,Excellent,On Target
TP101318,2024-08-10 00:00:00,Night,Cotton Fabric,Polyester,TM006,OP005,42977,40447,39255,1192,9.35,1.81,1852.32,169.4,Uneven Weaving,94.11,2.95,80.64,95.58,Excellent,On Target
TP101319,2024-08-11 00:00:00,Evening,Denim Fabric,Linen,TM001,OP003,56615,55677,52966,2711,6.33,2.61,2507.29,243.68,Thread Breakage,98.34,4.87,58.77,92.7,Excellent,On Target
TP101320,2024-08-12 00:00:00,Night,Cotton Fabric,Cotton,TM006,OP003,30009,25764,24325,1439,11.83,3,1251.36,242.03,No Defect,85.85,5.59,74.64,91.62,Excellent,Moderate
TP101321,2024-08-13 00:00:00,Morning,Denim Fabric,Polyester,TM006,OP001,46644,43307,41596,1711,9.08,1.82,2302.8,174.36,No Defect,92.85,3.95,79.96,94.07,Excellent,On Target
TP101322,2024-08-14 00:00:00,Night,Cotton Fabric,Polyester,TM004,OP002,52422,41383,39589,1794,7.75,1.21,2118.13,248.91,Stain,78.94,4.34,84.39,93.5,Excellent,Moderate
TP101323,2024-08-15 00:00:00,Evening,Cotton Fabric,Denim,TM002,OP001,39865,39726,39009,717,8.82,0.68,2229,115.26,Color Variation,99.65,1.8,92.29,97.29,Excellent,On Target
TP101324,2024-08-16 00:00:00,Evening,Denim Fabric,Silk,TM002,OP002,32219,26190,25570,620,11.15,0.77,1415.4,80.56,Thread Breakage,81.29,2.37,93.09,96.45,Excellent,Moderate
TP101325,2024-08-17 00:00:00,Morning,Cotton Fabric,Denim,TM003,OP008,37041,31496,31007,489,7.83,1.44,1595.33,156.29,Color Variation,85.03,1.55,81.61,97.67,Excellent,Moderate
TP101326,2024-08-18 00:00:00,Morning,Polyester Fabric,Cotton,TM003,OP005,48444,41573,40691,882,7.16,1.1,2438.05,285.91,Stain,85.82,2.12,84.64,96.82,Excellent,Moderate
TP101327,2024-08-19 00:00:00,Morning,Silk Fabric,Polyester,TM005,OP005,35287,27988,27439,549,6.77,2.74,1295.32,175.19,Thread Breakage,79.32,1.96,59.53,97.06,Excellent,Moderate
TP101328,2024-08-20 00:00:00,Evening,Polyester Fabric,Polyester,TM004,OP004,58289,52593,50554,2039,7.79,1.1,2328.89,208.81,Thread Breakage,90.23,3.88,85.88,94.18,Excellent,On Target
TP101329,2024-08-21 00:00:00,Night,Silk Fabric,Linen,TM003,OP004,31619,28931,27728,1203,10.68,1.12,1538.47,206.04,No Defect,91.5,4.16,89.51,93.76,Excellent,On Target
TP101330,2024-08-22 00:00:00,Night,Polyester Fabric,Silk,TM003,OP004,38512,34150,31882,2268,8.83,1.15,1735.65,83.14,No Defect,88.67,6.64,86.98,90.04,Excellent,Moderate
TP101331,2024-08-23 00:00:00,Morning,Silk Fabric,Silk,TM004,OP008,31342,25000,24557,443,7.36,2.51,1304.2,147.57,No Defect,79.77,1.77,65.9,97.34,Excellent,Moderate
TP101332,2024-08-24 00:00:00,Morning,Cotton Fabric,Linen,TM002,OP004,40568,42144,40175,1969,7,1.95,1980.16,226.73,Uneven Weaving,100,4.67,72.14,92.99,Excellent,On Target
TP101333,2024-08-25 00:00:00,Night,Denim Fabric,Cotton,TM005,OP003,49216,46187,43503,2684,8,1.84,2233.63,293,Tear,93.85,5.81,77,91.28,Excellent,On Target
TP101334,2024-08-26 00:00:00,Morning,Denim Fabric,Silk,TM005,OP007,49208,53361,51151,2210,11.64,1,2794.36,92,No Defect,100,4.14,91.41,93.79,Excellent,On Target
TP101335,2024-08-27 00:00:00,Night,Linen Fabric,Polyester,TM005,OP004,48378,40814,39933,881,8.06,2.45,2099.62,152.61,Tear,84.36,2.16,69.6,96.76,Excellent,Moderate
TP101336,2024-08-28 00:00:00,Night,Silk Fabric,Cotton,TM003,OP008,57534,55638,54410,1228,11.93,0.12,2843.84,73.77,Tear,96.7,2.21,98.99,96.69,Excellent,On Target
TP101337,2024-08-29 00:00:00,Night,Linen Fabric,Denim,TM002,OP004,44231,42221,41902,319,8.91,2.61,1845.5,110.59,Color Variation,95.46,0.76,70.71,98.87,Excellent,On Target
TP101338,2024-08-30 00:00:00,Night,Linen Fabric,Denim,TM005,OP004,56614,49801,48563,1238,7.07,1.54,2710.57,144.19,Stain,87.97,2.49,78.22,96.27,Excellent,Moderate
TP101339,2024-08-31 00:00:00,Evening,Silk Fabric,Cotton,TM004,OP002,33490,33449,31663,1786,11.35,1.19,1972.12,185.16,Uneven Weaving,99.88,5.34,89.52,91.99,Excellent,On Target
TP101340,2024-09-01 00:00:00,Night,Denim Fabric,Polyester,TM005,OP006,58253,50775,50364,411,8.76,1.49,2304.44,107.64,Tear,87.16,0.81,82.99,98.79,Excellent,Moderate
TP101341,2024-09-02 00:00:00,Morning,Silk Fabric,Denim,TM001,OP004,39310,34386,33724,662,10.26,2,1548.95,106.89,Uneven Weaving,87.47,1.93,80.51,97.11,Excellent,Moderate
TP101342,2024-09-03 00:00:00,Morning,Cotton Fabric,Polyester,TM002,OP008,37984,25000,23727,1273,11.9,0.04,1142.14,244.46,Color Variation,65.82,5.09,99.66,92.36,Excellent,Below Target
TP101343,2024-09-04 00:00:00,Morning,Linen Fabric,Linen,TM001,OP001,47988,44563,42073,2490,6.3,2.61,2232.78,290.66,No Defect,92.86,5.59,58.57,91.62,Excellent,On Target
TP101344,2024-09-05 00:00:00,Morning,Linen Fabric,Silk,TM002,OP004,42219,34080,32901,1179,6.58,1.34,1673.22,130.9,Thread Breakage,80.72,3.46,79.64,94.81,Excellent,Moderate
TP101345,2024-09-06 00:00:00,Evening,Silk Fabric,Cotton,TM006,OP004,30235,26046,24734,1312,10.32,1.03,1311.71,222,Tear,86.15,5.04,90.02,92.44,Excellent,Moderate
TP101346,2024-09-07 00:00:00,Night,Linen Fabric,Silk,TM004,OP003,40161,33260,32255,1005,7.69,0.41,1937.92,114.52,Stain,82.82,3.02,94.67,95.47,Excellent,Moderate
TP101347,2024-09-08 00:00:00,Night,Denim Fabric,Linen,TM006,OP006,59005,51592,50798,794,7.11,1.32,2450.21,281.99,Thread Breakage,87.44,1.54,81.43,97.69,Excellent,Moderate
TP101348,2024-09-09 00:00:00,Morning,Linen Fabric,Denim,TM003,OP004,31908,29709,28792,917,6.24,1.49,1711.91,218.23,Color Variation,93.11,3.09,76.12,95.37,Excellent,On Target
TP101349,2024-09-10 00:00:00,Morning,Silk Fabric,Polyester,TM003,OP006,38567,34740,33257,1483,6.13,1.21,1862.38,250.67,Uneven Weaving,90.08,4.27,80.26,93.6,Excellent,On Target
TP101350,2024-09-11 00:00:00,Morning,Denim Fabric,Polyester,TM006,OP002,33530,31843,29722,2121,10.65,2.04,1407.67,62.34,No Defect,94.97,6.66,80.85,90.01,Excellent,On Target
TP101351,2024-09-12 00:00:00,Night,Denim Fabric,Linen,TM002,OP005,35256,34854,34524,330,6.81,1.26,1922.67,199.63,Uneven Weaving,98.86,0.95,81.5,98.58,Excellent,On Target
TP101352,2024-09-13 00:00:00,Evening,Linen Fabric,Cotton,TM005,OP006,49019,42852,41224,1628,8.81,2.88,1881.25,181.9,Stain,87.42,3.8,67.31,94.3,Excellent,Moderate
TP101353,2024-09-14 00:00:00,Evening,Silk Fabric,Silk,TM001,OP006,38162,33067,32195,872,9.64,1.8,1833.28,123.25,Tear,86.65,2.64,81.33,96.04,Excellent,Moderate
TP101354,2024-09-15 00:00:00,Evening,Linen Fabric,Denim,TM004,OP004,56146,54295,52230,2065,8.57,2.42,2830.98,115.61,Stain,96.7,3.8,71.76,94.3,Excellent,On Target
TP101355,2024-09-16 00:00:00,Evening,Cotton Fabric,Cotton,TM005,OP007,48944,47603,47291,312,6.16,0.33,2288.56,195.01,Uneven Weaving,97.26,0.66,94.64,99.02,Excellent,On Target
TP101356,2024-09-17 00:00:00,Morning,Cotton Fabric,Linen,TM003,OP004,35415,33709,32855,854,10.7,1.19,1642.98,226.62,Uneven Weaving,95.18,2.53,88.88,96.2,Excellent,On Target
TP101357,2024-09-18 00:00:00,Night,Denim Fabric,Linen,TM005,OP004,33391,27826,26204,1622,6.06,1.01,1439.45,58.29,Thread Breakage,83.33,5.83,83.33,91.26,Excellent,Moderate
TP101358,2024-09-19 00:00:00,Morning,Linen Fabric,Polyester,TM006,OP003,41157,38259,36690,1569,10.57,1.71,1786.87,191.85,Stain,92.96,4.1,83.82,93.85,Excellent,On Target
TP101359,2024-09-20 00:00:00,Evening,Cotton Fabric,Denim,TM006,OP007,58219,52843,51031,1812,11.36,2.58,3012.54,92.61,Stain,90.77,3.43,77.29,94.86,Excellent,On Target
TP101360,2024-09-21 00:00:00,Morning,Polyester Fabric,Cotton,TM001,OP005,35951,35005,34180,825,8.6,0.24,1614.55,85.09,Stain,97.37,2.36,97.21,96.46,Excellent,On Target
TP101361,2024-09-22 00:00:00,Evening,Cotton Fabric,Polyester,TM003,OP003,51852,44587,43500,1087,9.21,0.22,2473.82,205.78,No Defect,85.99,2.44,97.61,96.34,Excellent,Moderate
TP101362,2024-09-23 00:00:00,Night,Linen Fabric,Denim,TM002,OP008,38007,29772,28882,890,8.86,2.55,1406.42,127.72,Uneven Weaving,78.33,2.99,71.22,95.52,Excellent,Moderate
TP101363,2024-09-24 00:00:00,Evening,Linen Fabric,Silk,TM004,OP003,58426,55406,52120,3286,8.34,0.64,2845.32,160.22,Color Variation,94.83,5.93,92.33,91.1,Excellent,On Target
TP101364,2024-09-25 00:00:00,Morning,Cotton Fabric,Silk,TM006,OP003,39064,28162,26251,1911,11.32,2.01,1377.22,140,No Defect,72.09,6.79,82.24,89.82,Good,Below Target
TP101365,2024-09-26 00:00:00,Night,Linen Fabric,Polyester,TM004,OP007,55828,47386,45798,1588,11.36,1.63,2324.36,212.08,No Defect,84.88,3.35,85.65,94.97,Excellent,Moderate
TP101366,2024-09-27 00:00:00,Evening,Linen Fabric,Cotton,TM003,OP002,52797,43736,42399,1337,8.01,2.5,2394.15,167.53,No Defect,82.84,3.06,68.79,95.41,Excellent,Moderate
TP101367,2024-09-28 00:00:00,Evening,Polyester Fabric,Denim,TM002,OP005,53325,44148,41498,2650,9.69,0.38,2003,290.86,Thread Breakage,82.79,6,96.08,91,Excellent,Moderate
TP101368,2024-09-29 00:00:00,Night,Denim Fabric,Silk,TM006,OP002,55890,47371,45820,1551,11.56,0.39,2493.85,138.1,Color Variation,84.76,3.27,96.63,95.09,Excellent,Moderate
TP101369,2024-09-30 00:00:00,Morning,Linen Fabric,Silk,TM001,OP002,51204,50447,48385,2062,11.77,1.67,2688.34,235.07,Stain,98.52,4.09,85.81,93.87,Excellent,On Target
TP101370,2024-10-01 00:00:00,Night,Silk Fabric,Cotton,TM004,OP005,45524,43586,42714,872,9.05,2.84,2008.13,114.32,Thread Breakage,95.74,2,68.62,97,Excellent,On Target
TP101371,2024-10-02 00:00:00,Morning,Denim Fabric,Polyester,TM003,OP002,49282,43485,41166,2319,8.72,1.24,2492.06,177.19,Uneven Weaving,88.24,5.33,85.78,92,Excellent,Moderate
TP101372,2024-10-03 00:00:00,Evening,Denim Fabric,Linen,TM004,OP007,53930,52817,50727,2090,7.67,0.98,2848.81,188.14,Tear,97.94,3.96,87.22,94.06,Excellent,On Target
TP101373,2024-10-04 00:00:00,Evening,Silk Fabric,Denim,TM002,OP005,30077,25000,23560,1440,11.75,1.82,1334.27,132.28,Thread Breakage,83.12,5.76,84.51,91.36,Excellent,Moderate
TP101374,2024-10-05 00:00:00,Night,Cotton Fabric,Silk,TM001,OP006,37577,30667,28957,1710,6.86,2.79,1386.81,167.95,Tear,81.61,5.58,59.33,91.64,Excellent,Moderate
TP101375,2024-10-06 00:00:00,Evening,Polyester Fabric,Linen,TM002,OP008,57197,54935,53893,1042,9.48,2.51,3019.32,119.82,Uneven Weaving,96.05,1.9,73.52,97.15,Excellent,On Target
TP101376,2024-10-07 00:00:00,Night,Linen Fabric,Cotton,TM006,OP006,50611,47603,45151,2452,7.7,2.99,2403.52,51.5,Color Variation,94.06,5.15,61.17,92.27,Excellent,On Target
TP101377,2024-10-08 00:00:00,Evening,Cotton Fabric,Polyester,TM005,OP004,46984,40772,38448,2324,7.67,0.07,1910.17,103.91,Tear,86.78,5.7,99.09,91.45,Excellent,Moderate
TP101378,2024-10-09 00:00:00,Evening,Silk Fabric,Denim,TM002,OP003,44060,36152,35158,994,8.43,0.34,1614.82,225.02,No Defect,82.05,2.75,95.97,95.88,Excellent,Moderate
TP101379,2024-10-10 00:00:00,Morning,Polyester Fabric,Cotton,TM002,OP008,47449,47552,46781,771,11.99,1.83,2120.12,242.74,Thread Breakage,100,1.62,84.74,97.57,Excellent,On Target
TP101380,2024-10-11 00:00:00,Night,Polyester Fabric,Polyester,TM004,OP006,48520,37826,37630,196,6.33,2.46,1807.34,120.05,Tear,77.96,0.52,61.14,99.22,Excellent,Moderate
TP101381,2024-10-12 00:00:00,Night,Polyester Fabric,Cotton,TM002,OP006,57025,48934,47255,1679,9.47,0.86,2341.78,152.01,Uneven Weaving,85.81,3.43,90.92,94.85,Excellent,Moderate
TP101382,2024-10-13 00:00:00,Evening,Silk Fabric,Silk,TM003,OP002,40535,37130,36094,1036,6.5,0.72,1912.07,59.34,No Defect,91.6,2.79,88.92,95.81,Excellent,On Target
TP101383,2024-10-14 00:00:00,Morning,Cotton Fabric,Silk,TM006,OP005,56439,57915,55536,2379,6.93,2.36,3238.67,109.27,Tear,100,4.11,65.95,93.84,Excellent,On Target
TP101384,2024-10-15 00:00:00,Morning,Linen Fabric,Linen,TM004,OP001,39510,36619,35988,631,8.64,0.17,1728.25,244.8,Uneven Weaving,92.68,1.72,98.03,97.42,Excellent,On Target
TP101385,2024-10-16 00:00:00,Night,Polyester Fabric,Cotton,TM004,OP002,59287,55352,51982,3370,9.06,1.11,2458.27,201.5,Color Variation,93.36,6.09,87.75,90.87,Excellent,On Target
TP101386,2024-10-17 00:00:00,Night,Polyester Fabric,Silk,TM005,OP002,58173,50037,48948,1089,7.55,1.52,2301.65,101.44,Uneven Weaving,86.01,2.18,79.87,96.74,Excellent,Moderate
TP101387,2024-10-18 00:00:00,Evening,Cotton Fabric,Polyester,TM006,OP007,36943,34719,34034,685,7.9,1.68,2019.6,114.36,Color Variation,93.98,1.97,78.73,97.04,Excellent,On Target
TP101388,2024-10-19 00:00:00,Night,Polyester Fabric,Linen,TM003,OP005,41954,38068,36688,1380,6.52,2.19,1949.98,254.2,No Defect,90.74,3.63,66.41,94.56,Excellent,On Target
TP101389,2024-10-20 00:00:00,Evening,Polyester Fabric,Denim,TM006,OP001,37804,29820,28704,1116,7.82,1.06,1532.65,102.27,Uneven Weaving,78.88,3.74,86.45,94.39,Excellent,Moderate
TP101390,2024-10-21 00:00:00,Morning,Silk Fabric,Cotton,TM002,OP001,36565,34938,34275,663,11.8,1.84,1731.09,133.54,Stain,95.55,1.9,84.41,97.15,Excellent,On Target
TP101391,2024-10-22 00:00:00,Night,Denim Fabric,Silk,TM005,OP004,35984,34830,34040,790,11.67,1.76,1704.42,216.09,Thread Breakage,96.79,2.27,84.92,96.6,Excellent,On Target
TP101392,2024-10-23 00:00:00,Morning,Cotton Fabric,Polyester,TM003,OP002,51526,49271,48481,790,8.01,1.64,2404.6,190.28,Stain,95.62,1.6,79.53,97.59,Excellent,On Target
TP101393,2024-10-24 00:00:00,Morning,Cotton Fabric,Cotton,TM005,OP007,34670,31284,29667,1617,9.43,1.92,1683.47,165.22,Stain,90.23,5.17,79.64,92.25,Excellent,On Target
TP101394,2024-10-25 00:00:00,Evening,Cotton Fabric,Polyester,TM006,OP003,48574,40465,38237,2228,11.46,0.78,1788.95,274.94,Stain,83.31,5.51,93.19,91.74,Excellent,Moderate
TP101395,2024-10-26 00:00:00,Morning,Silk Fabric,Linen,TM001,OP006,39184,28932,27918,1014,6.04,0.25,1466.85,104.93,Thread Breakage,73.84,3.5,95.86,94.74,Excellent,Below Target
TP101396,2024-10-27 00:00:00,Evening,Silk Fabric,Silk,TM006,OP002,49096,44726,42426,2300,10.86,0.36,2464.42,235.35,Stain,91.1,5.14,96.69,92.29,Excellent,On Target
TP101397,2024-10-28 00:00:00,Evening,Linen Fabric,Silk,TM002,OP003,32192,31411,29751,1660,11.69,0.67,1749.46,89.77,Color Variation,97.57,5.28,94.27,92.07,Excellent,On Target
TP101398,2024-10-29 00:00:00,Morning,Silk Fabric,Linen,TM005,OP008,31248,30301,29877,424,6.55,1.5,1347.55,203.93,Uneven Weaving,96.97,1.4,77.1,97.9,Excellent,On Target
TP101399,2024-10-30 00:00:00,Morning,Cotton Fabric,Polyester,TM001,OP003,41246,39478,36801,2677,6.97,2.52,1812.31,267.66,No Defect,95.71,6.78,63.85,89.83,Good,On Target
TP101400,2024-10-31 00:00:00,Evening,Linen Fabric,Cotton,TM002,OP008,42790,38289,36054,2235,11.76,2.1,2008.4,164.48,Stain,89.48,5.84,82.14,91.24,Excellent,Moderate
TP101401,2024-11-01 00:00:00,Evening,Denim Fabric,Polyester,TM005,OP008,50417,49213,48313,900,9.23,2.37,2841.97,231.07,Stain,97.61,1.83,74.32,97.26,Excellent,On Target
TP101402,2024-11-02 00:00:00,Morning,Polyester Fabric,Cotton,TM005,OP005,48381,46673,45875,798,6.09,1.05,2685.4,255.1,No Defect,96.47,1.71,82.76,97.44,Excellent,On Target
TP101403,2024-11-03 00:00:00,Evening,Polyester Fabric,Linen,TM006,OP002,59492,51783,51101,682,7.55,1.21,2778.21,84.01,No Defect,87.04,1.32,83.97,98.02,Excellent,Moderate
TP101404,2024-11-04 00:00:00,Evening,Linen Fabric,Denim,TM005,OP005,33687,31914,31467,447,8.7,1.18,1562.37,226.46,Stain,94.74,1.4,86.44,97.9,Excellent,On Target
TP101405,2024-11-05 00:00:00,Night,Denim Fabric,Cotton,TM005,OP004,56727,48926,46302,2624,10.16,0.58,2348.41,279.96,Color Variation,86.25,5.36,94.29,91.96,Excellent,Moderate
TP101406,2024-11-06 00:00:00,Night,Polyester Fabric,Silk,TM004,OP003,34018,31902,30769,1133,10.4,0.18,1539.79,194.09,No Defect,93.78,3.55,98.27,94.67,Excellent,On Target
TP101407,2024-11-07 00:00:00,Night,Linen Fabric,Silk,TM005,OP001,41302,33416,31548,1868,11.97,1.77,1549.78,96.53,Uneven Weaving,80.91,5.59,85.21,91.61,Excellent,Moderate
TP101408,2024-11-08 00:00:00,Night,Silk Fabric,Silk,TM006,OP003,31970,26038,24645,1393,7.73,2.97,1532.98,81.74,Uneven Weaving,81.45,5.35,61.58,91.98,Excellent,Moderate
TP101409,2024-11-09 00:00:00,Night,Cotton Fabric,Polyester,TM004,OP004,38389,37394,35737,1657,9.23,0.5,2069.06,114.93,Color Variation,97.41,4.43,94.58,93.35,Excellent,On Target
TP101410,2024-11-10 00:00:00,Evening,Denim Fabric,Polyester,TM004,OP003,52149,50357,47859,2498,9.2,0.14,2590.04,75.88,Thread Breakage,96.56,4.96,98.48,92.56,Excellent,On Target
TP101411,2024-11-11 00:00:00,Evening,Polyester Fabric,Polyester,TM001,OP005,57202,54019,53684,335,8.43,2.34,2985.41,178.35,Tear,94.44,0.62,72.24,99.07,Excellent,On Target
TP101412,2024-11-12 00:00:00,Night,Cotton Fabric,Silk,TM002,OP008,47586,43120,42031,1089,7.01,0.76,2503.17,67.43,Color Variation,90.61,2.53,89.16,96.21,Excellent,On Target
TP101413,2024-11-13 00:00:00,Morning,Linen Fabric,Cotton,TM004,OP002,54519,39941,38085,1856,11.86,2.49,1987.46,105.85,Stain,73.26,4.65,79.01,93.03,Excellent,Below Target
TP101414,2024-11-14 00:00:00,Night,Polyester Fabric,Silk,TM003,OP001,51951,46484,46223,261,11.12,2.11,2113.42,159.98,Tear,89.48,0.56,81.03,99.16,Excellent,Moderate
TP101415,2024-11-15 00:00:00,Morning,Cotton Fabric,Cotton,TM004,OP005,54051,50364,50004,360,8.99,2.84,2304.26,168.48,Stain,93.18,0.71,68.41,98.93,Excellent,On Target
TP101416,2024-11-16 00:00:00,Evening,Silk Fabric,Polyester,TM003,OP006,45374,39138,36775,2363,9.62,1.23,1784.02,191.35,Uneven Weaving,86.26,6.04,87.21,90.94,Excellent,Moderate
TP101417,2024-11-17 00:00:00,Morning,Denim Fabric,Denim,TM001,OP008,52126,44314,42122,2192,7.36,1.99,2190.95,226.4,No Defect,85.01,4.95,72.96,92.58,Excellent,Moderate
TP101418,2024-11-18 00:00:00,Evening,Linen Fabric,Polyester,TM003,OP002,35788,35828,35031,797,9.26,1.39,1720.03,61.81,Stain,100,2.22,84.99,96.66,Excellent,On Target
TP101419,2024-11-19 00:00:00,Morning,Polyester Fabric,Linen,TM001,OP001,35408,31718,30141,1577,10.17,1.89,1689.46,70.16,Uneven Weaving,89.58,4.97,81.42,92.54,Excellent,Moderate
TP101420,2024-11-20 00:00:00,Evening,Silk Fabric,Cotton,TM001,OP004,56611,52752,49771,2981,9.09,1.35,2361.15,65.21,Color Variation,93.18,5.65,85.15,91.52,Excellent,On Target
TP101421,2024-11-21 00:00:00,Evening,Denim Fabric,Denim,TM001,OP003,55053,52531,51221,1310,11.94,0.57,2851.83,155.79,Stain,95.42,2.49,95.23,96.26,Excellent,On Target
TP101422,2024-11-22 00:00:00,Night,Denim Fabric,Polyester,TM003,OP001,39446,32736,32496,240,9.67,1.52,1864.21,60.46,Uneven Weaving,82.99,0.73,84.28,98.9,Excellent,Moderate
TP101423,2024-11-23 00:00:00,Evening,Silk Fabric,Denim,TM003,OP007,30922,28248,26394,1854,8.23,1.59,1515.36,236.52,No Defect,91.35,6.56,80.68,90.16,Excellent,On Target
TP101424,2024-11-24 00:00:00,Night,Polyester Fabric,Silk,TM001,OP006,30419,30187,29359,828,10.63,2.43,1366.72,105.75,Stain,99.24,2.74,77.14,95.89,Excellent,On Target
TP101425,2024-11-25 00:00:00,Night,Denim Fabric,Cotton,TM001,OP004,48588,49917,49322,595,7.02,2.21,2201.63,284.8,Thread Breakage,100,1.19,68.52,98.21,Excellent,On Target
TP101426,2024-11-26 00:00:00,Night,Linen Fabric,Linen,TM002,OP002,40789,36824,35463,1361,8.31,1.99,1783.3,171.6,Uneven Weaving,90.28,3.7,76.05,94.46,Excellent,On Target
TP101427,2024-11-27 00:00:00,Morning,Cotton Fabric,Silk,TM001,OP007,31120,27490,25979,1511,8.08,0.34,1425.43,161.58,Stain,88.34,5.5,95.79,91.76,Excellent,Moderate
TP101428,2024-11-28 00:00:00,Morning,Linen Fabric,Denim,TM005,OP001,41260,37911,37175,736,8.59,2.16,1919.66,245.13,No Defect,91.88,1.94,74.85,97.09,Excellent,On Target
TP101429,2024-11-29 00:00:00,Evening,Denim Fabric,Polyester,TM002,OP004,47334,43408,42431,977,10.69,1.5,1900.88,228.29,Stain,91.71,2.25,85.97,96.62,Excellent,On Target
TP101430,2024-11-30 00:00:00,Night,Cotton Fabric,Cotton,TM002,OP002,32336,32241,31571,670,8.91,2.68,1556.45,201.83,Stain,99.71,2.08,69.92,96.88,Excellent,On Target
TP101431,2024-12-01 00:00:00,Night,Silk Fabric,Linen,TM002,OP007,35373,29369,27329,2040,10.76,2.76,1417.69,283.79,Thread Breakage,83.03,6.95,74.35,89.58,Good,Moderate
TP101432,2024-12-02 00:00:00,Evening,Cotton Fabric,Polyester,TM005,OP007,32243,28387,27881,506,9.46,0.17,1555.54,155.56,Uneven Weaving,88.04,1.78,98.2,97.33,Excellent,Moderate
TP101433,2024-12-03 00:00:00,Night,Cotton Fabric,Linen,TM002,OP005,49029,40292,38583,1709,8.05,2.46,2165.88,252.13,Tear,82.18,4.24,69.44,93.64,Excellent,Moderate
TP101434,2024-12-04 00:00:00,Evening,Cotton Fabric,Cotton,TM002,OP003,56433,46792,43744,3048,10.86,0.11,2131.63,145.02,Stain,82.92,6.51,98.99,90.23,Excellent,Moderate
TP101435,2024-12-05 00:00:00,Night,Denim Fabric,Denim,TM003,OP004,34612,32063,31597,466,7.43,1.1,1815.69,259.59,Tear,92.64,1.45,85.2,97.82,Excellent,On Target
TP101436,2024-12-06 00:00:00,Morning,Polyester Fabric,Linen,TM006,OP007,43946,42043,39180,2863,7.35,1.63,1881.56,114.87,Color Variation,95.67,6.81,77.82,89.79,Good,On Target
TP101437,2024-12-07 00:00:00,Evening,Denim Fabric,Cotton,TM003,OP005,48249,41231,38486,2745,9.03,0.44,2100.58,122.32,Stain,85.45,6.66,95.13,90.01,Excellent,Moderate
TP101438,2024-12-08 00:00:00,Evening,Polyester Fabric,Linen,TM001,OP006,41104,39215,36764,2451,7.57,2.24,1825.27,219.47,Tear,95.4,6.25,70.41,90.62,Excellent,On Target
TP101439,2024-12-09 00:00:00,Morning,Silk Fabric,Polyester,TM001,OP008,43429,42465,41660,805,6.05,0.03,2237.01,103.18,Color Variation,97.78,1.9,99.5,97.16,Excellent,On Target
TP101440,2024-12-10 00:00:00,Evening,Silk Fabric,Linen,TM004,OP006,57429,59464,56716,2748,9.89,0.51,2779.57,107.29,Thread Breakage,100,4.62,94.84,93.07,Excellent,On Target
TP101441,2024-12-11 00:00:00,Morning,Silk Fabric,Polyester,TM006,OP002,52412,47427,44844,2583,9.07,1.74,2363.77,126.32,Uneven Weaving,90.49,5.45,80.82,91.83,Excellent,On Target
TP101442,2024-12-12 00:00:00,Night,Silk Fabric,Polyester,TM005,OP007,53710,45934,42760,3174,8.67,2.14,2183.88,219.73,Stain,85.52,6.91,75.32,89.64,Good,Moderate
TP101443,2024-12-13 00:00:00,Morning,Silk Fabric,Cotton,TM003,OP007,59486,49363,48537,826,11.8,2.75,2519.79,272.35,Uneven Weaving,82.98,1.67,76.69,97.49,Excellent,Moderate
TP101444,2024-12-14 00:00:00,Morning,Linen Fabric,Silk,TM001,OP001,36371,29929,28289,1640,9.43,2.12,1348.47,218.64,Color Variation,82.29,5.48,77.52,91.78,Excellent,Moderate
TP101445,2024-12-15 00:00:00,Evening,Denim Fabric,Linen,TM005,OP007,36359,35904,34934,970,11.18,2.02,1774.85,256.95,Uneven Weaving,98.75,2.7,81.93,95.95,Excellent,On Target
TP101446,2024-12-16 00:00:00,Night,Polyester Fabric,Denim,TM002,OP003,37863,30061,29568,493,6.84,1.18,1683.96,185.89,Uneven Weaving,79.39,1.64,82.75,97.54,Excellent,Moderate
TP101447,2024-12-17 00:00:00,Morning,Silk Fabric,Polyester,TM005,OP002,33228,32738,31678,1060,9.42,0,1548.42,67.23,No Defect,98.53,3.24,100,95.14,Excellent,On Target
TP101448,2024-12-18 00:00:00,Night,Linen Fabric,Silk,TM003,OP004,50103,42047,39667,2380,11.21,0.36,2299.21,75.12,Color Variation,83.92,5.66,96.79,91.51,Excellent,Moderate
TP101449,2024-12-19 00:00:00,Morning,Linen Fabric,Polyester,TM006,OP007,57804,49251,47517,1734,9.5,1.6,2565.64,188.6,Uneven Weaving,85.2,3.52,83.16,94.72,Excellent,Moderate
TP101450,2024-12-20 00:00:00,Evening,Linen Fabric,Silk,TM004,OP008,44382,39473,37896,1577,10.31,2.03,2287.48,131.95,Tear,88.94,4,80.31,94.01,Excellent,Moderate
TP101451,2024-12-21 00:00:00,Morning,Denim Fabric,Silk,TM003,OP003,48755,41478,38588,2890,8.23,1.25,1844.38,105.14,Color Variation,85.07,6.97,84.81,89.55,Good,Moderate
TP101452,2024-12-22 00:00:00,Morning,Silk Fabric,Denim,TM006,OP007,32891,31748,30766,982,6.55,2.19,1741.68,166.56,No Defect,96.52,3.09,66.56,95.36,Excellent,On Target
TP101453,2024-12-23 00:00:00,Night,Linen Fabric,Silk,TM001,OP005,33756,34665,33105,1560,8.75,1.57,1923.22,216.62,Stain,100,4.5,82.06,93.25,Excellent,On Target
TP101454,2024-12-24 00:00:00,Morning,Linen Fabric,Denim,TM001,OP003,50609,43219,41977,1242,8.37,0.22,1922.73,146.25,Thread Breakage,85.4,2.87,97.37,95.69,Excellent,Moderate
TP101455,2024-12-25 00:00:00,Evening,Silk Fabric,Cotton,TM005,OP005,45770,39808,38593,1215,11.2,0.58,1889.73,250.64,Uneven Weaving,86.97,3.05,94.82,95.42,Excellent,Moderate
TP101456,2024-12-26 00:00:00,Evening,Denim Fabric,Polyester,TM003,OP002,46478,41299,39225,2074,7.46,2.52,2342.54,234.63,Tear,88.86,5.02,66.22,92.47,Excellent,Moderate
TP101457,2024-12-27 00:00:00,Morning,Linen Fabric,Denim,TM001,OP008,32674,30644,28623,2021,11.8,2.17,1513.03,233.73,No Defect,93.79,6.6,81.61,90.11,Excellent,On Target
TP101458,2024-12-28 00:00:00,Morning,Polyester Fabric,Polyester,TM002,OP007,36898,32812,31491,1321,11.75,2.68,1488.23,296.3,Color Variation,88.93,4.03,77.19,93.96,Excellent,Moderate
TP101459,2024-12-29 00:00:00,Night,Cotton Fabric,Linen,TM002,OP001,40147,40031,37831,2200,7.49,0.35,2305.84,123.81,Thread Breakage,99.71,5.5,95.33,91.76,Excellent,On Target
TP101460,2024-12-30 00:00:00,Night,Cotton Fabric,Cotton,TM004,OP006,30793,30185,29859,326,8.09,2.97,1404.73,211.18,Thread Breakage,98.03,1.08,63.29,98.38,Excellent,On Target
TP101461,2024-12-31 00:00:00,Evening,Cotton Fabric,Linen,TM005,OP003,56410,46088,45225,863,11.37,0.63,2311.4,263.87,Uneven Weaving,81.7,1.87,94.46,97.19,Excellent,Moderate
TP101462,2025-01-01 00:00:00,Night,Denim Fabric,Linen,TM001,OP001,32116,30076,28944,1132,11.8,0.04,1476.33,194.88,No Defect,93.65,3.76,99.66,94.35,Excellent,On Target
TP101463,2025-01-02 00:00:00,Morning,Linen Fabric,Silk,TM004,OP001,35779,36009,35782,227,8.66,2.99,1845.9,247.38,No Defect,100,0.63,65.47,99.05,Excellent,On Target
TP101464,2025-01-03 00:00:00,Evening,Cotton Fabric,Silk,TM002,OP006,42298,36603,35818,785,7.93,0.84,1753.82,153.61,Tear,86.54,2.14,89.41,96.78,Excellent,Moderate
TP101465,2025-01-04 00:00:00,Night,Cotton Fabric,Linen,TM004,OP003,57901,50918,48951,1967,9.16,2,2868.05,197.62,Stain,87.94,3.86,78.17,94.21,Excellent,Moderate
TP101466,2025-01-05 00:00:00,Evening,Silk Fabric,Silk,TM004,OP007,44153,38106,37878,228,10.13,0.53,1761.02,63.92,Stain,86.3,0.6,94.77,99.1,Excellent,Moderate
TP101467,2025-01-06 00:00:00,Morning,Linen Fabric,Polyester,TM001,OP008,41111,35541,34752,789,7.64,1.74,2012.88,296.44,Stain,86.45,2.22,77.23,96.67,Excellent,Moderate
TP101468,2025-01-07 00:00:00,Night,Linen Fabric,Silk,TM001,OP003,40789,31946,30719,1227,10.42,2.71,1671.27,250,Thread Breakage,78.32,3.84,73.99,94.24,Excellent,Moderate
TP101469,2025-01-08 00:00:00,Morning,Silk Fabric,Linen,TM001,OP001,41397,33408,31996,1412,6.31,0.96,1927.4,267.2,Thread Breakage,80.7,4.23,84.79,93.66,Excellent,Moderate
TP101470,2025-01-09 00:00:00,Morning,Linen Fabric,Silk,TM005,OP004,42999,38932,36395,2537,6.3,2.01,1749.72,223.57,Color Variation,90.54,6.52,68.1,90.23,Excellent,On Target
TP101471,2025-01-10 00:00:00,Evening,Polyester Fabric,Silk,TM004,OP004,52550,52863,50381,2482,8.32,0.56,2717.45,96.51,Thread Breakage,100,4.7,93.27,92.96,Excellent,On Target
TP101472,2025-01-11 00:00:00,Evening,Denim Fabric,Denim,TM004,OP003,30814,26410,25566,844,8.12,1.87,1383.8,57.76,Thread Breakage,85.71,3.2,76.97,95.21,Excellent,Moderate
TP101473,2025-01-12 00:00:00,Evening,Silk Fabric,Denim,TM005,OP008,46729,39954,37338,2616,7.89,1.01,2088.01,266.16,No Defect,85.5,6.55,87.2,90.18,Excellent,Moderate
TP101474,2025-01-13 00:00:00,Night,Cotton Fabric,Linen,TM002,OP001,40541,41316,39002,2314,8.95,0.63,1895.82,149.08,Color Variation,100,5.6,92.96,91.6,Excellent,On Target
TP101475,2025-01-14 00:00:00,Night,Linen Fabric,Polyester,TM003,OP001,54938,45182,44369,813,7.92,0.94,2248.49,115.97,No Defect,82.24,1.8,88.13,97.3,Excellent,Moderate
TP101476,2025-01-15 00:00:00,Evening,Polyester Fabric,Cotton,TM002,OP002,32443,25426,25083,343,7.15,0.54,1198.59,190.42,Tear,78.37,1.35,92.45,97.98,Excellent,Moderate
TP101477,2025-01-16 00:00:00,Night,Polyester Fabric,Cotton,TM005,OP001,40457,34065,32398,1667,7.86,2.71,1949.11,155.22,Tear,84.2,4.89,65.52,92.66,Excellent,Moderate
TP101478,2025-01-17 00:00:00,Night,Denim Fabric,Linen,TM004,OP006,40380,34469,33042,1427,11.85,1.19,1879.24,212.92,Color Variation,85.36,4.14,89.96,93.79,Excellent,Moderate
TP101479,2025-01-18 00:00:00,Evening,Polyester Fabric,Polyester,TM004,OP004,37783,29383,27728,1655,8.47,0.74,1474.73,170.95,Color Variation,77.77,5.63,91.26,91.55,Excellent,Moderate
TP101480,2025-01-19 00:00:00,Morning,Linen Fabric,Polyester,TM001,OP002,57581,51307,48587,2720,8.67,1.35,2311.16,224.31,Thread Breakage,89.1,5.3,84.43,92.05,Excellent,Moderate
TP101481,2025-01-20 00:00:00,Night,Linen Fabric,Polyester,TM001,OP007,41473,40079,38250,1829,9.46,0.96,2301.91,263.36,Tear,96.64,4.56,89.85,93.15,Excellent,On Target
TP101482,2025-01-21 00:00:00,Night,Polyester Fabric,Denim,TM004,OP006,47368,38367,35715,2652,11.9,2.23,2161.88,98.89,Uneven Weaving,81,6.91,81.26,89.63,Good,Moderate
TP101483,2025-01-22 00:00:00,Morning,Linen Fabric,Linen,TM004,OP007,45328,41073,39443,1630,7.45,2.91,2301.57,132.36,Stain,90.61,3.97,60.94,94.05,Excellent,On Target
TP101484,2025-01-23 00:00:00,Morning,Linen Fabric,Cotton,TM006,OP004,54174,50258,49637,621,10.09,1.31,2412.48,159.2,Thread Breakage,92.77,1.24,87.02,98.15,Excellent,On Target
TP101485,2025-01-24 00:00:00,Morning,Cotton Fabric,Polyester,TM001,OP006,56215,50265,47308,2957,10.3,2.58,2636.19,290.51,Stain,89.42,5.88,74.95,91.18,Excellent,Moderate
TP101486,2025-01-25 00:00:00,Evening,Silk Fabric,Linen,TM001,OP005,30827,28145,27544,601,9.64,1.7,1313.79,141.33,Tear,91.3,2.14,82.37,96.8,Excellent,On Target
TP101487,2025-01-26 00:00:00,Morning,Linen Fabric,Cotton,TM002,OP003,57306,52367,49459,2908,6.53,0.47,2985.56,145.27,Stain,91.38,5.55,92.8,91.67,Excellent,On Target
TP101488,2025-01-27 00:00:00,Evening,Linen Fabric,Denim,TM004,OP008,49915,42084,39255,2829,10.06,2.07,2339.35,213.37,Uneven Weaving,84.31,6.72,79.42,89.92,Good,Moderate
TP101489,2025-01-28 00:00:00,Morning,Denim Fabric,Silk,TM004,OP005,37147,37329,35452,1877,6.38,1.54,1964.08,154.8,Uneven Weaving,100,5.03,75.86,92.46,Excellent,On Target
TP101490,2025-01-29 00:00:00,Morning,Silk Fabric,Cotton,TM005,OP003,34451,34015,32527,1488,9.58,1.95,1730.58,287.81,No Defect,98.73,4.37,79.65,93.44,Excellent,On Target
TP101491,2025-01-30 00:00:00,Evening,Silk Fabric,Cotton,TM002,OP004,45343,44585,43028,1557,10.44,2.67,2130.27,273.62,Color Variation,98.33,3.49,74.43,94.76,Excellent,On Target
TP101492,2025-01-31 00:00:00,Evening,Silk Fabric,Cotton,TM003,OP004,43635,42368,41153,1215,7.27,1.32,2398.46,178.35,Stain,97.1,2.87,81.84,95.7,Excellent,On Target
TP101493,2025-02-01 00:00:00,Morning,Polyester Fabric,Silk,TM003,OP005,57511,45419,44150,1269,11.05,2.7,1988.39,211.19,Uneven Weaving,78.97,2.79,75.57,95.81,Excellent,Moderate
TP101494,2025-02-02 00:00:00,Morning,Cotton Fabric,Polyester,TM003,OP008,50260,48492,46244,2248,6.18,2.25,2502.52,64.51,Color Variation,96.48,4.64,63.59,93.05,Excellent,On Target
TP101495,2025-02-03 00:00:00,Morning,Cotton Fabric,Silk,TM006,OP006,35959,34013,32182,1831,11.06,1.47,1652.88,223.93,Color Variation,94.59,5.38,86.71,91.93,Excellent,On Target
TP101496,2025-02-04 00:00:00,Night,Denim Fabric,Cotton,TM001,OP008,30126,25000,23772,1228,8.76,1.81,1273.77,226.8,No Defect,82.98,4.91,79.34,92.63,Excellent,Moderate
TP101497,2025-02-05 00:00:00,Morning,Silk Fabric,Denim,TM003,OP007,49561,43859,43074,785,7.31,0.98,2383.15,139.8,Color Variation,88.49,1.79,86.59,97.32,Excellent,Moderate
TP101498,2025-02-06 00:00:00,Evening,Silk Fabric,Cotton,TM005,OP003,57632,52985,51019,1966,6.8,2.95,2394.59,104.92,Color Variation,91.94,3.71,56.62,94.43,Excellent,On Target
TP101499,2025-02-07 00:00:00,Night,Linen Fabric,Denim,TM001,OP003,38795,39435,37209,2226,11.72,2,1854.62,278.77,Thread Breakage,100,5.64,82.94,91.53,Excellent,On Target
TP101500,2025-02-08 00:00:00,Evening,Polyester Fabric,Linen,TM001,OP002,41641,39589,38167,1422,6.44,0.13,2056.21,156.68,Tear,95.07,3.59,97.98,94.61,Excellent,On Target
TP101501,2025-02-09 00:00:00,Night,Polyester Fabric,Denim,TM003,OP001,52408,43995,42240,1755,7.19,0.98,2093.87,213.43,No Defect,83.95,3.99,86.37,94.02,Excellent,Moderate
TP101502,2025-02-10 00:00:00,Night,Denim Fabric,Cotton,TM001,OP006,51493,52455,49563,2892,8.09,1.87,2818,58.33,No Defect,100,5.51,76.89,91.73,Excellent,On Target
TP101503,2025-02-11 00:00:00,Evening,Cotton Fabric,Silk,TM002,OP006,50530,45632,43442,2190,9.72,0.17,2166.02,153.52,Stain,90.31,4.8,98.25,92.8,Excellent,On Target
TP101504,2025-02-12 00:00:00,Night,Silk Fabric,Cotton,TM002,OP002,37196,32810,31773,1037,9.27,0.07,1746.97,254.31,Color Variation,88.21,3.16,99.24,95.26,Excellent,Moderate
TP101505,2025-02-13 00:00:00,Evening,Denim Fabric,Cotton,TM003,OP004,58109,50968,47747,3221,6.75,1.35,2272.04,146.89,Stain,87.71,6.32,80,90.52,Excellent,Moderate
TP101506,2025-02-14 00:00:00,Morning,Polyester Fabric,Linen,TM005,OP005,41559,32680,32171,509,7.74,1,1771.53,200.79,Thread Breakage,78.64,1.56,87.08,97.66,Excellent,Moderate
TP101507,2025-02-15 00:00:00,Night,Polyester Fabric,Polyester,TM001,OP008,33368,29775,27699,2076,7.43,1.31,1725.13,102.46,Uneven Weaving,89.23,6.97,82.37,89.54,Good,Moderate
TP101508,2025-02-16 00:00:00,Evening,Polyester Fabric,Cotton,TM004,OP006,33797,31594,31192,402,7.28,0.79,1782.63,154.13,Color Variation,93.48,1.27,89.15,98.09,Excellent,On Target
TP101509,2025-02-17 00:00:00,Night,Silk Fabric,Linen,TM003,OP003,45114,39386,39151,235,8.47,0.49,2163.33,281.91,Uneven Weaving,87.3,0.6,94.21,99.11,Excellent,Moderate
TP101510,2025-02-18 00:00:00,Evening,Silk Fabric,Silk,TM006,OP002,43718,40633,38079,2554,10.22,2.07,1985.8,191.61,Tear,92.94,6.29,79.75,90.57,Excellent,On Target
TP101511,2025-02-19 00:00:00,Morning,Silk Fabric,Linen,TM001,OP005,31792,26689,26131,558,7.3,1.54,1456.49,275.48,Thread Breakage,83.95,2.09,78.9,96.86,Excellent,Moderate
TP101512,2025-02-20 00:00:00,Morning,Linen Fabric,Linen,TM003,OP007,41053,36543,34627,1916,8.2,0.6,1678.72,275.5,Color Variation,89.01,5.24,92.68,92.14,Excellent,Moderate
TP101513,2025-02-21 00:00:00,Night,Cotton Fabric,Denim,TM003,OP005,52116,48059,45285,2774,8.35,0.96,2597.68,286.04,Stain,92.22,5.77,88.5,91.34,Excellent,On Target
TP101514,2025-02-22 00:00:00,Night,Polyester Fabric,Polyester,TM005,OP006,33476,30573,28713,1860,11.86,1.78,1448.83,273.85,Stain,91.33,6.08,84.99,90.87,Excellent,On Target
TP101515,2025-02-23 00:00:00,Evening,Polyester Fabric,Polyester,TM004,OP001,33417,26320,24492,1828,11.73,0.22,1340.66,50.82,Color Variation,78.76,6.95,98.12,89.58,Good,Moderate
TP101516,2025-02-24 00:00:00,Evening,Linen Fabric,Silk,TM001,OP008,31645,27508,26845,663,10.8,0.44,1248.23,283.5,Stain,86.93,2.41,95.93,96.38,Excellent,Moderate
TP101517,2025-02-25 00:00:00,Night,Polyester Fabric,Linen,TM003,OP003,44755,45535,43205,2330,7.45,0.22,2051.84,84.36,Color Variation,100,5.12,97.05,92.32,Excellent,On Target
TP101518,2025-02-26 00:00:00,Evening,Polyester Fabric,Silk,TM003,OP005,55781,48280,47676,604,6.41,2.44,2171.16,59.98,No Defect,86.55,1.25,61.93,98.12,Excellent,Moderate
TP101519,2025-02-27 00:00:00,Evening,Silk Fabric,Silk,TM001,OP007,49414,44527,43127,1400,7.9,2.26,2083.3,63.85,Stain,90.11,3.14,71.39,95.28,Excellent,On Target
TP101520,2025-02-28 00:00:00,Evening,Silk Fabric,Polyester,TM003,OP003,49256,44031,41384,2647,7.6,2.26,2310.78,137.23,Color Variation,89.39,6.01,70.26,90.98,Excellent,Moderate
TP101521,2025-03-01 00:00:00,Night,Cotton Fabric,Polyester,TM003,OP006,33072,33395,32430,965,9.04,2.15,1589.26,205.2,Color Variation,100,2.89,76.22,95.67,Excellent,On Target
TP101522,2025-03-02 00:00:00,Morning,Polyester Fabric,Polyester,TM003,OP002,31854,31546,30176,1370,10.67,2.01,1481.93,150.58,Stain,99.03,4.34,81.16,93.49,Excellent,On Target
TP101523,2025-03-03 00:00:00,Morning,Denim Fabric,Cotton,TM002,OP007,50405,48214,46394,1820,11.15,1.43,2793.86,56.39,No Defect,95.65,3.77,87.17,94.34,Excellent,On Target
TP101524,2025-03-04 00:00:00,Evening,Polyester Fabric,Linen,TM002,OP005,34662,28834,27479,1355,11.07,1.93,1461.7,169.12,Stain,83.19,4.7,82.57,92.95,Excellent,Moderate
TP101525,2025-03-05 00:00:00,Night,Polyester Fabric,Silk,TM004,OP007,36514,33781,31476,2305,8.16,0.12,1865.1,160.53,Color Variation,92.52,6.82,98.53,89.76,Good,On Target
TP101526,2025-03-06 00:00:00,Evening,Cotton Fabric,Linen,TM005,OP006,51415,48318,47901,417,10.12,1.86,2439.17,239.21,No Defect,93.98,0.86,81.62,98.71,Excellent,On Target
TP101527,2025-03-07 00:00:00,Morning,Denim Fabric,Silk,TM001,OP005,32708,27838,26660,1178,7.88,2.33,1474.46,119.9,Uneven Weaving,85.11,4.23,70.43,93.65,Excellent,Moderate
TP101528,2025-03-08 00:00:00,Evening,Polyester Fabric,Silk,TM005,OP007,41694,34984,32847,2137,6.37,1.5,1798.25,104.38,Tear,83.91,6.11,76.45,90.84,Excellent,Moderate
TP101529,2025-03-09 00:00:00,Morning,Denim Fabric,Silk,TM005,OP002,53496,54531,52552,1979,10.21,1.07,2632.69,113.98,Stain,100,3.63,89.52,94.56,Excellent,On Target
TP101530,2025-03-10 00:00:00,Night,Silk Fabric,Silk,TM002,OP007,39524,34739,34388,351,6.06,0.83,1574.86,125.93,Thread Breakage,87.89,1.01,86.3,98.48,Excellent,Moderate
TP101531,2025-03-11 00:00:00,Evening,Silk Fabric,Denim,TM004,OP003,54777,55492,53193,2299,8.46,1.93,2771.78,199.79,Color Variation,100,4.14,77.19,93.79,Excellent,On Target
TP101532,2025-03-12 00:00:00,Night,Denim Fabric,Denim,TM005,OP003,49891,48384,47098,1286,7.98,2.08,2188.54,167.88,No Defect,96.98,2.66,73.93,96.01,Excellent,On Target
TP101533,2025-03-13 00:00:00,Evening,Polyester Fabric,Cotton,TM005,OP005,36456,33851,33341,510,10.16,2.61,1875.24,134.22,No Defect,92.85,1.51,74.31,97.74,Excellent,On Target
TP101534,2025-03-14 00:00:00,Evening,Denim Fabric,Polyester,TM003,OP006,34212,31875,29957,1918,10.6,1.03,1607.8,143.58,Uneven Weaving,93.17,6.02,90.28,90.97,Excellent,On Target
TP101535,2025-03-15 00:00:00,Evening,Denim Fabric,Silk,TM001,OP002,43224,34664,33315,1349,7.82,2.31,1832.09,142.73,Stain,80.2,3.89,70.46,94.16,Excellent,Moderate
TP101536,2025-03-16 00:00:00,Evening,Silk Fabric,Linen,TM004,OP004,37970,34723,32443,2280,10.87,1.68,1872.94,293.1,Thread Breakage,91.45,6.57,84.54,90.15,Excellent,On Target
TP101537,2025-03-17 00:00:00,Evening,Denim Fabric,Denim,TM001,OP003,55150,55105,51942,3163,7.76,2.65,2776.96,108.25,No Defect,99.92,5.74,65.85,91.39,Excellent,On Target
TP101538,2025-03-18 00:00:00,Night,Linen Fabric,Polyester,TM002,OP007,46920,44466,42241,2225,8.68,1.58,2223.8,254.52,Uneven Weaving,94.77,5,81.8,92.49,Excellent,On Target
TP101539,2025-03-19 00:00:00,Night,Linen Fabric,Cotton,TM005,OP004,31625,28804,28651,153,10.36,1.55,1423.65,227.05,Color Variation,91.08,0.53,85.04,99.2,Excellent,On Target
TP101540,2025-03-20 00:00:00,Morning,Silk Fabric,Polyester,TM005,OP007,40314,41114,39765,1349,10.16,1.73,1937.25,51.39,Uneven Weaving,100,3.28,82.97,95.08,Excellent,On Target
TP101541,2025-03-21 00:00:00,Evening,Polyester Fabric,Silk,TM006,OP005,37973,33684,33083,601,11.92,2.25,1742.57,298.29,Stain,88.71,1.78,81.12,97.32,Excellent,Moderate
TP101542,2025-03-22 00:00:00,Morning,Polyester Fabric,Polyester,TM001,OP004,38577,33046,30924,2122,7.35,2.89,1796.71,239.11,Uneven Weaving,85.66,6.42,60.68,90.37,Excellent,Moderate
TP101543,2025-03-23 00:00:00,Night,Silk Fabric,Silk,TM002,OP006,38070,34673,34106,567,9.97,0.22,1777.18,220.61,No Defect,91.08,1.64,97.79,97.55,Excellent,On Target
TP101544,2025-03-24 00:00:00,Morning,Polyester Fabric,Denim,TM006,OP007,57857,55175,53873,1302,9.66,0.16,2999.77,151.33,No Defect,95.36,2.36,98.34,96.46,Excellent,On Target
TP101545,2025-03-25 00:00:00,Night,Cotton Fabric,Denim,TM006,OP006,38666,30150,28986,1164,11.49,2.81,1654.77,188.8,Tear,77.98,3.86,75.54,94.21,Excellent,Moderate
TP101546,2025-03-26 00:00:00,Evening,Linen Fabric,Silk,TM003,OP007,54993,50590,49471,1119,6.94,1.59,2845.12,113.32,Uneven Weaving,91.99,2.21,77.09,96.68,Excellent,On Target
TP101547,2025-03-27 00:00:00,Morning,Cotton Fabric,Linen,TM006,OP004,52874,50586,49643,943,10.51,1.84,2890.78,58.87,Color Variation,95.67,1.86,82.49,97.2,Excellent,On Target
TP101548,2025-03-28 00:00:00,Morning,Cotton Fabric,Denim,TM006,OP006,33600,29606,28305,1301,9.41,1.45,1586.7,259.01,Thread Breakage,88.11,4.39,84.59,93.41,Excellent,Moderate
TP101549,2025-03-29 00:00:00,Morning,Cotton Fabric,Linen,TM003,OP003,36783,35955,35567,388,7.65,0.28,2065.76,274.12,Thread Breakage,97.75,1.08,96.34,98.38,Excellent,On Target
TP101550,2025-03-30 00:00:00,Morning,Silk Fabric,Silk,TM005,OP005,43226,40844,40485,359,8.85,2.3,2173.06,90.62,Stain,94.49,0.88,74.01,98.68,Excellent,On Target
TP101551,2025-03-31 00:00:00,Evening,Cotton Fabric,Silk,TM005,OP004,39146,41099,39899,1200,8,2.24,1995.94,246.76,Tear,100,2.92,72,95.62,Excellent,On Target
TP101552,2025-04-01 00:00:00,Night,Denim Fabric,Denim,TM004,OP007,34971,29636,28100,1536,9.48,0.94,1777.09,235.29,Uneven Weaving,84.74,5.18,90.08,92.23,Excellent,Moderate
TP101553,2025-04-02 00:00:00,Night,Polyester Fabric,Linen,TM006,OP003,59434,56947,54609,2338,11.33,0.92,2878.12,94.59,Color Variation,95.82,4.11,91.88,93.84,Excellent,On Target
TP101554,2025-04-03 00:00:00,Evening,Silk Fabric,Silk,TM001,OP007,43490,36044,34873,1171,9.42,2.51,1592.75,155.46,Tear,82.88,3.25,73.35,95.13,Excellent,Moderate
TP101555,2025-04-04 00:00:00,Night,Denim Fabric,Denim,TM005,OP004,47589,37449,35885,1564,9.79,0.22,1769.52,155.69,No Defect,78.69,4.18,97.75,93.74,Excellent,Moderate
TP101556,2025-04-05 00:00:00,Morning,Denim Fabric,Silk,TM002,OP007,42951,32536,31600,936,9.11,2.64,1794.21,239.99,Stain,75.75,2.88,71.02,95.68,Excellent,Moderate
TP101557,2025-04-06 00:00:00,Evening,Linen Fabric,Polyester,TM001,OP003,42312,39675,37062,2613,6.31,0.77,1751.98,259.42,Uneven Weaving,93.77,6.59,87.8,90.12,Excellent,On Target
TP101558,2025-04-07 00:00:00,Night,Linen Fabric,Polyester,TM004,OP006,31990,29204,28954,250,7.4,1.78,1521.27,73.69,Thread Breakage,91.29,0.86,75.95,98.72,Excellent,On Target
TP101559,2025-04-08 00:00:00,Evening,Denim Fabric,Denim,TM006,OP006,35299,30585,29093,1492,8.95,2.81,1733.48,190.74,Color Variation,86.65,4.88,68.6,92.68,Excellent,Moderate
TP101560,2025-04-09 00:00:00,Evening,Linen Fabric,Silk,TM003,OP008,42997,33359,31260,2099,7.86,2.03,1539.02,240.44,No Defect,77.58,6.29,74.17,90.56,Excellent,Moderate
TP101561,2025-04-10 00:00:00,Night,Polyester Fabric,Denim,TM004,OP008,49956,42546,40110,2436,7.09,1.24,1959.21,246.55,Tear,85.17,5.73,82.51,91.41,Excellent,Moderate
TP101562,2025-04-11 00:00:00,Night,Polyester Fabric,Cotton,TM001,OP005,52359,47138,46338,800,9.02,2.07,2387.01,87,Stain,90.03,1.7,77.05,97.45,Excellent,On Target
TP101563,2025-04-12 00:00:00,Evening,Linen Fabric,Denim,TM003,OP007,43472,41538,40531,1007,7.94,1.03,1970.67,181.38,Tear,95.55,2.42,87.03,96.36,Excellent,On Target
TP101564,2025-04-13 00:00:00,Evening,Cotton Fabric,Denim,TM002,OP006,52704,47373,44928,2445,7.55,0.83,2243.83,264.39,Thread Breakage,89.89,5.16,89.01,92.26,Excellent,Moderate
TP101565,2025-04-14 00:00:00,Night,Denim Fabric,Polyester,TM003,OP002,34380,31549,31218,331,8.78,2.99,1821.58,129.63,Tear,91.77,1.05,65.95,98.43,Excellent,On Target
TP101566,2025-04-15 00:00:00,Evening,Polyester Fabric,Polyester,TM003,OP003,58734,51314,48350,2964,6.8,2.25,2753.84,156.28,Color Variation,87.37,5.78,66.91,91.34,Excellent,Moderate
TP101567,2025-04-16 00:00:00,Night,Linen Fabric,Silk,TM002,OP003,59674,60000,56896,3104,11.57,1.93,3049.41,251.09,No Defect,100,5.17,83.32,92.24,Excellent,On Target
TP101568,2025-04-17 00:00:00,Evening,Linen Fabric,Denim,TM005,OP004,34757,28804,27294,1510,11.21,1.07,1352.77,72.33,Uneven Weaving,82.87,5.24,90.45,92.14,Excellent,Moderate
TP101569,2025-04-18 00:00:00,Evening,Polyester Fabric,Denim,TM005,OP005,49097,41784,41303,481,10.25,0.15,2379.65,264.87,Color Variation,85.1,1.15,98.54,98.27,Excellent,Moderate
TP101570,2025-04-19 00:00:00,Evening,Polyester Fabric,Silk,TM003,OP001,40395,34963,33157,1806,6.64,0.09,1651.31,127.79,Thread Breakage,86.55,5.17,98.64,92.25,Excellent,Moderate
TP101571,2025-04-20 00:00:00,Night,Cotton Fabric,Linen,TM003,OP008,46241,43374,41241,2133,10.66,1.66,2537.64,50.36,Stain,93.8,4.92,84.43,92.62,Excellent,On Target
TP101572,2025-04-21 00:00:00,Morning,Linen Fabric,Silk,TM004,OP008,35588,29441,27704,1737,10.85,2.29,1515.14,108.54,Thread Breakage,82.73,5.9,78.89,91.15,Excellent,Moderate
TP101573,2025-04-22 00:00:00,Night,Linen Fabric,Polyester,TM005,OP006,57696,52475,52071,404,10.61,1.61,2566.35,72.38,Thread Breakage,90.95,0.77,84.83,98.85,Excellent,On Target
TP101574,2025-04-23 00:00:00,Evening,Silk Fabric,Polyester,TM002,OP008,47350,43162,42881,281,6.68,2.52,2034.55,73.1,Tear,91.16,0.65,62.28,99.02,Excellent,On Target
TP101575,2025-04-24 00:00:00,Morning,Cotton Fabric,Denim,TM006,OP001,34944,29751,28881,870,9.86,0.1,1745.45,223.21,Stain,85.14,2.92,98.99,95.61,Excellent,Moderate
TP101576,2025-04-25 00:00:00,Morning,Polyester Fabric,Polyester,TM006,OP002,43395,40058,39470,588,11.01,1.1,2112.64,103.49,Color Variation,92.31,1.47,90.01,97.8,Excellent,On Target
TP101577,2025-04-26 00:00:00,Evening,Polyester Fabric,Silk,TM003,OP005,49816,41320,39614,1706,9.46,0.71,2091.28,283.69,Thread Breakage,82.95,4.13,92.49,93.81,Excellent,Moderate
TP101578,2025-04-27 00:00:00,Night,Denim Fabric,Denim,TM003,OP003,47072,38684,36184,2500,9.88,1.34,2215.97,179.11,Color Variation,82.18,6.46,86.44,90.31,Excellent,Moderate
TP101579,2025-04-28 00:00:00,Morning,Polyester Fabric,Silk,TM006,OP001,34243,31057,30111,946,8.75,0.22,1784.2,165.02,Uneven Weaving,90.7,3.05,97.49,95.43,Excellent,On Target
TP101580,2025-04-29 00:00:00,Morning,Linen Fabric,Silk,TM004,OP002,50085,39257,36905,2352,9.17,2.86,1836.27,158.57,Tear,78.38,5.99,68.81,91.01,Excellent,Moderate
TP101581,2025-04-30 00:00:00,Night,Polyester Fabric,Denim,TM004,OP005,54917,41180,40973,207,6.21,0.67,2031.82,223.15,Color Variation,74.99,0.5,89.21,99.25,Excellent,Below Target
TP101582,2025-05-01 00:00:00,Night,Linen Fabric,Linen,TM004,OP002,51566,48333,47562,771,9.83,2.77,2633.97,163.07,Stain,93.73,1.6,71.82,97.61,Excellent,On Target
TP101583,2025-05-02 00:00:00,Morning,Linen Fabric,Polyester,TM001,OP006,39916,38855,38584,271,6.49,1.28,1893.95,82.15,Thread Breakage,97.34,0.7,80.28,98.95,Excellent,On Target
TP101584,2025-05-03 00:00:00,Night,Cotton Fabric,Cotton,TM002,OP008,53088,46044,44832,1212,8.61,2.96,2047.67,270.04,Uneven Weaving,86.73,2.63,65.62,96.05,Excellent,Moderate
TP101585,2025-05-04 00:00:00,Morning,Polyester Fabric,Cotton,TM001,OP001,50806,43349,40573,2776,7.76,1.66,2487.58,157.1,Stain,85.32,6.4,78.61,90.39,Excellent,Moderate
TP101586,2025-05-05 00:00:00,Evening,Cotton Fabric,Cotton,TM003,OP004,39984,38800,38361,439,9.27,2.79,1951.21,68.5,Tear,97.04,1.13,69.9,98.3,Excellent,On Target
TP101587,2025-05-06 00:00:00,Night,Linen Fabric,Polyester,TM004,OP004,31759,26036,24880,1156,6.8,0.02,1548.7,182.34,Uneven Weaving,81.98,4.44,99.71,93.34,Excellent,Moderate
TP101588,2025-05-07 00:00:00,Morning,Polyester Fabric,Linen,TM004,OP005,57788,46494,44897,1597,10.15,2.24,2682.84,211.84,Uneven Weaving,80.46,3.43,77.93,94.85,Excellent,Moderate
TP101589,2025-05-08 00:00:00,Night,Polyester Fabric,Silk,TM006,OP002,39181,37204,34749,2455,10.77,2.71,2146.5,118.9,Uneven Weaving,94.95,6.6,74.84,90.1,Excellent,On Target
TP101590,2025-05-09 00:00:00,Night,Cotton Fabric,Denim,TM006,OP003,56838,51190,50526,664,6.98,0.42,2562.44,250.09,Thread Breakage,90.06,1.3,93.98,98.05,Excellent,On Target
TP101591,2025-05-10 00:00:00,Morning,Cotton Fabric,Linen,TM004,OP001,32482,31655,31060,595,6.63,0.29,1499.41,217.44,No Defect,97.45,1.88,95.63,97.18,Excellent,On Target
TP101592,2025-05-11 00:00:00,Evening,Linen Fabric,Cotton,TM005,OP004,54442,40841,40558,283,6.87,1.27,2208.24,212.59,Uneven Weaving,75.02,0.69,81.51,98.96,Excellent,Moderate
TP101593,2025-05-12 00:00:00,Morning,Linen Fabric,Polyester,TM006,OP004,30951,25000,24170,830,11.26,2.8,1206.44,155.21,Stain,80.77,3.32,75.13,95.02,Excellent,Moderate
TP101594,2025-05-13 00:00:00,Night,Polyester Fabric,Polyester,TM002,OP002,55298,49824,48675,1149,9.17,1.63,2577.57,290.48,Stain,90.1,2.31,82.22,96.54,Excellent,On Target
TP101595,2025-05-14 00:00:00,Morning,Polyester Fabric,Denim,TM001,OP004,57965,53863,50548,3315,8.8,1.58,2838.57,118.55,Tear,92.92,6.15,82.05,90.77,Excellent,On Target
TP101596,2025-05-15 00:00:00,Night,Silk Fabric,Silk,TM002,OP007,32079,30773,29409,1364,6.64,0.42,1527.68,194.43,Color Variation,95.93,4.43,93.67,93.35,Excellent,On Target
TP101597,2025-05-16 00:00:00,Morning,Silk Fabric,Linen,TM006,OP008,32717,29846,28505,1341,9.9,0,1380.67,127.26,Color Variation,91.22,4.49,100,93.26,Excellent,On Target
TP101598,2025-05-17 00:00:00,Evening,Denim Fabric,Linen,TM004,OP002,56908,51873,49820,2053,11.21,2.43,2426.6,236.2,No Defect,91.15,3.96,78.32,94.06,Excellent,On Target
TP101599,2025-05-18 00:00:00,Evening,Linen Fabric,Linen,TM003,OP001,57952,50577,50022,555,10.97,0.26,2330.28,61.95,Thread Breakage,87.27,1.1,97.63,98.35,Excellent,Moderate
TP101600,2025-05-19 00:00:00,Evening,Denim Fabric,Silk,TM005,OP002,50908,51486,49739,1747,9.76,1.9,2705.48,61.47,Thread Breakage,100,3.39,80.53,94.91,Excellent,On Target
TP101601,2025-05-20 00:00:00,Evening,Denim Fabric,Silk,TM006,OP004,39692,32658,30373,2285,6.45,2.74,1557.05,252.72,Uneven Weaving,82.28,7,57.52,89.5,Good,Moderate
TP101602,2025-05-21 00:00:00,Morning,Cotton Fabric,Silk,TM002,OP002,54861,50754,47745,3009,6.67,0.63,2721.48,158.57,No Defect,92.51,5.93,90.55,91.11,Excellent,On Target
TP101603,2025-05-22 00:00:00,Evening,Cotton Fabric,Denim,TM003,OP004,37311,31000,29045,1955,6.3,2,1512.76,135.3,Tear,83.09,6.31,68.25,90.54,Excellent,Moderate
TP101604,2025-05-23 00:00:00,Morning,Silk Fabric,Polyester,TM006,OP006,58071,54438,51253,3185,7.54,0.24,2401.22,201.88,Tear,93.74,5.85,96.82,91.22,Excellent,On Target
TP101605,2025-05-24 00:00:00,Night,Denim Fabric,Cotton,TM004,OP005,53570,44324,43806,518,6.81,1.81,2520.12,225.47,Color Variation,82.74,1.17,73.42,98.25,Excellent,Moderate
TP101606,2025-05-25 00:00:00,Night,Silk Fabric,Silk,TM004,OP004,48449,46127,45214,913,7.56,0.49,2374.25,100.3,Tear,95.21,1.98,93.52,97.03,Excellent,On Target
TP101607,2025-05-26 00:00:00,Night,Linen Fabric,Polyester,TM004,OP007,30768,27933,27788,145,8.31,2.21,1343.1,96.36,Uneven Weaving,90.79,0.52,73.41,99.22,Excellent,On Target
TP101608,2025-05-27 00:00:00,Evening,Polyester Fabric,Silk,TM004,OP007,35490,36275,35378,897,11.66,0.9,1708.01,289.54,Stain,100,2.47,92.28,96.29,Excellent,On Target
TP101609,2025-05-28 00:00:00,Evening,Cotton Fabric,Cotton,TM006,OP007,45534,40085,39602,483,9.66,1.39,2259.78,197.42,Tear,88.03,1.2,85.61,98.19,Excellent,Moderate
TP101610,2025-05-29 00:00:00,Evening,Linen Fabric,Silk,TM005,OP007,57633,53584,51669,1915,11.01,1.8,2384.12,147.53,No Defect,92.97,3.57,83.65,94.64,Excellent,On Target
TP101611,2025-05-30 00:00:00,Night,Linen Fabric,Polyester,TM005,OP004,58865,49766,47327,2439,10.26,0.51,2426.28,250.36,Uneven Weaving,84.54,4.9,95.03,92.65,Excellent,Moderate
TP101612,2025-05-31 00:00:00,Night,Cotton Fabric,Denim,TM002,OP004,36645,32242,30248,1994,6.68,2.22,1802.56,181.29,Tear,87.98,6.18,66.77,90.72,Excellent,Moderate
TP101613,2025-06-01 00:00:00,Night,Cotton Fabric,Cotton,TM006,OP005,51467,46701,44193,2508,10.42,0.91,2678.39,110.42,Thread Breakage,90.74,5.37,91.27,91.94,Excellent,On Target
TP101614,2025-06-02 00:00:00,Night,Denim Fabric,Polyester,TM004,OP006,35232,27942,26098,1844,7.65,1.99,1370.68,101.68,Tear,79.31,6.6,73.99,90.1,Excellent,Moderate
TP101615,2025-06-03 00:00:00,Morning,Silk Fabric,Linen,TM005,OP008,56737,45433,45047,386,9.83,0.47,2604.93,149.21,Thread Breakage,80.08,0.85,95.22,98.73,Excellent,Moderate
TP101616,2025-06-04 00:00:00,Morning,Linen Fabric,Linen,TM006,OP003,41485,39078,38852,226,8.05,2.06,2189.84,264.97,Uneven Weaving,94.2,0.58,74.41,99.13,Excellent,On Target
TP101617,2025-06-05 00:00:00,Evening,Denim Fabric,Linen,TM003,OP004,35797,31851,30323,1528,11.99,0.38,1660.97,65.36,Tear,88.98,4.8,96.83,92.8,Excellent,Moderate
TP101618,2025-06-06 00:00:00,Evening,Denim Fabric,Denim,TM005,OP003,55522,47665,46530,1135,7.58,1.28,2378.81,104.63,Thread Breakage,85.85,2.38,83.11,96.43,Excellent,Moderate
TP101619,2025-06-07 00:00:00,Night,Linen Fabric,Silk,TM005,OP001,51310,43532,42597,935,7.67,0.74,2071.49,273.29,Stain,84.84,2.15,90.35,96.78,Excellent,Moderate
TP101620,2025-06-08 00:00:00,Morning,Linen Fabric,Silk,TM002,OP006,52400,44598,43416,1182,11.58,2.25,2347.04,80.43,Color Variation,85.11,2.65,80.57,96.02,Excellent,Moderate
TP101621,2025-06-09 00:00:00,Morning,Polyester Fabric,Silk,TM005,OP008,49719,45139,44122,1017,6.15,0.79,2114.1,207.41,Uneven Weaving,90.79,2.25,87.15,96.62,Excellent,On Target
TP101622,2025-06-10 00:00:00,Evening,Silk Fabric,Denim,TM003,OP002,42342,39427,37919,1508,10.18,2.65,1769.92,103.38,Thread Breakage,93.12,3.82,73.97,94.26,Excellent,On Target
TP101623,2025-06-11 00:00:00,Morning,Linen Fabric,Linen,TM004,OP003,38038,28664,27701,963,10.35,2.68,1517.61,201.47,No Defect,75.36,3.36,74.11,94.96,Excellent,Moderate
TP101624,2025-06-12 00:00:00,Evening,Cotton Fabric,Silk,TM001,OP007,46002,45951,44191,1760,11.02,0.59,2192.79,145.78,Tear,99.89,3.83,94.65,94.25,Excellent,On Target
TP101625,2025-06-13 00:00:00,Night,Polyester Fabric,Denim,TM002,OP006,43087,42825,40738,2087,11.85,1.84,1983.94,75.42,Thread Breakage,99.39,4.87,84.47,92.69,Excellent,On Target
TP101626,2025-06-14 00:00:00,Night,Silk Fabric,Denim,TM003,OP001,34873,25696,24921,775,11.85,0.26,1313.2,195.62,Thread Breakage,73.68,3.02,97.81,95.48,Excellent,Below Target
TP101627,2025-06-15 00:00:00,Evening,Cotton Fabric,Polyester,TM002,OP006,31481,30726,30070,656,6.39,1.17,1543.38,220.76,Thread Breakage,97.6,2.13,81.69,96.8,Excellent,On Target
TP101628,2025-06-16 00:00:00,Night,Cotton Fabric,Silk,TM006,OP002,40093,39045,38428,617,10.93,2.14,2089.39,220.07,Color Variation,97.39,1.58,80.42,97.63,Excellent,On Target
TP101629,2025-06-17 00:00:00,Night,Silk Fabric,Linen,TM004,OP004,52689,47422,46108,1314,9.88,1.98,2332.35,209.26,No Defect,90,2.77,79.96,95.84,Excellent,On Target
TP101630,2025-06-18 00:00:00,Morning,Polyester Fabric,Cotton,TM005,OP004,49835,40326,38180,2146,9.88,1.87,1966.9,175.06,No Defect,80.92,5.32,81.07,92.02,Excellent,Moderate
TP101631,2025-06-19 00:00:00,Morning,Cotton Fabric,Denim,TM006,OP007,58640,56943,53857,3086,6.77,0.85,2655.98,179.87,Stain,97.11,5.42,87.44,91.87,Excellent,On Target
TP101632,2025-06-20 00:00:00,Morning,Denim Fabric,Polyester,TM005,OP004,44422,39230,37333,1897,9.9,1.13,1761.22,208.91,Color Variation,88.31,4.84,88.59,92.75,Excellent,Moderate
TP101633,2025-06-21 00:00:00,Morning,Silk Fabric,Cotton,TM003,OP005,46438,43578,42697,881,11.89,0.31,2491.57,222.56,Thread Breakage,93.84,2.02,97.39,96.97,Excellent,On Target
TP101634,2025-06-22 00:00:00,Morning,Silk Fabric,Denim,TM004,OP005,37643,39726,38009,1717,11.47,2.16,2282.92,213.72,Uneven Weaving,100,4.32,81.17,93.52,Excellent,On Target
TP101635,2025-06-23 00:00:00,Evening,Linen Fabric,Polyester,TM001,OP005,56399,51753,49574,2179,8.63,1.51,2909.36,196.74,Color Variation,91.76,4.21,82.5,93.68,Excellent,On Target
TP101636,2025-06-24 00:00:00,Evening,Polyester Fabric,Silk,TM001,OP007,59873,50043,48218,1825,6.24,2.13,2315.57,88.96,Color Variation,83.58,3.65,65.87,94.53,Excellent,Moderate
TP101637,2025-06-25 00:00:00,Morning,Denim Fabric,Polyester,TM005,OP005,49846,43690,41910,1780,8.17,0.75,2384.1,102.65,No Defect,87.65,4.07,90.82,93.89,Excellent,Moderate
TP101638,2025-06-26 00:00:00,Night,Denim Fabric,Denim,TM006,OP001,45708,38611,37184,1427,10.96,0.97,1942.41,115.06,Stain,84.47,3.7,91.15,94.46,Excellent,Moderate
TP101639,2025-06-27 00:00:00,Night,Linen Fabric,Silk,TM004,OP008,41271,38396,36793,1603,10.21,1,1976.28,279.92,Stain,93.03,4.17,90.21,93.74,Excellent,On Target
TP101640,2025-06-28 00:00:00,Evening,Cotton Fabric,Linen,TM004,OP007,47216,39830,37778,2052,8.76,0.08,1970.3,239.85,Color Variation,84.36,5.15,99.09,92.27,Excellent,Moderate
TP101641,2025-06-29 00:00:00,Evening,Cotton Fabric,Polyester,TM003,OP006,42600,36930,36482,448,6.33,1.02,2071.55,188.22,Color Variation,86.69,1.21,83.89,98.18,Excellent,Moderate
TP101642,2025-06-30 00:00:00,Evening,Denim Fabric,Cotton,TM006,OP001,40998,33212,31428,1784,8.56,2.41,1611.34,113.01,Tear,81.01,5.37,71.85,91.94,Excellent,Moderate
TP101643,2025-07-01 00:00:00,Night,Polyester Fabric,Silk,TM001,OP004,52338,46620,45975,645,8.81,2.69,2311.19,77.72,Thread Breakage,89.07,1.38,69.47,97.92,Excellent,Moderate
TP101644,2025-07-02 00:00:00,Evening,Cotton Fabric,Silk,TM003,OP002,44295,40414,40037,377,11.57,1.55,1759.57,274.69,No Defect,91.24,0.93,86.6,98.6,Excellent,On Target
TP101645,2025-07-03 00:00:00,Night,Silk Fabric,Linen,TM002,OP005,40682,28968,26985,1983,9.85,1.37,1430.11,273.17,Thread Breakage,71.21,6.85,86.09,89.73,Good,Below Target
TP101646,2025-07-04 00:00:00,Evening,Linen Fabric,Polyester,TM004,OP006,46380,42585,39723,2862,7.87,0.09,2448.33,77.67,Uneven Weaving,91.82,6.72,98.86,89.92,Good,On Target
TP101647,2025-07-05 00:00:00,Night,Polyester Fabric,Cotton,TM001,OP002,38519,34544,34236,308,9.15,2.64,1970.81,249.3,Uneven Weaving,89.68,0.89,71.15,98.66,Excellent,Moderate
TP101648,2025-07-06 00:00:00,Evening,Cotton Fabric,Linen,TM003,OP007,53605,45374,43840,1534,6.4,0.04,2019.45,161.66,Stain,84.65,3.38,99.38,94.93,Excellent,Moderate
TP101649,2025-07-07 00:00:00,Evening,Denim Fabric,Polyester,TM005,OP007,49694,51781,50895,886,11.84,2.83,2397.26,130.99,No Defect,100,1.71,76.1,97.43,Excellent,On Target
TP101650,2025-07-08 00:00:00,Night,Linen Fabric,Cotton,TM002,OP001,33300,32204,31027,1177,8.16,1.47,1812.07,234.78,Thread Breakage,96.71,3.65,81.99,94.52,Excellent,On Target
TP101651,2025-07-09 00:00:00,Evening,Cotton Fabric,Cotton,TM003,OP005,36722,30231,28449,1782,8.87,1.03,1413.08,203.58,Stain,82.32,5.89,88.39,91.16,Excellent,Moderate
TP101652,2025-07-10 00:00:00,Morning,Denim Fabric,Denim,TM005,OP007,37218,35680,33297,2383,8.13,2.77,1872.34,245.01,Uneven Weaving,95.87,6.68,65.93,89.98,Good,On Target
TP101653,2025-07-11 00:00:00,Night,Cotton Fabric,Cotton,TM001,OP001,54160,53462,50991,2471,10.1,0.07,2747.05,68.58,Color Variation,98.71,4.62,99.31,93.07,Excellent,On Target
TP101654,2025-07-12 00:00:00,Evening,Linen Fabric,Polyester,TM001,OP001,50059,45516,44241,1275,9.97,1.74,2584.33,129.65,No Defect,90.92,2.8,82.55,95.8,Excellent,On Target
TP101655,2025-07-13 00:00:00,Night,Silk Fabric,Linen,TM002,OP003,33054,30585,29233,1352,10.29,1.65,1401.35,129.83,No Defect,92.53,4.42,83.97,93.37,Excellent,On Target
TP101656,2025-07-14 00:00:00,Evening,Silk Fabric,Linen,TM005,OP006,43575,40250,39232,1018,7.61,0.66,2331.91,132.44,Thread Breakage,92.37,2.53,91.33,96.21,Excellent,On Target
TP101657,2025-07-15 00:00:00,Morning,Denim Fabric,Denim,TM004,OP001,37970,28629,26793,1836,7.89,1.29,1520.53,175.62,Tear,75.4,6.41,83.65,90.38,Excellent,Moderate
TP101658,2025-07-16 00:00:00,Evening,Silk Fabric,Polyester,TM001,OP004,32143,28508,26753,1755,6.75,1.96,1557.23,120.75,Thread Breakage,88.69,6.16,70.96,90.77,Excellent,Moderate
TP101659,2025-07-17 00:00:00,Evening,Linen Fabric,Cotton,TM006,OP007,51591,45569,43688,1881,9.93,2.18,2463.22,161.1,Color Variation,88.33,4.13,78.05,93.81,Excellent,Moderate
TP101660,2025-07-18 00:00:00,Morning,Denim Fabric,Denim,TM004,OP001,39503,39507,38475,1032,6.24,0,2026.58,141.94,Color Variation,100,2.61,100,96.08,Excellent,On Target
TP101661,2025-07-19 00:00:00,Night,Cotton Fabric,Silk,TM004,OP005,57767,53340,52056,1284,9.59,2.81,3077.86,233.82,Stain,92.34,2.41,70.7,96.39,Excellent,On Target
TP101662,2025-07-20 00:00:00,Evening,Polyester Fabric,Polyester,TM003,OP007,45149,39694,39409,285,11.22,0.49,2065.36,200.88,No Defect,87.92,0.72,95.63,98.92,Excellent,Moderate
TP101663,2025-07-21 00:00:00,Evening,Cotton Fabric,Denim,TM003,OP008,48922,43721,41184,2537,11.34,0.7,2012.76,213.41,Stain,89.37,5.8,93.83,91.3,Excellent,Moderate
TP101664,2025-07-22 00:00:00,Morning,Linen Fabric,Linen,TM001,OP008,42175,40979,39574,1405,8.69,0.79,2184.18,102.65,Color Variation,97.16,3.43,90.91,94.86,Excellent,On Target
TP101665,2025-07-23 00:00:00,Night,Denim Fabric,Denim,TM004,OP007,50931,45180,43999,1181,8.76,0.11,2410.57,131.38,Tear,88.71,2.61,98.74,96.08,Excellent,Moderate
TP101666,2025-07-24 00:00:00,Night,Cotton Fabric,Silk,TM003,OP004,52003,44261,42684,1577,6.46,0.37,2293.11,55.29,No Defect,85.11,3.56,94.27,94.66,Excellent,Moderate
TP101667,2025-07-25 00:00:00,Morning,Denim Fabric,Polyester,TM005,OP001,38356,33780,31813,1967,10.02,2.96,1750.37,77.09,Color Variation,88.07,5.82,70.46,91.27,Excellent,Moderate
TP101668,2025-07-26 00:00:00,Morning,Silk Fabric,Denim,TM005,OP004,58853,56843,56098,745,10.93,0.95,2547.53,116.26,Tear,96.58,1.31,91.31,98.03,Excellent,On Target
TP101669,2025-07-27 00:00:00,Evening,Polyester Fabric,Cotton,TM005,OP001,52996,49537,46528,3009,7.47,0.35,2653.6,66.37,Thread Breakage,93.47,6.07,95.31,90.89,Excellent,On Target
TP101670,2025-07-28 00:00:00,Morning,Linen Fabric,Polyester,TM005,OP006,51389,46409,43470,2939,8.53,0.32,2176.17,200.66,Uneven Weaving,90.31,6.33,96.25,90.5,Excellent,On Target
TP101671,2025-07-29 00:00:00,Morning,Cotton Fabric,Denim,TM004,OP004,45070,41167,38428,2739,11.03,2.16,1939.36,299.53,Color Variation,91.34,6.65,80.42,90.02,Excellent,On Target
TP101672,2025-07-30 00:00:00,Morning,Polyester Fabric,Denim,TM005,OP002,30822,26532,25714,818,11.26,2.56,1268.83,75.2,Uneven Weaving,86.08,3.08,77.26,95.38,Excellent,Moderate
TP101673,2025-07-31 00:00:00,Night,Linen Fabric,Polyester,TM004,OP003,47327,41952,41150,802,7.46,0.77,2415.18,255.31,Stain,88.64,1.91,89.68,97.13,Excellent,Moderate
TP101674,2025-08-01 00:00:00,Morning,Linen Fabric,Linen,TM001,OP004,44289,37804,36697,1107,9.3,0.06,2169.54,79.7,Uneven Weaving,85.36,2.93,99.35,95.61,Excellent,Moderate
TP101675,2025-08-02 00:00:00,Evening,Silk Fabric,Cotton,TM001,OP005,36150,31789,30942,847,7.15,0.67,1618.7,217.48,Color Variation,87.94,2.66,90.63,96,Excellent,Moderate
TP101676,2025-08-03 00:00:00,Evening,Denim Fabric,Polyester,TM005,OP008,34425,34226,33663,563,6.61,0.17,1635.45,210.79,Uneven Weaving,99.42,1.64,97.43,97.53,Excellent,On Target
TP101677,2025-08-04 00:00:00,Evening,Denim Fabric,Cotton,TM005,OP003,55350,45639,43609,2030,11.47,0.31,2274.04,275.68,No Defect,82.46,4.45,97.3,93.33,Excellent,Moderate
TP101678,2025-08-05 00:00:00,Morning,Polyester Fabric,Cotton,TM005,OP003,46032,39210,37799,1411,10.92,1.29,2119.4,78.49,Color Variation,85.18,3.6,88.19,94.6,Excellent,Moderate
TP101679,2025-08-06 00:00:00,Night,Silk Fabric,Polyester,TM001,OP001,32198,26151,24549,1602,10.56,0.69,1512.49,128.86,Tear,81.22,6.13,93.47,90.81,Excellent,Moderate
TP101680,2025-08-07 00:00:00,Morning,Linen Fabric,Denim,TM003,OP004,57732,46015,45689,326,6.29,1.55,2176.7,72.69,Uneven Weaving,79.7,0.71,75.36,98.94,Excellent,Moderate
TP101681,2025-08-08 00:00:00,Morning,Silk Fabric,Linen,TM001,OP006,50626,44902,42798,2104,11.06,0.76,2124.65,151.85,No Defect,88.69,4.69,93.13,92.97,Excellent,Moderate
TP101682,2025-08-09 00:00:00,Evening,Silk Fabric,Cotton,TM005,OP007,50079,42906,40564,2342,8.63,2.82,2325.79,277.9,Stain,85.68,5.46,67.32,91.81,Excellent,Moderate
TP101683,2025-08-10 00:00:00,Morning,Polyester Fabric,Cotton,TM003,OP003,33452,34232,32371,1861,8.05,2.72,1992.89,245.38,Stain,100,5.44,66.21,91.85,Excellent,On Target
TP101684,2025-08-11 00:00:00,Night,Denim Fabric,Denim,TM003,OP005,39106,34421,32266,2155,9.28,1.7,1799.6,230.73,Uneven Weaving,88.02,6.26,81.68,90.61,Excellent,Moderate
TP101685,2025-08-12 00:00:00,Evening,Silk Fabric,Polyester,TM002,OP008,43859,43432,41157,2275,6.55,1.06,2139.56,183.26,Stain,99.03,5.24,83.82,92.14,Excellent,On Target
TP101686,2025-08-13 00:00:00,Night,Silk Fabric,Linen,TM004,OP006,47692,46154,43140,3014,10.54,1.14,2232.23,270.87,Tear,96.78,6.53,89.18,90.2,Excellent,On Target
TP101687,2025-08-14 00:00:00,Night,Silk Fabric,Cotton,TM005,OP008,50561,44765,43573,1192,9.49,1.24,2075.51,162.36,Color Variation,88.54,2.66,86.93,96.01,Excellent,Moderate
TP101688,2025-08-15 00:00:00,Night,Cotton Fabric,Cotton,TM004,OP008,38705,40552,39023,1529,7.12,2.18,1951.93,87.42,No Defect,100,3.77,69.38,94.34,Excellent,On Target
TP101689,2025-08-16 00:00:00,Morning,Silk Fabric,Polyester,TM002,OP006,40112,36855,36637,218,7.13,1.35,2110.73,259.4,Thread Breakage,91.88,0.59,81.07,99.11,Excellent,On Target
TP101690,2025-08-17 00:00:00,Morning,Silk Fabric,Denim,TM004,OP005,53236,53551,53259,292,7.11,2.57,2577.27,119.91,Uneven Weaving,100,0.55,63.85,99.18,Excellent,On Target
TP101691,2025-08-18 00:00:00,Morning,Linen Fabric,Silk,TM005,OP007,52419,52302,51224,1078,6.34,2.83,2279.42,63.41,Stain,99.78,2.06,55.36,96.91,Excellent,On Target
TP101692,2025-08-19 00:00:00,Morning,Cotton Fabric,Denim,TM002,OP005,49978,46431,45895,536,9.53,1.01,2115.28,81.51,Color Variation,92.9,1.15,89.4,98.27,Excellent,On Target
TP101693,2025-08-20 00:00:00,Evening,Silk Fabric,Cotton,TM004,OP001,34841,33189,32462,727,11.04,1.68,1497.81,202.26,Thread Breakage,95.26,2.19,84.78,96.71,Excellent,On Target
TP101694,2025-08-21 00:00:00,Morning,Silk Fabric,Cotton,TM001,OP008,45358,42804,42097,707,6.1,0.29,2254.85,201.77,Tear,94.37,1.65,95.25,97.52,Excellent,On Target
TP101695,2025-08-22 00:00:00,Evening,Polyester Fabric,Linen,TM003,OP002,31409,25752,25576,176,6.29,0.6,1312.49,115.05,Stain,81.99,0.68,90.46,98.97,Excellent,Moderate
TP101696,2025-08-23 00:00:00,Night,Polyester Fabric,Denim,TM002,OP007,59378,53678,50237,3441,9.44,1.24,2491.53,231.8,Stain,90.4,6.41,86.86,90.38,Excellent,On Target
TP101697,2025-08-24 00:00:00,Evening,Cotton Fabric,Silk,TM001,OP004,34566,33709,33522,187,10.92,0.62,1652.16,243.41,No Defect,97.52,0.55,94.32,99.17,Excellent,On Target
TP101698,2025-08-25 00:00:00,Morning,Linen Fabric,Linen,TM005,OP003,41382,41665,39463,2202,7.96,2.63,2277.6,280.13,Tear,100,5.29,66.96,92.07,Excellent,On Target
TP101699,2025-08-26 00:00:00,Evening,Cotton Fabric,Silk,TM003,OP004,50875,43221,42577,644,8.1,0.47,1982.92,196.23,Tear,84.96,1.49,94.2,97.76,Excellent,Moderate
TP101700,2025-08-27 00:00:00,Morning,Cotton Fabric,Linen,TM002,OP006,47939,44920,42032,2888,9.58,1.37,2344.14,244.86,Uneven Weaving,93.7,6.43,85.7,90.36,Excellent,On Target
TP101701,2025-08-28 00:00:00,Morning,Polyester Fabric,Denim,TM003,OP003,44596,40607,38047,2560,7.65,1.82,2276.07,238.27,Thread Breakage,91.06,6.3,76.21,90.54,Excellent,On Target
TP101702,2025-08-29 00:00:00,Evening,Polyester Fabric,Cotton,TM006,OP007,30804,27469,26164,1305,6.16,2.08,1595.19,114.45,No Defect,89.17,4.75,66.23,92.87,Excellent,Moderate
TP101703,2025-08-30 00:00:00,Evening,Linen Fabric,Silk,TM006,OP001,43221,39976,38029,1947,10.41,1.15,1930.66,127.56,Uneven Weaving,92.49,4.87,88.95,92.69,Excellent,On Target
TP101704,2025-08-31 00:00:00,Night,Silk Fabric,Denim,TM002,OP008,31279,28628,28475,153,9.75,2.61,1447.3,169.62,No Defect,91.52,0.53,73.23,99.2,Excellent,On Target
TP101705,2025-09-01 00:00:00,Night,Linen Fabric,Silk,TM002,OP008,43192,40510,37714,2796,9.48,1.7,2286.8,54.76,Tear,93.79,6.9,82.07,89.65,Good,On Target
TP101706,2025-09-02 00:00:00,Night,Silk Fabric,Denim,TM004,OP004,59748,59803,56092,3711,10.45,1.32,2817.54,124.35,No Defect,100,6.21,87.37,90.69,Excellent,On Target
TP101707,2025-09-03 00:00:00,Night,Denim Fabric,Linen,TM003,OP001,37083,35410,33173,2237,10.05,0.2,1707.98,168.47,No Defect,95.49,6.32,98.01,90.52,Excellent,On Target
TP101708,2025-09-04 00:00:00,Night,Polyester Fabric,Denim,TM006,OP001,52370,48272,45962,2310,7.24,1.39,2325.59,77.02,No Defect,92.17,4.79,80.8,92.82,Excellent,On Target
TP101709,2025-09-05 00:00:00,Evening,Denim Fabric,Linen,TM006,OP007,52003,53590,52121,1469,8.11,2.46,2845.87,81.57,Color Variation,100,2.74,69.67,95.89,Excellent,On Target
TP101710,2025-09-06 00:00:00,Night,Denim Fabric,Cotton,TM003,OP004,58153,56856,53269,3587,6.76,1.84,2686.71,165.81,Color Variation,97.77,6.31,72.78,90.54,Excellent,On Target
TP101711,2025-09-07 00:00:00,Evening,Polyester Fabric,Linen,TM006,OP004,41093,36718,35839,879,6.78,2.5,2096.59,232.74,Thread Breakage,89.35,2.39,63.13,96.41,Excellent,Moderate
TP101712,2025-09-08 00:00:00,Night,Denim Fabric,Polyester,TM001,OP007,47771,38924,37306,1618,10.06,1.48,2038.91,258.44,Thread Breakage,81.48,4.16,85.29,93.76,Excellent,Moderate
TP101713,2025-09-09 00:00:00,Morning,Cotton Fabric,Cotton,TM006,OP007,59975,49830,49258,572,11.15,0.36,2610.52,186.58,Tear,83.08,1.15,96.77,98.28,Excellent,Moderate
TP101714,2025-09-10 00:00:00,Night,Silk Fabric,Denim,TM006,OP003,42880,41393,38705,2688,11.78,0.04,1913.38,168.69,No Defect,96.53,6.49,99.66,90.26,Excellent,On Target
TP101715,2025-09-11 00:00:00,Morning,Linen Fabric,Denim,TM005,OP006,57337,49073,48379,694,9.77,0.91,2560.97,146.07,Tear,85.59,1.41,90.69,97.88,Excellent,Moderate
TP101716,2025-09-12 00:00:00,Evening,Polyester Fabric,Polyester,TM001,OP006,45517,37753,37012,741,7.1,2.09,2147.91,98.24,Color Variation,82.94,1.96,70.56,97.06,Excellent,Moderate
TP101717,2025-09-13 00:00:00,Night,Cotton Fabric,Denim,TM004,OP007,49063,41553,39838,1715,6.63,2.37,2170.05,86.64,No Defect,84.69,4.13,64.25,93.81,Excellent,Moderate
TP101718,2025-09-14 00:00:00,Evening,Linen Fabric,Cotton,TM002,OP005,32106,27351,25856,1495,10.88,0.89,1440.48,247.97,Uneven Weaving,85.19,5.47,91.82,91.8,Excellent,Moderate
TP101719,2025-09-15 00:00:00,Night,Linen Fabric,Cotton,TM006,OP001,54557,52350,49981,2369,9.47,1.49,2276.76,166.25,Color Variation,95.95,4.53,84.27,93.21,Excellent,On Target
TP101720,2025-09-16 00:00:00,Evening,Linen Fabric,Linen,TM004,OP008,46086,40972,40149,823,9.71,1.26,1825.07,247.58,Color Variation,88.9,2.01,87.02,96.99,Excellent,Moderate
TP101721,2025-09-17 00:00:00,Night,Denim Fabric,Silk,TM004,OP006,50607,40685,40479,206,10.69,1.23,2190.14,226.02,Color Variation,80.39,0.51,88.49,99.24,Excellent,Moderate
TP101722,2025-09-18 00:00:00,Night,Denim Fabric,Denim,TM001,OP002,34831,31424,29720,1704,10.22,0.69,1778.97,98.47,No Defect,90.22,5.42,93.25,91.87,Excellent,On Target
TP101723,2025-09-19 00:00:00,Morning,Denim Fabric,Polyester,TM002,OP007,49152,45002,41895,3107,11.01,0.41,2547.2,177.58,Thread Breakage,91.56,6.9,96.28,89.64,Good,On Target
TP101724,2025-09-20 00:00:00,Evening,Denim Fabric,Cotton,TM005,OP007,58529,50712,47789,2923,6.34,0.59,2388.23,161,Stain,86.64,5.76,90.69,91.35,Excellent,Moderate
TP101725,2025-09-21 00:00:00,Evening,Cotton Fabric,Cotton,TM004,OP003,33186,32553,31416,1137,10.49,0.17,1981.58,155.97,Uneven Weaving,98.09,3.49,98.38,94.76,Excellent,On Target
TP101726,2025-09-22 00:00:00,Evening,Denim Fabric,Cotton,TM005,OP007,57856,50366,47155,3211,11.11,0.59,2844.25,185.64,Uneven Weaving,87.05,6.38,94.69,90.44,Excellent,Moderate
TP101727,2025-09-23 00:00:00,Evening,Polyester Fabric,Silk,TM002,OP003,32573,31843,30835,1008,7.72,0.03,1661.24,295.52,Tear,97.76,3.17,99.61,95.25,Excellent,On Target
TP101728,2025-09-24 00:00:00,Evening,Linen Fabric,Silk,TM002,OP005,42808,40315,38738,1577,9.84,1.88,2194.02,253.23,No Defect,94.18,3.91,80.89,94.13,Excellent,On Target
TP101729,2025-09-25 00:00:00,Morning,Cotton Fabric,Denim,TM001,OP005,32599,31454,30321,1133,7.88,0.95,1812.63,275.93,Thread Breakage,96.49,3.6,87.94,94.6,Excellent,On Target
TP101730,2025-09-26 00:00:00,Night,Denim Fabric,Polyester,TM003,OP007,34033,28013,27058,955,11.75,2.92,1492.4,57.41,Color Variation,82.31,3.41,75.15,94.89,Excellent,Moderate
TP101731,2025-09-27 00:00:00,Morning,Linen Fabric,Silk,TM006,OP001,38428,34850,32920,1930,6.2,0.58,1930.32,85.08,Stain,90.69,5.54,90.65,91.69,Excellent,On Target
TP101732,2025-09-28 00:00:00,Evening,Cotton Fabric,Linen,TM001,OP003,31304,28058,26957,1101,9.48,1.04,1405.54,71.19,No Defect,89.63,3.92,89.03,94.11,Excellent,Moderate
TP101733,2025-09-29 00:00:00,Evening,Linen Fabric,Silk,TM005,OP003,58006,46431,45243,1188,7,1.07,2002.03,115.81,No Defect,80.05,2.56,84.71,96.16,Excellent,Moderate
TP101734,2025-09-30 00:00:00,Night,Cotton Fabric,Cotton,TM001,OP002,53752,52535,51391,1144,10.27,0.03,2975.72,160.47,Thread Breakage,97.74,2.18,99.71,96.73,Excellent,On Target
TP101735,2025-10-01 00:00:00,Morning,Silk Fabric,Polyester,TM002,OP001,52261,44045,43717,328,7.06,2.52,2227.02,210.51,Stain,84.28,0.74,64.31,98.88,Excellent,Moderate
TP101736,2025-10-02 00:00:00,Night,Cotton Fabric,Denim,TM004,OP001,47685,40882,39128,1754,7.41,0.1,1909.87,175.21,Color Variation,85.73,4.29,98.65,93.56,Excellent,Moderate
TP101737,2025-10-03 00:00:00,Night,Denim Fabric,Silk,TM006,OP006,48925,40562,39753,809,8.97,2.82,1888.51,275.8,No Defect,82.91,1.99,68.56,97.01,Excellent,Moderate
TP101738,2025-10-04 00:00:00,Morning,Linen Fabric,Cotton,TM006,OP005,48435,45969,45297,672,11.49,2.68,2349.89,284.96,Uneven Weaving,94.91,1.46,76.68,97.81,Excellent,On Target
TP101739,2025-10-05 00:00:00,Night,Linen Fabric,Linen,TM003,OP006,53193,42192,40188,2004,7.27,1.61,2041.79,90.88,Uneven Weaving,79.32,4.75,77.85,92.88,Excellent,Moderate
TP101740,2025-10-06 00:00:00,Morning,Linen Fabric,Linen,TM002,OP008,38633,36441,34645,1796,6.87,1.63,2123.22,263.23,Stain,94.33,4.93,76.27,92.61,Excellent,On Target
TP101741,2025-10-07 00:00:00,Morning,Polyester Fabric,Denim,TM006,OP001,56652,55129,52158,2971,10.55,1.96,2556.8,170.43,Color Variation,97.31,5.39,81.42,91.92,Excellent,On Target
TP101742,2025-10-08 00:00:00,Evening,Polyester Fabric,Denim,TM006,OP007,41372,38790,37326,1464,9,1.16,1777.51,163.33,Stain,93.76,3.77,87.11,94.34,Excellent,On Target
TP101743,2025-10-09 00:00:00,Night,Denim Fabric,Silk,TM004,OP002,57233,54365,50934,3431,11.47,1.94,2715.94,246.23,No Defect,94.99,6.31,83.09,90.53,Excellent,On Target
TP101744,2025-10-10 00:00:00,Evening,Silk Fabric,Denim,TM005,OP007,58374,55640,51975,3665,6.88,0.13,2733.08,73.29,Uneven Weaving,95.32,6.59,98.11,90.12,Excellent,On Target
TP101745,2025-10-11 00:00:00,Night,Polyester Fabric,Cotton,TM005,OP007,38996,32505,30637,1868,9.88,0.16,1755.15,270.62,Tear,83.35,5.75,98.38,91.38,Excellent,Moderate
TP101746,2025-10-12 00:00:00,Night,Cotton Fabric,Cotton,TM005,OP001,46458,46478,44325,2153,7.4,1.37,2208.29,217.72,Stain,100,4.63,81.49,93.05,Excellent,On Target
TP101747,2025-10-13 00:00:00,Evening,Denim Fabric,Cotton,TM001,OP006,53365,46310,45164,1146,6.94,1.65,2225.78,268.82,Tear,86.78,2.47,76.22,96.29,Excellent,Moderate
TP101748,2025-10-14 00:00:00,Evening,Silk Fabric,Silk,TM005,OP004,56751,50812,47311,3501,10.1,2.66,2377.44,298.62,Tear,89.53,6.89,73.66,89.66,Good,Moderate
TP101749,2025-10-15 00:00:00,Evening,Cotton Fabric,Silk,TM005,OP007,58500,51288,50118,1170,9.56,0.31,2969.15,179.5,Thread Breakage,87.67,2.28,96.76,96.58,Excellent,Moderate
TP101750,2025-10-16 00:00:00,Morning,Linen Fabric,Denim,TM001,OP007,56665,52948,51986,962,10.53,2.47,2586.11,73.32,Uneven Weaving,93.44,1.82,76.54,97.27,Excellent,On Target
TP101751,2025-10-17 00:00:00,Night,Polyester Fabric,Silk,TM004,OP004,35475,30591,29559,1032,7.86,0.63,1583.22,91.63,Stain,86.23,3.37,91.98,94.94,Excellent,Moderate
TP101752,2025-10-18 00:00:00,Morning,Cotton Fabric,Cotton,TM002,OP002,54616,49410,48980,430,8.69,1.18,2650.18,130.9,Tear,90.47,0.87,86.42,98.69,Excellent,On Target
TP101753,2025-10-19 00:00:00,Night,Silk Fabric,Polyester,TM006,OP005,56657,46092,42930,3162,8.43,0.95,2503.31,75.89,No Defect,81.35,6.86,88.73,89.71,Good,Moderate
TP101754,2025-10-20 00:00:00,Night,Denim Fabric,Cotton,TM003,OP003,37184,36497,34919,1578,11.9,1.2,1989.74,253.84,Thread Breakage,98.15,4.32,89.92,93.51,Excellent,On Target
TP101755,2025-10-21 00:00:00,Morning,Cotton Fabric,Polyester,TM006,OP001,52180,49412,47376,2036,7.75,0.45,2382.81,124.22,Color Variation,94.7,4.12,94.19,93.82,Excellent,On Target
TP101756,2025-10-22 00:00:00,Morning,Denim Fabric,Denim,TM005,OP006,53525,47077,44835,2242,7.77,1.51,2293.9,293.97,Thread Breakage,87.95,4.76,80.57,92.86,Excellent,Moderate
TP101757,2025-10-23 00:00:00,Night,Linen Fabric,Linen,TM005,OP008,42875,37179,35792,1387,8.13,2.4,1709.81,225.65,Color Variation,86.71,3.73,70.48,94.4,Excellent,Moderate
TP101758,2025-10-24 00:00:00,Evening,Silk Fabric,Silk,TM006,OP005,31622,29887,29675,212,9.39,1.32,1674.14,93.36,Uneven Weaving,94.51,0.71,85.94,98.94,Excellent,On Target
TP101759,2025-10-25 00:00:00,Evening,Silk Fabric,Silk,TM006,OP006,45988,39112,37360,1752,7.51,1.47,1756.63,169.01,Stain,85.05,4.48,80.43,93.28,Excellent,Moderate
TP101760,2025-10-26 00:00:00,Evening,Polyester Fabric,Cotton,TM005,OP005,38041,34571,32789,1782,11.49,2.55,1599.4,166.72,Stain,90.88,5.15,77.81,92.27,Excellent,On Target
TP101761,2025-10-27 00:00:00,Evening,Silk Fabric,Cotton,TM001,OP001,46725,45851,44380,1471,7.59,2.12,2358.76,173.13,Color Variation,98.13,3.21,72.07,95.19,Excellent,On Target
TP101762,2025-10-28 00:00:00,Night,Cotton Fabric,Polyester,TM001,OP003,58628,49436,46755,2681,11.37,1.47,2813.98,183.92,No Defect,84.32,5.42,87.07,91.87,Excellent,Moderate
TP101763,2025-10-29 00:00:00,Evening,Cotton Fabric,Silk,TM001,OP001,48458,44863,43977,886,6.62,0.77,2349.74,57.79,Color Variation,92.58,1.97,88.37,97.04,Excellent,On Target
TP101764,2025-10-30 00:00:00,Evening,Cotton Fabric,Denim,TM003,OP003,37992,35032,34353,679,9.94,2.65,1601.78,221.58,Color Variation,92.21,1.94,73.34,97.09,Excellent,On Target
TP101765,2025-10-31 00:00:00,Evening,Linen Fabric,Cotton,TM002,OP006,45646,40770,40138,632,11.44,1.73,2179.93,171.8,Stain,89.32,1.55,84.88,97.67,Excellent,Moderate
TP101766,2025-11-01 00:00:00,Night,Silk Fabric,Silk,TM005,OP002,47029,40668,39481,1187,7.01,0.66,2206.21,247.74,Tear,86.47,2.92,90.58,95.62,Excellent,Moderate
TP101767,2025-11-02 00:00:00,Morning,Silk Fabric,Linen,TM004,OP003,59402,58513,54999,3514,11.81,0.81,3144.74,253.84,No Defect,98.5,6.01,93.14,90.99,Excellent,On Target
TP101768,2025-11-03 00:00:00,Evening,Cotton Fabric,Polyester,TM006,OP008,34263,29403,27674,1729,8.72,2.41,1373.53,107.63,Stain,85.82,5.88,72.36,91.18,Excellent,Moderate
TP101769,2025-11-04 00:00:00,Night,Polyester Fabric,Cotton,TM006,OP005,55185,42667,41392,1275,11.67,0.13,2278.18,62.11,Thread Breakage,77.32,2.99,98.89,95.52,Excellent,Moderate
TP101770,2025-11-05 00:00:00,Night,Polyester Fabric,Cotton,TM005,OP002,44060,41630,39828,1802,10.06,2.98,2179.82,225.81,Color Variation,94.48,4.33,70.38,93.51,Excellent,On Target
TP101771,2025-11-06 00:00:00,Evening,Silk Fabric,Denim,TM005,OP006,52520,42852,40630,2222,7.81,0.39,2237.49,294.44,Tear,81.59,5.19,95.01,92.22,Excellent,Moderate
TP101772,2025-11-07 00:00:00,Morning,Silk Fabric,Cotton,TM005,OP004,45156,42827,41941,886,7.13,2.39,2212.17,161.66,No Defect,94.84,2.07,66.48,96.9,Excellent,On Target
TP101773,2025-11-08 00:00:00,Morning,Denim Fabric,Silk,TM006,OP002,38646,38393,37781,612,7.82,1.18,2024.41,114.9,Uneven Weaving,99.35,1.59,84.91,97.61,Excellent,On Target
TP101774,2025-11-09 00:00:00,Morning,Silk Fabric,Silk,TM005,OP003,57529,54312,50609,3703,6.56,1.48,2740.13,89.17,No Defect,94.41,6.82,77.44,89.77,Good,On Target
TP101775,2025-11-10 00:00:00,Night,Cotton Fabric,Silk,TM006,OP008,56284,54877,52400,2477,6.86,2.64,2567.72,121.86,No Defect,97.5,4.51,61.52,93.23,Excellent,On Target
TP101776,2025-11-11 00:00:00,Evening,Linen Fabric,Linen,TM002,OP002,41664,43389,40404,2985,6.63,1.24,1999.44,131.98,Color Variation,100,6.88,81.3,89.68,Good,On Target
TP101777,2025-11-12 00:00:00,Evening,Silk Fabric,Linen,TM004,OP008,32969,31903,31043,860,8.54,1.61,1577.89,155.97,Color Variation,96.77,2.7,81.15,95.96,Excellent,On Target
TP101778,2025-11-13 00:00:00,Night,Silk Fabric,Cotton,TM001,OP008,33028,30489,28943,1546,10.77,0.15,1716.63,213.85,Uneven Weaving,92.31,5.07,98.61,92.39,Excellent,On Target
TP101779,2025-11-14 00:00:00,Evening,Cotton Fabric,Linen,TM004,OP006,54027,54804,53737,1067,6.85,0.01,2546.75,118.29,Uneven Weaving,100,1.95,99.85,97.08,Excellent,On Target
TP101780,2025-11-15 00:00:00,Evening,Denim Fabric,Linen,TM005,OP002,59373,60000,58681,1319,6.78,0.73,3324.29,62.74,Uneven Weaving,100,2.2,89.23,96.7,Excellent,On Target
TP101781,2025-11-16 00:00:00,Morning,Silk Fabric,Denim,TM004,OP006,49065,50233,48310,1923,9.86,2.04,2835.53,143.32,Stain,100,3.83,79.31,94.26,Excellent,On Target
TP101782,2025-11-17 00:00:00,Evening,Polyester Fabric,Linen,TM005,OP004,33629,29108,28358,750,7.18,0.36,1340.83,263.91,Stain,86.56,2.58,94.99,96.14,Excellent,Moderate
TP101783,2025-11-18 00:00:00,Evening,Polyester Fabric,Polyester,TM004,OP003,50609,40751,40103,648,6.59,0.34,1930.16,174.59,Color Variation,80.52,1.59,94.84,97.61,Excellent,Moderate
TP101784,2025-11-19 00:00:00,Night,Polyester Fabric,Polyester,TM003,OP007,33067,28480,27851,629,7,1.23,1507.1,291.2,Color Variation,86.13,2.21,82.43,96.69,Excellent,Moderate
TP101785,2025-11-20 00:00:00,Night,Linen Fabric,Polyester,TM004,OP005,35941,34117,33867,250,11.54,1.94,1612.61,175.91,Uneven Weaving,94.93,0.73,83.19,98.9,Excellent,On Target
TP101786,2025-11-21 00:00:00,Morning,Linen Fabric,Cotton,TM001,OP002,47770,43525,41314,2211,10.93,2.14,1969.27,118.97,Stain,91.11,5.08,80.42,92.38,Excellent,On Target
TP101787,2025-11-22 00:00:00,Night,Silk Fabric,Silk,TM001,OP007,58352,51673,49762,1911,8.12,0.54,2443.95,98.33,Tear,88.55,3.7,93.35,94.45,Excellent,Moderate
TP101788,2025-11-23 00:00:00,Morning,Silk Fabric,Denim,TM004,OP001,49250,46257,45742,515,9.93,0.24,2210.53,223.63,Stain,93.92,1.11,97.58,98.33,Excellent,On Target
TP101789,2025-11-24 00:00:00,Morning,Silk Fabric,Cotton,TM006,OP005,51172,40786,40127,659,9.22,2.82,1987.23,184.1,Color Variation,79.7,1.62,69.41,97.58,Excellent,Moderate
TP101790,2025-11-25 00:00:00,Evening,Linen Fabric,Silk,TM006,OP002,41555,37810,37369,441,10.06,0.78,2089.8,201,Stain,90.99,1.17,92.25,98.25,Excellent,On Target
TP101791,2025-11-26 00:00:00,Morning,Silk Fabric,Denim,TM006,OP005,51874,50748,48474,2274,10.1,2.56,2793.55,238.78,Color Variation,97.83,4.48,74.65,93.28,Excellent,On Target
TP101792,2025-11-27 00:00:00,Evening,Cotton Fabric,Denim,TM004,OP007,43081,40429,39979,450,9.77,2.59,1889.97,231.48,Uneven Weaving,93.84,1.11,73.49,98.33,Excellent,On Target
TP101793,2025-11-28 00:00:00,Morning,Denim Fabric,Denim,TM006,OP001,50508,47903,45315,2588,7.6,2.32,2442.63,60.84,Uneven Weaving,94.84,5.4,69.47,91.9,Excellent,On Target
TP101794,2025-11-29 00:00:00,Night,Polyester Fabric,Polyester,TM002,OP005,54724,55371,55020,351,6.23,0.51,3041.62,250.64,Uneven Weaving,100,0.63,91.81,99.05,Excellent,On Target
TP101795,2025-11-30 00:00:00,Night,Polyester Fabric,Polyester,TM004,OP007,50234,44978,44024,954,8.73,2.47,2376.28,183.18,Tear,89.54,2.12,71.71,96.82,Excellent,Moderate
TP101796,2025-12-01 00:00:00,Night,Cotton Fabric,Polyester,TM001,OP005,51799,44251,41468,2783,11.35,2.31,2273.37,147.93,Tear,85.43,6.29,79.65,90.57,Excellent,Moderate
TP101797,2025-12-02 00:00:00,Morning,Silk Fabric,Denim,TM006,OP001,56634,55686,52807,2879,9.42,1.79,2413.1,184.38,Color Variation,98.33,5.17,81,92.24,Excellent,On Target
TP101798,2025-12-03 00:00:00,Morning,Linen Fabric,Denim,TM003,OP008,54063,53089,52572,517,10.99,1.01,2508.81,203.11,No Defect,98.2,0.97,90.81,98.54,Excellent,On Target
TP101799,2025-12-04 00:00:00,Evening,Silk Fabric,Polyester,TM006,OP001,36819,34576,32558,2018,11.95,0.79,1758.26,87.38,Thread Breakage,93.91,5.84,93.39,91.25,Excellent,On Target
TP101800,2025-12-05 00:00:00,Evening,Silk Fabric,Denim,TM001,OP001,55712,49515,47681,1834,6.98,0.37,2160.49,154.35,Tear,88.88,3.7,94.7,94.44,Excellent,Moderate
TP101801,2025-12-06 00:00:00,Evening,Polyester Fabric,Polyester,TM002,OP008,54762,49291,46332,2959,10.15,1.53,2231.12,133.9,Color Variation,90.01,6,84.93,91,Excellent,On Target
TP101802,2025-12-07 00:00:00,Evening,Polyester Fabric,Polyester,TM004,OP008,41046,33273,31807,1466,10.05,1.76,1746.06,137.6,Stain,81.06,4.41,82.49,93.39,Excellent,Moderate
TP101803,2025-12-08 00:00:00,Morning,Linen Fabric,Polyester,TM006,OP004,55826,54593,51901,2692,11.88,1.08,2441.15,72.83,Uneven Weaving,97.79,4.93,90.91,92.6,Excellent,On Target
TP101804,2025-12-09 00:00:00,Morning,Polyester Fabric,Silk,TM003,OP006,47717,46545,43307,3238,11.91,1.43,2440.19,89.96,Uneven Weaving,97.54,6.96,87.99,89.56,Good,On Target
TP101805,2025-12-10 00:00:00,Evening,Silk Fabric,Denim,TM001,OP006,58769,47496,46541,955,10.12,1.09,2621,90.46,Uneven Weaving,80.82,2.01,89.23,96.98,Excellent,Moderate
TP101806,2025-12-11 00:00:00,Morning,Cotton Fabric,Cotton,TM003,OP007,50534,48550,46338,2212,7.46,1.92,2565.1,143.31,Color Variation,96.07,4.56,74.26,93.17,Excellent,On Target
TP101807,2025-12-12 00:00:00,Morning,Linen Fabric,Polyester,TM005,OP001,53150,49338,47615,1723,10.79,2.7,2307.76,273.62,Uneven Weaving,92.83,3.49,74.98,94.76,Excellent,On Target
TP101808,2025-12-13 00:00:00,Morning,Cotton Fabric,Cotton,TM001,OP007,32711,27100,26895,205,6.64,0.49,1401.97,101.51,Tear,82.85,0.76,92.62,98.87,Excellent,Moderate
TP101809,2025-12-14 00:00:00,Morning,Silk Fabric,Silk,TM005,OP006,34853,28425,28256,169,10.68,1.14,1421.22,154.05,Stain,81.56,0.59,89.33,99.11,Excellent,Moderate
TP101810,2025-12-15 00:00:00,Evening,Linen Fabric,Denim,TM003,OP005,59077,54714,54016,698,11.46,0.42,2579.27,127.9,Uneven Weaving,92.61,1.28,96.34,98.09,Excellent,On Target
TP101811,2025-12-16 00:00:00,Evening,Cotton Fabric,Polyester,TM004,OP001,52596,45872,43707,2165,8.3,1.87,2622.06,246.85,Color Variation,87.22,4.72,77.47,92.92,Excellent,Moderate
TP101812,2025-12-17 00:00:00,Morning,Linen Fabric,Polyester,TM004,OP008,53863,55339,53022,2317,9.78,2.19,3153.32,62.53,Stain,100,4.19,77.61,93.72,Excellent,On Target
TP101813,2025-12-18 00:00:00,Night,Silk Fabric,Polyester,TM004,OP002,51792,50066,48015,2051,8.58,2.8,2412.31,99.14,Uneven Weaving,96.67,4.1,67.37,93.86,Excellent,On Target
TP101814,2025-12-19 00:00:00,Evening,Linen Fabric,Cotton,TM005,OP001,56361,52594,52222,372,8.63,0.84,2922.82,102.66,No Defect,93.32,0.71,90.27,98.94,Excellent,On Target
TP101815,2025-12-20 00:00:00,Evening,Silk Fabric,Silk,TM004,OP008,37715,35324,34070,1254,7.86,2.85,1700.89,298.24,Uneven Weaving,93.66,3.55,63.74,94.68,Excellent,On Target
TP101816,2025-12-21 00:00:00,Night,Linen Fabric,Denim,TM002,OP001,38942,38676,36158,2518,10.57,0.19,1983.88,192.69,Thread Breakage,99.32,6.51,98.2,90.23,Excellent,On Target
TP101817,2025-12-22 00:00:00,Evening,Linen Fabric,Silk,TM001,OP006,45507,43653,42307,1346,11.62,1.81,2093.17,84.74,Tear,95.93,3.08,84.42,95.37,Excellent,On Target
TP101818,2025-12-23 00:00:00,Night,Polyester Fabric,Polyester,TM001,OP007,45826,42847,40892,1955,11.64,0.17,2243.33,118.05,Stain,93.5,4.56,98.54,93.16,Excellent,On Target
TP101819,2025-12-24 00:00:00,Night,Silk Fabric,Silk,TM003,OP003,31762,26406,24935,1471,7.05,2.68,1289.65,91.96,Tear,83.14,5.57,61.99,91.64,Excellent,Moderate
TP101820,2025-12-25 00:00:00,Morning,Denim Fabric,Cotton,TM006,OP005,45850,51092,48233,2859,11.25,1.59,2403.12,81.15,No Defect,100,5.6,85.87,91.61,Excellent,On Target
TP101821,2025-12-26 00:00:00,Evening,Linen Fabric,Linen,TM005,OP008,42112,34649,33306,1343,10.42,2.01,1495,249.3,No Defect,82.28,3.88,80.71,94.19,Excellent,Moderate
TP101822,2025-12-27 00:00:00,Night,Cotton Fabric,Linen,TM001,OP008,53485,46966,44112,2854,7.52,2.49,2172.43,173.94,Thread Breakage,87.81,6.08,66.89,90.88,Excellent,Moderate
TP101823,2025-12-28 00:00:00,Morning,Polyester Fabric,Denim,TM005,OP008,54058,42391,41101,1290,6.4,0.45,2149.05,207.8,Tear,78.42,3.04,92.97,95.44,Excellent,Moderate
TP101824,2025-12-29 00:00:00,Evening,Polyester Fabric,Denim,TM003,OP006,42652,39995,37485,2510,7.61,0.12,2224.75,132.81,Stain,93.77,6.28,98.42,90.59,Excellent,On Target
TP101825,2025-12-30 00:00:00,Morning,Linen Fabric,Silk,TM004,OP007,36122,32892,32214,678,11.47,2.64,1586.24,188.42,No Defect,91.06,2.06,76.98,96.91,Excellent,On Target
TP101826,2025-12-31 00:00:00,Morning,Denim Fabric,Denim,TM006,OP007,30481,29066,28391,675,9.8,0.94,1404.84,114.39,No Defect,95.36,2.32,90.41,96.52,Excellent,On Target
TP101827,2026-01-01 00:00:00,Night,Polyester Fabric,Cotton,TM003,OP005,44536,34661,34368,293,10.33,0.39,1964.75,127.01,Uneven Weaving,77.83,0.85,96.22,98.73,Excellent,Moderate
TP101828,2026-01-02 00:00:00,Evening,Silk Fabric,Polyester,TM002,OP007,30153,29487,27815,1672,7.54,1.41,1615.78,213.06,Thread Breakage,97.79,5.67,81.3,91.49,Excellent,On Target
TP101829,2026-01-03 00:00:00,Morning,Linen Fabric,Polyester,TM004,OP008,37617,31729,30710,1019,10.32,1.79,1803.84,87.59,Color Variation,84.35,3.21,82.66,95.18,Excellent,Moderate
TP101830,2026-01-04 00:00:00,Night,Linen Fabric,Silk,TM004,OP002,31524,28043,27485,558,6.17,0.09,1426.56,204.31,No Defect,88.96,1.99,98.54,97.02,Excellent,Moderate
TP101831,2026-01-05 00:00:00,Night,Denim Fabric,Polyester,TM004,OP008,32120,31003,30381,622,8.25,0.82,1694.56,263.06,Stain,96.52,2.01,90.06,96.99,Excellent,On Target
TP101832,2026-01-06 00:00:00,Morning,Silk Fabric,Silk,TM003,OP004,45048,41367,38736,2631,9.76,0.1,2359.6,80.11,Stain,91.83,6.36,98.98,90.46,Excellent,On Target
TP101833,2026-01-07 00:00:00,Morning,Silk Fabric,Denim,TM002,OP003,32343,29860,28092,1768,6.88,1.26,1444.47,274.37,Uneven Weaving,92.32,5.92,81.69,91.12,Excellent,On Target
TP101834,2026-01-08 00:00:00,Night,Denim Fabric,Denim,TM006,OP002,35136,33588,32212,1376,10.94,2.69,1662.76,69.86,Stain,95.59,4.1,75.41,93.85,Excellent,On Target
TP101835,2026-01-09 00:00:00,Morning,Cotton Fabric,Cotton,TM005,OP002,52144,48495,46310,2185,7.41,2.95,2524.72,137.23,Uneven Weaving,93,4.51,60.19,93.24,Excellent,On Target
TP101836,2026-01-10 00:00:00,Morning,Silk Fabric,Polyester,TM003,OP008,31240,27370,26389,981,9.91,1.91,1435.57,202.63,No Defect,87.61,3.58,80.73,94.62,Excellent,Moderate
TP101837,2026-01-11 00:00:00,Evening,Cotton Fabric,Cotton,TM001,OP005,30060,26704,25891,813,8.43,0.48,1429.88,189.85,No Defect,88.84,3.04,94.31,95.43,Excellent,Moderate
TP101838,2026-01-12 00:00:00,Night,Cotton Fabric,Linen,TM001,OP003,39130,35797,33488,2309,9.58,2.72,1861.97,74.1,No Defect,91.48,6.45,71.61,90.32,Excellent,On Target
TP101839,2026-01-13 00:00:00,Morning,Linen Fabric,Cotton,TM003,OP005,48023,40210,39681,529,6.64,1.55,2124.67,249.73,No Defect,83.73,1.32,76.66,98.03,Excellent,Moderate
TP101840,2026-01-14 00:00:00,Night,Linen Fabric,Silk,TM005,OP004,52569,50977,49336,1641,6.1,0.46,2474.72,293.29,Color Variation,96.97,3.22,92.46,95.17,Excellent,On Target
TP101841,2026-01-15 00:00:00,Evening,Polyester Fabric,Silk,TM001,OP007,42312,38936,37869,1067,11.46,2.77,1822.08,95.31,Thread Breakage,92.02,2.74,75.83,95.89,Excellent,On Target
TP101842,2026-01-16 00:00:00,Night,Linen Fabric,Cotton,TM005,OP005,43350,39242,37775,1467,7.62,2.27,1878.46,273.78,Thread Breakage,90.52,3.74,70.21,94.39,Excellent,On Target
TP101843,2026-01-17 00:00:00,Night,Silk Fabric,Denim,TM004,OP001,54354,53456,51599,1857,10.92,2.2,2882.7,189.2,Color Variation,98.35,3.47,79.85,94.79,Excellent,On Target
TP101844,2026-01-18 00:00:00,Night,Silk Fabric,Linen,TM003,OP005,42418,37820,36355,1465,12,2.13,1947.25,283.98,No Defect,89.16,3.87,82.25,94.19,Excellent,Moderate
TP101845,2026-01-19 00:00:00,Evening,Cotton Fabric,Cotton,TM004,OP007,58145,51588,50861,727,7.27,0.6,2339.42,94.02,Stain,88.72,1.41,91.75,97.89,Excellent,Moderate
TP101846,2026-01-20 00:00:00,Evening,Silk Fabric,Denim,TM001,OP001,31252,27067,26029,1038,7.59,0.63,1639.1,248.01,Uneven Weaving,86.61,3.83,91.7,94.25,Excellent,Moderate
TP101847,2026-01-21 00:00:00,Night,Linen Fabric,Cotton,TM005,OP002,50587,46743,45773,970,9.98,2.06,2625.32,64.95,Thread Breakage,92.4,2.08,79.36,96.89,Excellent,On Target
TP101848,2026-01-22 00:00:00,Night,Linen Fabric,Polyester,TM004,OP004,38363,35355,34755,600,11.79,0.66,1793.81,270.8,Tear,92.16,1.7,94.4,97.45,Excellent,On Target
TP101849,2026-01-23 00:00:00,Evening,Linen Fabric,Silk,TM001,OP007,39650,33836,33524,312,11.49,1.32,1725.31,218.54,Uneven Weaving,85.34,0.92,88.51,98.62,Excellent,Moderate
TP101850,2026-01-24 00:00:00,Morning,Denim Fabric,Polyester,TM002,OP006,49933,44319,41900,2419,9.02,2.35,2400.81,142.56,Tear,88.76,5.46,73.95,91.81,Excellent,Moderate
TP101851,2026-01-25 00:00:00,Evening,Silk Fabric,Polyester,TM004,OP001,50581,43187,41771,1416,10.77,2.35,2060.26,97.62,Tear,85.38,3.28,78.18,95.08,Excellent,Moderate
TP101852,2026-01-26 00:00:00,Night,Polyester Fabric,Linen,TM002,OP004,53393,45419,43342,2077,6.81,1.36,2164.52,254.13,No Defect,85.07,4.57,80.03,93.14,Excellent,Moderate
TP101853,2026-01-27 00:00:00,Morning,Silk Fabric,Denim,TM002,OP005,53051,41322,39161,2161,11.86,2.38,1840.04,200.81,Tear,77.89,5.23,79.93,92.16,Excellent,Moderate
TP101854,2026-01-28 00:00:00,Morning,Silk Fabric,Silk,TM006,OP006,48706,43048,40932,2116,11.79,2.52,2388.69,140.1,No Defect,88.38,4.92,78.63,92.63,Excellent,Moderate
TP101855,2026-01-29 00:00:00,Morning,Denim Fabric,Polyester,TM001,OP005,56212,43893,42331,1562,6.98,1.96,2127.39,160.96,Color Variation,78.08,3.56,71.92,94.66,Excellent,Moderate
TP101856,2026-01-30 00:00:00,Evening,Silk Fabric,Silk,TM003,OP007,57691,50053,48541,1512,7.8,0.69,2814.2,256.64,Stain,86.76,3.02,91.15,95.47,Excellent,Moderate
TP101857,2026-01-31 00:00:00,Evening,Cotton Fabric,Denim,TM005,OP002,46314,39696,38527,1169,6.6,0.82,2027.56,134.73,Tear,85.71,2.94,87.58,95.58,Excellent,Moderate
TP101858,2026-02-01 00:00:00,Evening,Linen Fabric,Cotton,TM001,OP007,34090,33191,31644,1547,7.63,0.94,1726.3,72.41,Stain,97.36,4.66,87.68,93.01,Excellent,On Target
TP101859,2026-02-02 00:00:00,Evening,Linen Fabric,Polyester,TM006,OP008,36960,30638,29499,1139,10.9,0.35,1590,277.82,No Defect,82.9,3.72,96.79,94.42,Excellent,Moderate
TP101860,2026-02-03 00:00:00,Night,Denim Fabric,Denim,TM006,OP007,33004,27945,26263,1682,8.27,0.82,1313.69,146.84,Tear,84.67,6.02,90.08,90.97,Excellent,Moderate
TP101861,2026-02-04 00:00:00,Morning,Linen Fabric,Silk,TM004,OP007,51520,44992,42209,2783,6.53,0.63,2629.55,137.1,Uneven Weaving,87.33,6.19,90.35,90.72,Excellent,Moderate
TP101862,2026-02-05 00:00:00,Night,Cotton Fabric,Denim,TM005,OP005,46713,40145,39499,646,8.05,1.37,2018.05,101.1,Color Variation,85.94,1.61,82.98,97.59,Excellent,Moderate
TP101863,2026-02-06 00:00:00,Evening,Denim Fabric,Cotton,TM006,OP001,33640,33500,33036,464,11.89,2.73,1797.96,274.36,Thread Breakage,99.58,1.39,77.04,97.92,Excellent,On Target
TP101864,2026-02-07 00:00:00,Evening,Polyester Fabric,Denim,TM003,OP002,58470,47963,45758,2205,9.78,0.31,2314.57,104.38,Color Variation,82.03,4.6,96.83,93.1,Excellent,Moderate
TP101865,2026-02-08 00:00:00,Night,Linen Fabric,Silk,TM001,OP004,54366,47486,46319,1167,8.5,2.16,2748.62,209.17,Tear,87.35,2.46,74.59,96.31,Excellent,Moderate
TP101866,2026-02-09 00:00:00,Morning,Silk Fabric,Polyester,TM003,OP002,50491,46616,46327,289,7,2.06,2134.62,270.19,Color Variation,92.33,0.62,70.57,99.07,Excellent,On Target
TP101867,2026-02-10 00:00:00,Morning,Cotton Fabric,Polyester,TM004,OP008,31341,30140,28248,1892,11.92,0.29,1439.17,58.73,Thread Breakage,96.17,6.28,97.57,90.58,Excellent,On Target
TP101868,2026-02-11 00:00:00,Evening,Cotton Fabric,Linen,TM001,OP004,41855,36555,35833,722,10.93,2.77,1650.93,257.2,Uneven Weaving,87.34,1.98,74.66,97.04,Excellent,Moderate
TP101869,2026-02-12 00:00:00,Evening,Linen Fabric,Silk,TM004,OP003,54791,41955,39211,2744,7.69,1.71,2332.42,152.65,Stain,76.57,6.54,77.76,90.19,Excellent,Moderate
TP101870,2026-02-13 00:00:00,Evening,Polyester Fabric,Linen,TM005,OP001,30338,26985,25592,1393,6.42,1.09,1409.85,214.49,Uneven Weaving,88.95,5.16,83.02,92.26,Excellent,Moderate
TP101871,2026-02-14 00:00:00,Evening,Silk Fabric,Linen,TM005,OP008,35895,35703,33755,1948,6.34,2.27,2140.6,143.1,Color Variation,99.47,5.46,64.2,91.82,Excellent,On Target
TP101872,2026-02-15 00:00:00,Morning,Polyester Fabric,Cotton,TM003,OP001,42254,38863,38160,703,6.72,0.77,1777.13,223.88,Thread Breakage,91.97,1.81,88.54,97.29,Excellent,On Target
TP101873,2026-02-16 00:00:00,Night,Polyester Fabric,Silk,TM003,OP004,49092,44995,44085,910,9.48,2.08,2133.37,113.57,Stain,91.65,2.02,78.06,96.97,Excellent,On Target
TP101874,2026-02-17 00:00:00,Morning,Linen Fabric,Polyester,TM005,OP005,41344,34133,32806,1327,11.57,0.12,1751.7,55.48,Thread Breakage,82.56,3.89,98.96,94.17,Excellent,Moderate
TP101875,2026-02-18 00:00:00,Night,Silk Fabric,Silk,TM002,OP006,31750,25984,25563,421,8.98,2.52,1255.05,286.95,Uneven Weaving,81.84,1.62,71.94,97.57,Excellent,Moderate
TP101876,2026-02-19 00:00:00,Evening,Linen Fabric,Cotton,TM005,OP005,51988,46855,45691,1164,11.06,1.34,2582.14,54.09,No Defect,90.13,2.48,87.88,96.27,Excellent,On Target
TP101877,2026-02-20 00:00:00,Evening,Linen Fabric,Silk,TM001,OP003,32421,25942,25270,672,8.68,1.91,1341.01,256.02,No Defect,80.02,2.59,78,96.11,Excellent,Moderate
TP101878,2026-02-21 00:00:00,Night,Cotton Fabric,Silk,TM004,OP004,37119,35437,34892,545,10.25,0.66,1922.7,92.28,Stain,95.47,1.54,93.56,97.69,Excellent,On Target
TP101879,2026-02-22 00:00:00,Evening,Linen Fabric,Linen,TM005,OP003,55285,46480,45628,852,10.39,2.03,2000.77,148.06,Stain,84.07,1.83,80.46,97.25,Excellent,Moderate
TP101880,2026-02-23 00:00:00,Morning,Denim Fabric,Silk,TM005,OP004,35319,31726,29941,1785,7.04,2.32,1433.31,255.62,Stain,89.83,5.63,67.05,91.56,Excellent,Moderate
TP101881,2026-02-24 00:00:00,Evening,Silk Fabric,Linen,TM006,OP003,45896,35248,34689,559,8.17,1.42,1650.54,101.48,No Defect,76.8,1.59,82.62,97.62,Excellent,Moderate
TP101882,2026-02-25 00:00:00,Evening,Cotton Fabric,Linen,TM004,OP004,52993,46233,45916,317,9.82,1.85,2054.07,266.43,Uneven Weaving,87.24,0.69,81.16,98.97,Excellent,Moderate
TP101883,2026-02-26 00:00:00,Evening,Silk Fabric,Denim,TM006,OP001,59784,48843,46601,2242,6.42,1.37,2552.63,174.44,Stain,81.7,4.59,78.66,93.11,Excellent,Moderate
TP101884,2026-02-27 00:00:00,Evening,Cotton Fabric,Cotton,TM004,OP008,51771,38179,35566,2613,8.17,2.68,1719.41,141.54,No Defect,73.75,6.84,67.2,89.73,Good,Below Target
TP101885,2026-02-28 00:00:00,Morning,Denim Fabric,Linen,TM001,OP003,41918,39316,38273,1043,9.21,1.49,2056.49,215.61,Stain,93.79,2.65,83.82,96.02,Excellent,On Target
TP101886,2026-03-01 00:00:00,Night,Linen Fabric,Silk,TM004,OP003,58218,59084,58333,751,11.98,2.53,2801.07,135.35,Stain,100,1.27,78.88,98.09,Excellent,On Target
TP101887,2026-03-02 00:00:00,Evening,Cotton Fabric,Linen,TM003,OP008,50377,49322,47247,2075,8.85,2.4,2268.91,136.82,Thread Breakage,97.91,4.21,72.88,93.69,Excellent,On Target
TP101888,2026-03-03 00:00:00,Evening,Cotton Fabric,Linen,TM005,OP004,55064,52185,48850,3335,10.9,1.23,2995.95,233.38,Stain,94.77,6.39,88.72,90.41,Excellent,On Target
TP101889,2026-03-04 00:00:00,Morning,Cotton Fabric,Linen,TM004,OP002,54428,47407,44754,2653,8.59,0.69,2524.66,127.46,No Defect,87.1,5.6,91.97,91.61,Excellent,Moderate
TP101890,2026-03-05 00:00:00,Morning,Denim Fabric,Polyester,TM001,OP002,43849,41938,40031,1907,10.78,1.22,2446.15,100.19,Uneven Weaving,95.64,4.55,88.68,93.18,Excellent,On Target
TP101891,2026-03-06 00:00:00,Morning,Silk Fabric,Polyester,TM004,OP001,54622,53839,52467,1372,9.57,2.48,2388.16,251.91,No Defect,98.57,2.55,74.09,96.18,Excellent,On Target
TP101892,2026-03-07 00:00:00,Evening,Denim Fabric,Polyester,TM005,OP005,57935,52696,50576,2120,11.32,0.68,2919.04,251.34,No Defect,90.96,4.02,93.99,93.97,Excellent,On Target
TP101893,2026-03-08 00:00:00,Night,Cotton Fabric,Polyester,TM002,OP005,34873,28495,28184,311,8.47,1.57,1393.1,174.4,Stain,81.71,1.09,81.46,98.36,Excellent,Moderate
TP101894,2026-03-09 00:00:00,Morning,Cotton Fabric,Denim,TM004,OP001,59711,51653,49115,2538,9.63,2.42,2405.12,181.66,Thread Breakage,86.5,4.91,74.87,92.63,Excellent,Moderate
TP101895,2026-03-10 00:00:00,Morning,Linen Fabric,Linen,TM003,OP005,34806,35474,33625,1849,9.78,1.06,1979.03,224.02,Tear,100,5.21,89.16,92.18,Excellent,On Target
TP101896,2026-03-11 00:00:00,Morning,Denim Fabric,Denim,TM005,OP008,38592,34531,32192,2339,8.5,1.93,1715.74,177.32,Tear,89.48,6.77,77.29,89.84,Good,Moderate
TP101897,2026-03-12 00:00:00,Night,Denim Fabric,Silk,TM001,OP006,42182,28147,27530,617,6.87,0.74,1410.5,154.26,Tear,66.73,2.19,89.23,96.71,Excellent,Below Target
TP101898,2026-03-13 00:00:00,Evening,Polyester Fabric,Cotton,TM005,OP008,52297,41690,41432,258,6.56,0.33,2367.69,298.72,No Defect,79.72,0.62,94.97,99.07,Excellent,Moderate
TP101899,2026-03-14 00:00:00,Evening,Silk Fabric,Denim,TM006,OP006,53508,46567,44683,1884,6.1,2.38,2130.66,86.91,Stain,87.03,4.05,60.98,93.93,Excellent,Moderate
TP101900,2026-03-15 00:00:00,Evening,Polyester Fabric,Polyester,TM002,OP006,49541,48179,45725,2454,11.24,0.3,2543.72,198.18,Tear,97.25,5.09,97.33,92.36,Excellent,On Target
TP101901,2026-03-16 00:00:00,Morning,Polyester Fabric,Polyester,TM001,OP007,58921,51902,48976,2926,7.42,0.81,2803.89,271.47,Color Variation,88.09,5.64,89.08,91.54,Excellent,Moderate
TP101902,2026-03-17 00:00:00,Evening,Silk Fabric,Silk,TM002,OP007,46774,45549,44748,801,7.27,2.57,2288.87,221.8,Color Variation,97.38,1.76,64.65,97.36,Excellent,On Target
TP101903,2026-03-18 00:00:00,Morning,Linen Fabric,Linen,TM002,OP006,42045,36292,35493,799,10.42,1.04,1930.83,270.23,Color Variation,86.32,2.2,90.02,96.7,Excellent,Moderate
TP101904,2026-03-19 00:00:00,Night,Linen Fabric,Cotton,TM003,OP004,34430,26253,25247,1006,7.92,2.92,1264.82,134.08,Uneven Weaving,76.25,3.83,63.13,94.25,Excellent,Moderate
TP101905,2026-03-20 00:00:00,Night,Silk Fabric,Denim,TM004,OP002,38820,33602,32712,890,9.04,2.94,1540.87,118,Stain,86.56,2.65,67.48,96.03,Excellent,Moderate
TP101906,2026-03-21 00:00:00,Evening,Silk Fabric,Linen,TM003,OP001,54070,49969,46924,3045,6.98,0.8,2450.21,262.82,No Defect,92.42,6.09,88.54,90.86,Excellent,On Target
TP101907,2026-03-22 00:00:00,Morning,Denim Fabric,Linen,TM003,OP008,34232,31436,30311,1125,11.76,0.12,1655.1,148.53,No Defect,91.83,3.58,98.98,94.63,Excellent,On Target
TP101908,2026-03-23 00:00:00,Morning,Denim Fabric,Denim,TM006,OP004,41122,33397,31494,1903,11.11,2.12,1812.15,227.42,Stain,81.21,5.7,80.92,91.45,Excellent,Moderate
TP101909,2026-03-24 00:00:00,Evening,Denim Fabric,Denim,TM003,OP006,45023,39414,37729,1685,11.18,1.35,2151.72,86.94,Thread Breakage,87.54,4.28,87.92,93.59,Excellent,Moderate
TP101910,2026-03-25 00:00:00,Night,Denim Fabric,Denim,TM001,OP001,38007,41349,39064,2285,8.44,0.3,2119.7,238.96,Thread Breakage,100,5.53,96.45,91.71,Excellent,On Target
TP101911,2026-03-26 00:00:00,Night,Cotton Fabric,Denim,TM004,OP002,47905,38979,37941,1038,10.57,2.12,1816.34,187.25,Uneven Weaving,81.37,2.66,79.94,96.01,Excellent,Moderate
TP101912,2026-03-27 00:00:00,Night,Cotton Fabric,Polyester,TM004,OP005,39018,36921,34741,2180,6.86,0.09,1990.86,117.15,Stain,94.63,5.9,98.69,91.14,Excellent,On Target
TP101913,2026-03-28 00:00:00,Night,Linen Fabric,Linen,TM001,OP004,59398,44741,43719,1022,6.05,2.61,2457.59,173.63,Thread Breakage,75.32,2.28,56.86,96.57,Excellent,Moderate
TP101914,2026-03-29 00:00:00,Night,Cotton Fabric,Linen,TM003,OP002,31500,30255,29030,1225,6.12,0.42,1520.46,224.24,Uneven Weaving,96.05,4.05,93.14,93.93,Excellent,On Target
TP101915,2026-03-30 00:00:00,Evening,Cotton Fabric,Polyester,TM003,OP001,36737,30769,30187,582,9.52,0.38,1780.89,52.97,Tear,83.75,1.89,96.01,97.16,Excellent,Moderate
TP101916,2026-03-31 00:00:00,Evening,Denim Fabric,Linen,TM002,OP003,33294,30902,29792,1110,8.73,0.53,1512.33,209.37,Tear,92.82,3.59,93.93,94.61,Excellent,On Target
TP101917,2026-04-01 00:00:00,Evening,Denim Fabric,Denim,TM002,OP004,51469,41669,40599,1070,9.11,2.88,2147.48,185.4,Uneven Weaving,80.96,2.57,68.39,96.15,Excellent,Moderate
TP101918,2026-04-02 00:00:00,Night,Silk Fabric,Cotton,TM006,OP008,48803,44916,43913,1003,6.04,2.08,2238.72,105.07,Stain,92.04,2.23,65.56,96.65,Excellent,On Target
TP101919,2026-04-03 00:00:00,Night,Denim Fabric,Linen,TM005,OP007,55510,46428,43278,3150,8.54,2.4,2521.94,238.25,Tear,83.64,6.78,71.9,89.82,Good,Moderate
TP101920,2026-04-04 00:00:00,Evening,Silk Fabric,Cotton,TM002,OP001,49426,42009,41362,647,10.31,1.19,1913.61,125.87,Stain,84.99,1.54,88.46,97.69,Excellent,Moderate
TP101921,2026-04-05 00:00:00,Evening,Silk Fabric,Cotton,TM004,OP008,34497,32115,30311,1804,8.66,1.01,1813.45,119.22,Thread Breakage,93.1,5.62,88.34,91.57,Excellent,On Target
TP101922,2026-04-06 00:00:00,Night,Cotton Fabric,Polyester,TM001,OP001,47850,41623,38752,2871,10.39,0.7,1867.55,167.8,Tear,86.99,6.9,93.26,89.65,Good,Moderate
TP101923,2026-04-07 00:00:00,Morning,Denim Fabric,Silk,TM003,OP007,49945,46280,45989,291,7.4,1.44,2352.7,219.04,Thread Breakage,92.66,0.63,80.54,99.06,Excellent,On Target
TP101924,2026-04-08 00:00:00,Evening,Cotton Fabric,Linen,TM005,OP002,30614,27144,25775,1369,10.88,1.66,1274.67,282.21,Stain,88.67,5.04,84.74,92.43,Excellent,Moderate
TP101925,2026-04-09 00:00:00,Night,Denim Fabric,Polyester,TM002,OP008,51776,46843,45839,1004,9.53,1.9,2146.62,85.34,Stain,90.47,2.14,80.06,96.79,Excellent,On Target
TP101926,2026-04-10 00:00:00,Night,Cotton Fabric,Polyester,TM005,OP008,54077,50354,49970,384,7.26,0.77,2811.42,149.12,Color Variation,93.12,0.76,89.39,98.86,Excellent,On Target
TP101927,2026-04-11 00:00:00,Evening,Cotton Fabric,Cotton,TM001,OP001,39374,34472,33397,1075,7.42,2.85,1677.98,66.75,Uneven Weaving,87.55,3.12,61.59,95.32,Excellent,Moderate
TP101928,2026-04-12 00:00:00,Morning,Cotton Fabric,Linen,TM001,OP004,49607,41188,38478,2710,9.77,0.51,2001.41,239.64,No Defect,83.03,6.58,94.78,90.13,Excellent,Moderate
TP101929,2026-04-13 00:00:00,Night,Linen Fabric,Polyester,TM005,OP006,53522,46175,45909,266,10.98,2.9,2686.72,161.93,Uneven Weaving,86.27,0.58,73.59,99.14,Excellent,Moderate
TP101930,2026-04-14 00:00:00,Evening,Cotton Fabric,Denim,TM005,OP007,32667,32133,30744,1389,8.49,0.04,1774.47,226.73,Stain,98.37,4.32,99.53,93.52,Excellent,On Target
TP101931,2026-04-15 00:00:00,Night,Polyester Fabric,Polyester,TM006,OP004,54364,49370,47514,1856,7.55,1.44,2374.75,130.55,Stain,90.81,3.76,80.93,94.36,Excellent,On Target
TP101932,2026-04-16 00:00:00,Night,Polyester Fabric,Denim,TM005,OP007,43409,36501,34246,2255,11.2,1,1748.19,261.08,Uneven Weaving,84.09,6.18,91.07,90.73,Excellent,Moderate
TP101933,2026-04-17 00:00:00,Night,Polyester Fabric,Silk,TM003,OP001,46514,43170,42718,452,10.02,1.35,2086.61,183.71,Stain,92.81,1.05,86.53,98.43,Excellent,On Target
TP101934,2026-04-18 00:00:00,Night,Silk Fabric,Denim,TM004,OP002,59866,55842,53089,2753,8.69,1.71,2575.28,285.9,Thread Breakage,93.28,4.93,80.32,92.61,Excellent,On Target
TP101935,2026-04-19 00:00:00,Morning,Cotton Fabric,Denim,TM002,OP004,32983,30885,29365,1520,8.93,1.31,1516.24,69.7,Tear,93.64,4.92,85.33,92.62,Excellent,On Target
TP101936,2026-04-20 00:00:00,Evening,Polyester Fabric,Cotton,TM002,OP003,50662,42128,40085,2043,7.23,1.24,1990.73,178.57,Stain,83.16,4.85,82.85,92.73,Excellent,Moderate
TP101937,2026-04-21 00:00:00,Evening,Silk Fabric,Polyester,TM002,OP006,53510,45603,42582,3021,9.76,2.2,2242.79,241.61,Uneven Weaving,85.22,6.62,77.46,90.06,Excellent,Moderate
TP101938,2026-04-22 00:00:00,Evening,Polyester Fabric,Silk,TM005,OP007,42651,36365,34238,2127,8.15,2.06,2016.63,200.04,Uneven Weaving,85.26,5.85,74.72,91.23,Excellent,Moderate
TP101939,2026-04-23 00:00:00,Evening,Denim Fabric,Polyester,TM005,OP005,38230,33442,33184,258,11.97,2.5,1504.71,55.8,Uneven Weaving,87.48,0.77,79.11,98.84,Excellent,Moderate
TP101940,2026-04-24 00:00:00,Evening,Linen Fabric,Denim,TM006,OP002,54078,50710,48904,1806,8.88,0.75,2899.28,293.08,Color Variation,93.77,3.56,91.55,94.66,Excellent,On Target
TP101941,2026-04-25 00:00:00,Morning,Cotton Fabric,Denim,TM005,OP002,58535,53895,52231,1664,8.92,1.83,2821.12,124.57,Thread Breakage,92.07,3.09,79.48,95.37,Excellent,On Target
TP101942,2026-04-26 00:00:00,Night,Linen Fabric,Polyester,TM006,OP005,36640,33938,33084,854,9.4,1.76,1635.55,112.32,Thread Breakage,92.63,2.52,81.28,96.23,Excellent,On Target
TP101943,2026-04-27 00:00:00,Night,Linen Fabric,Silk,TM006,OP005,41779,41561,40134,1427,11.5,1.11,2123.44,171.41,Color Variation,99.48,3.43,90.35,94.85,Excellent,On Target
TP101944,2026-04-28 00:00:00,Evening,Denim Fabric,Silk,TM003,OP004,51852,49167,47693,1474,10.8,1.46,2762.9,185.54,Thread Breakage,94.82,3,86.48,95.5,Excellent,On Target
TP101945,2026-04-29 00:00:00,Night,Denim Fabric,Cotton,TM003,OP001,45317,40335,39000,1335,8.71,0.94,2340.55,241.57,Color Variation,89.01,3.31,89.21,95.04,Excellent,Moderate
TP101946,2026-04-30 00:00:00,Night,Denim Fabric,Denim,TM003,OP001,47304,38653,35999,2654,10.31,0.43,1942.02,148.32,Thread Breakage,81.71,6.87,95.83,89.7,Good,Moderate
TP101947,2026-05-01 00:00:00,Night,Silk Fabric,Denim,TM003,OP003,37564,31929,31585,344,9.52,0.64,1472.8,159.99,Color Variation,85,1.08,93.28,98.38,Excellent,Moderate
TP101948,2026-05-02 00:00:00,Evening,Polyester Fabric,Cotton,TM001,OP006,57345,50560,47276,3284,8.95,0.32,2533.81,183.74,Color Variation,88.17,6.5,96.42,90.26,Excellent,Moderate
TP101949,2026-05-03 00:00:00,Evening,Cotton Fabric,Polyester,TM003,OP007,45520,43610,42031,1579,7.15,2.05,2189.86,148.6,Thread Breakage,95.8,3.62,71.33,94.57,Excellent,On Target
TP101950,2026-05-04 00:00:00,Morning,Denim Fabric,Denim,TM003,OP001,58687,52706,50306,2400,8.78,1.98,2727.34,278.64,Color Variation,89.81,4.55,77.45,93.17,Excellent,Moderate
TP101951,2026-05-05 00:00:00,Evening,Cotton Fabric,Polyester,TM003,OP008,55068,47032,44259,2773,7.47,2.85,2458.82,262.81,Thread Breakage,85.41,5.9,61.85,91.16,Excellent,Moderate
TP101952,2026-05-06 00:00:00,Morning,Cotton Fabric,Silk,TM006,OP003,43737,37119,36064,1055,11.49,2.19,2182.78,163.74,Color Variation,84.87,2.84,80.94,95.74,Excellent,Moderate
TP101953,2026-05-07 00:00:00,Evening,Cotton Fabric,Linen,TM002,OP003,39323,35199,34038,1161,8.01,0.16,1906.52,50.05,Uneven Weaving,89.51,3.3,98,95.05,Excellent,Moderate
TP101954,2026-05-08 00:00:00,Night,Denim Fabric,Cotton,TM002,OP002,45229,43524,42148,1376,11.71,2.65,2254.82,275.23,No Defect,96.23,3.16,77.37,95.26,Excellent,On Target
TP101955,2026-05-09 00:00:00,Morning,Denim Fabric,Denim,TM002,OP002,41713,42187,40948,1239,9.2,2.59,2338.96,81.08,Thread Breakage,100,2.94,71.85,95.59,Excellent,On Target
TP101956,2026-05-10 00:00:00,Morning,Polyester Fabric,Cotton,TM004,OP006,38502,34097,31875,2222,9.79,1.33,2019.12,111.13,Color Variation,88.56,6.52,86.41,90.22,Excellent,Moderate
TP101957,2026-05-11 00:00:00,Morning,Denim Fabric,Silk,TM001,OP004,55314,49609,46688,2921,9.26,1.76,2340.32,88.09,Uneven Weaving,89.69,5.89,80.99,91.17,Excellent,Moderate
TP101958,2026-05-12 00:00:00,Evening,Denim Fabric,Silk,TM006,OP008,49625,40446,39957,489,6.78,2.93,1836.38,94.95,No Defect,81.5,1.21,56.78,98.19,Excellent,Moderate
TP101959,2026-05-13 00:00:00,Morning,Cotton Fabric,Silk,TM005,OP005,30545,31637,31256,381,8.25,1.6,1426.66,250.72,Color Variation,100,1.2,80.61,98.19,Excellent,On Target
TP101960,2026-05-14 00:00:00,Evening,Polyester Fabric,Silk,TM006,OP005,57037,45740,44239,1501,6.59,2.72,2219.05,194.88,No Defect,80.19,3.28,58.73,95.08,Excellent,Moderate
TP101961,2026-05-15 00:00:00,Morning,Linen Fabric,Linen,TM003,OP006,34346,33728,33343,385,9.74,0.25,2004.86,289.02,Thread Breakage,98.2,1.14,97.43,98.29,Excellent,On Target
TP101962,2026-05-16 00:00:00,Evening,Denim Fabric,Polyester,TM002,OP003,59430,51967,49616,2351,8.68,0.57,2370.8,107.86,No Defect,87.44,4.52,93.43,93.21,Excellent,Moderate
TP101963,2026-05-17 00:00:00,Morning,Denim Fabric,Polyester,TM006,OP006,39996,34318,33826,492,10.67,1.32,2016.19,171.41,Tear,85.8,1.43,87.63,97.85,Excellent,Moderate
TP101964,2026-05-18 00:00:00,Night,Linen Fabric,Linen,TM001,OP005,57788,47519,45668,1851,7.32,1.75,2337.27,294.36,Stain,82.23,3.9,76.09,94.16,Excellent,Moderate
TP101965,2026-05-19 00:00:00,Night,Cotton Fabric,Polyester,TM003,OP003,59969,60000,59672,328,6.99,2.45,2773.66,256.61,Tear,100,0.55,64.95,99.18,Excellent,On Target
TP101966,2026-05-20 00:00:00,Morning,Polyester Fabric,Silk,TM004,OP005,45775,41907,40835,1072,8.44,2.96,1967.7,232.15,Thread Breakage,91.55,2.56,64.93,96.16,Excellent,On Target
TP101967,2026-05-21 00:00:00,Evening,Cotton Fabric,Polyester,TM005,OP004,43919,39593,37652,1941,11.56,1.17,1748.79,97.24,Thread Breakage,90.15,4.9,89.88,92.65,Excellent,On Target
TP101968,2026-05-22 00:00:00,Evening,Silk Fabric,Cotton,TM003,OP002,33810,32528,31342,1186,10.26,0.14,1536.22,242.35,No Defect,96.21,3.65,98.64,94.53,Excellent,On Target
TP101969,2026-05-23 00:00:00,Evening,Denim Fabric,Polyester,TM005,OP002,37206,31790,29610,2180,8.51,2.4,1491.13,136.89,Uneven Weaving,85.44,6.86,71.8,89.71,Good,Moderate
TP101970,2026-05-24 00:00:00,Night,Silk Fabric,Cotton,TM006,OP003,39005,35110,32940,2170,9.1,1.81,1905.79,182.63,Color Variation,90.01,6.18,80.11,90.73,Excellent,On Target
TP101971,2026-05-25 00:00:00,Night,Denim Fabric,Denim,TM003,OP006,46371,41917,40729,1188,6.51,0.6,1837.47,202.29,Stain,90.39,2.83,90.78,95.75,Excellent,On Target
TP101972,2026-05-26 00:00:00,Night,Silk Fabric,Cotton,TM004,OP005,42316,36567,36276,291,11.91,1.48,2060.19,202.34,Color Variation,86.41,0.8,87.57,98.81,Excellent,Moderate
TP101973,2026-05-27 00:00:00,Evening,Linen Fabric,Cotton,TM006,OP001,59629,58673,55155,3518,10,2.23,2602.6,231.63,Uneven Weaving,98.4,6,77.7,91.01,Excellent,On Target
TP101974,2026-05-28 00:00:00,Evening,Denim Fabric,Silk,TM001,OP004,48416,42833,40082,2751,7.71,2.31,2230.93,215.43,Thread Breakage,88.47,6.42,70.04,90.37,Excellent,Moderate
TP101975,2026-05-29 00:00:00,Evening,Denim Fabric,Silk,TM005,OP005,59148,46803,44072,2731,9.51,1.5,2612.87,67.09,Stain,79.13,5.84,84.23,91.25,Excellent,Moderate
TP101976,2026-05-30 00:00:00,Morning,Silk Fabric,Silk,TM005,OP007,58989,51845,51155,690,6.66,0.92,2434.64,164.34,Tear,87.89,1.33,86.19,98,Excellent,Moderate
TP101977,2026-05-31 00:00:00,Morning,Polyester Fabric,Cotton,TM001,OP001,38436,35263,32799,2464,11.8,2.92,2097.79,216.01,Thread Breakage,91.74,6.99,75.25,89.52,Good,On Target
TP101978,2026-06-01 00:00:00,Morning,Silk Fabric,Linen,TM005,OP004,59419,49761,48676,1085,7.05,1.99,2278.15,124,Thread Breakage,83.75,2.18,71.77,96.73,Excellent,Moderate
TP101979,2026-06-02 00:00:00,Night,Denim Fabric,Silk,TM006,OP004,42984,36235,34348,1887,9.89,1.22,2002.19,128.26,No Defect,84.3,5.21,87.66,92.19,Excellent,Moderate
TP101980,2026-06-03 00:00:00,Night,Denim Fabric,Silk,TM002,OP002,30271,26086,24416,1670,7.47,0.84,1265.04,81.14,Uneven Weaving,86.17,6.4,88.76,90.4,Excellent,Moderate
TP101981,2026-06-04 00:00:00,Evening,Polyester Fabric,Cotton,TM001,OP003,49895,49171,48172,999,10.31,2.19,2385.95,154.65,No Defect,98.55,2.03,78.76,96.95,Excellent,On Target
TP101982,2026-06-05 00:00:00,Morning,Cotton Fabric,Denim,TM004,OP005,48155,41697,39027,2670,10.66,0.73,1972.18,296.71,No Defect,86.59,6.4,93.15,90.39,Excellent,Moderate
TP101983,2026-06-06 00:00:00,Evening,Polyester Fabric,Denim,TM003,OP004,55838,55840,54438,1402,10.04,0.52,2927.12,121.33,Color Variation,100,2.51,94.82,96.23,Excellent,On Target
TP101984,2026-06-07 00:00:00,Morning,Cotton Fabric,Polyester,TM003,OP005,40616,34806,32423,2383,9.69,1.59,1985.25,182.86,Thread Breakage,85.7,6.85,83.59,89.73,Good,Moderate
TP101985,2026-06-08 00:00:00,Morning,Denim Fabric,Denim,TM001,OP004,34361,31707,30969,738,11.35,0.87,1552.07,235.81,Uneven Weaving,92.28,2.33,92.33,96.51,Excellent,On Target
TP101986,2026-06-09 00:00:00,Evening,Linen Fabric,Silk,TM002,OP006,37069,32204,30047,2157,6.47,1.89,1779.22,53.37,No Defect,86.88,6.7,70.79,89.95,Good,Moderate
TP101987,2026-06-10 00:00:00,Evening,Linen Fabric,Linen,TM006,OP008,47304,45071,44689,382,7.99,0.35,2398.03,275.11,Tear,95.28,0.85,95.62,98.73,Excellent,On Target
TP101988,2026-06-11 00:00:00,Morning,Silk Fabric,Polyester,TM004,OP002,54574,44845,42553,2292,7.49,1.96,2251.25,146.64,Stain,82.17,5.11,73.83,92.33,Excellent,Moderate
TP101989,2026-06-12 00:00:00,Morning,Polyester Fabric,Linen,TM003,OP003,33430,31825,30565,1260,11.93,0.85,1592.11,267.28,Uneven Weaving,95.2,3.96,92.88,94.06,Excellent,On Target
TP101990,2026-06-13 00:00:00,Night,Polyester Fabric,Linen,TM003,OP001,50819,46142,44478,1664,8.34,0,2580.92,59.74,Color Variation,90.8,3.61,100,94.59,Excellent,On Target
TP101991,2026-06-14 00:00:00,Evening,Linen Fabric,Silk,TM006,OP001,42676,36497,35784,713,10.4,0.38,1997.97,86.42,Uneven Weaving,85.52,1.95,96.35,97.07,Excellent,Moderate
TP101992,2026-06-15 00:00:00,Evening,Cotton Fabric,Cotton,TM002,OP006,40816,36259,34415,1844,10.11,2.8,2013.31,130.63,Thread Breakage,88.84,5.09,72.3,92.37,Excellent,Moderate
TP101993,2026-06-16 00:00:00,Evening,Polyester Fabric,Cotton,TM005,OP007,50144,50514,49635,879,7.27,2.6,2287.13,136.37,Color Variation,100,1.74,64.24,97.39,Excellent,On Target
TP101994,2026-06-17 00:00:00,Evening,Cotton Fabric,Cotton,TM001,OP002,32050,29154,27961,1193,7.43,0.7,1781.97,261.95,Stain,90.96,4.09,90.58,93.86,Excellent,On Target
TP101995,2026-06-18 00:00:00,Morning,Cotton Fabric,Denim,TM002,OP004,41692,35472,34711,761,7.69,2.34,1600.06,52.8,Tear,85.08,2.15,69.57,96.78,Excellent,Moderate
TP101996,2026-06-19 00:00:00,Night,Cotton Fabric,Cotton,TM002,OP002,31165,25420,23714,1706,8.47,1.83,1446.12,210.28,No Defect,81.57,6.71,78.39,89.93,Good,Moderate
TP101997,2026-06-20 00:00:00,Evening,Cotton Fabric,Silk,TM002,OP003,54951,51400,51047,353,7.41,2.91,2894.55,82.83,Uneven Weaving,93.54,0.69,60.73,98.97,Excellent,On Target
TP101998,2026-06-21 00:00:00,Morning,Silk Fabric,Denim,TM002,OP008,32033,29269,28743,526,6.12,1.12,1539.65,255.8,Color Variation,91.37,1.8,81.7,97.3,Excellent,On Target
TP101999,2026-06-22 00:00:00,Morning,Silk Fabric,Cotton,TM005,OP001,52851,50137,49097,1040,11.28,2.04,2864.89,244.64,Stain,94.86,2.07,81.91,96.89,Excellent,On Target
TP102000,2026-06-23 00:00:00,Morning,Linen Fabric,Linen,TM006,OP005,30145,25000,24202,798,11.79,0.19,1235.76,174.98,No Defect,82.93,3.19,98.39,95.21,Excellent,Moderate
TP102001,2026-06-24 00:00:00,Morning,Silk Fabric,Silk,TM004,OP001,44269,36209,35480,729,8.05,1.19,1656.62,103.17,Stain,81.79,2.01,85.22,96.98,Excellent,Moderate
TP102002,2026-06-25 00:00:00,Morning,Polyester Fabric,Silk,TM002,OP007,50772,49771,47933,1838,8.03,2.89,2784.29,208.62,Tear,98.03,3.69,64.01,94.46,Excellent,On Target
TP102003,2026-06-26 00:00:00,Evening,Silk Fabric,Polyester,TM002,OP007,37832,34926,32771,2155,6.04,1.62,1665.67,89.06,No Defect,92.32,6.17,73.18,90.74,Excellent,On Target
TP102004,2026-06-27 00:00:00,Evening,Polyester Fabric,Silk,TM001,OP007,55007,51560,48916,2644,10.08,0.86,2605.06,97.51,No Defect,93.73,5.13,91.47,92.31,Excellent,On Target
TP102005,2026-06-28 00:00:00,Night,Polyester Fabric,Linen,TM003,OP007,55280,46027,44062,1965,10.95,0.36,2511.44,206.67,No Defect,83.26,4.27,96.71,93.6,Excellent,Moderate
TP102006,2026-06-29 00:00:00,Evening,Cotton Fabric,Silk,TM005,OP003,54557,45355,44866,489,6.88,2.11,2545.47,297.81,Color Variation,83.13,1.08,69.33,98.38,Excellent,Moderate
TP102007,2026-06-30 00:00:00,Morning,Linen Fabric,Polyester,TM002,OP004,44286,42930,40779,2151,6.96,1.93,1918.31,272.77,No Defect,96.94,5.01,72.27,92.48,Excellent,On Target
TP102008,2026-07-01 00:00:00,Night,Cotton Fabric,Silk,TM004,OP002,32632,31741,31239,502,10.74,1.12,1824.35,198.28,Stain,97.27,1.58,89.57,97.63,Excellent,On Target
TP102009,2026-07-02 00:00:00,Morning,Cotton Fabric,Silk,TM004,OP001,34494,28417,26822,1595,9.7,2.85,1326.52,184.63,Color Variation,82.38,5.61,70.62,91.58,Excellent,Moderate
TP102010,2026-07-03 00:00:00,Morning,Silk Fabric,Polyester,TM004,OP007,45152,36593,35815,778,6.27,0.07,1780.4,299.6,No Defect,81.04,2.13,98.88,96.81,Excellent,Moderate
TP102011,2026-07-04 00:00:00,Evening,Silk Fabric,Silk,TM001,OP001,54440,48582,47022,1560,9.74,0.91,2761.49,186.85,Stain,89.24,3.21,90.66,95.18,Excellent,Moderate
TP102012,2026-07-05 00:00:00,Morning,Polyester Fabric,Denim,TM004,OP007,53895,45490,44226,1264,7.85,2.76,2291.45,155.03,Stain,84.4,2.78,64.84,95.83,Excellent,Moderate
TP102013,2026-07-06 00:00:00,Evening,Silk Fabric,Silk,TM006,OP005,39155,32992,30985,2007,8.21,0.96,1606.84,277.39,Uneven Weaving,84.26,6.08,88.31,90.88,Excellent,Moderate
TP102014,2026-07-07 00:00:00,Morning,Silk Fabric,Cotton,TM001,OP002,40426,32842,32408,434,10.62,0.76,1561.14,108.55,Stain,81.24,1.32,92.84,98.02,Excellent,Moderate
TP102015,2026-07-08 00:00:00,Night,Denim Fabric,Cotton,TM005,OP005,40233,34890,33433,1457,10.87,1.6,1766.07,74.38,Thread Breakage,86.72,4.18,85.28,93.74,Excellent,Moderate
TP102016,2026-07-09 00:00:00,Morning,Polyester Fabric,Denim,TM004,OP005,31828,26073,25702,371,8.4,2.47,1277.54,208.52,Tear,81.92,1.42,70.6,97.87,Excellent,Moderate
TP102017,2026-07-10 00:00:00,Evening,Polyester Fabric,Silk,TM003,OP007,56684,46669,44298,2371,11.68,0.31,2641.38,73.96,No Defect,82.33,5.08,97.35,92.38,Excellent,Moderate
TP102018,2026-07-11 00:00:00,Morning,Denim Fabric,Linen,TM002,OP008,42260,38917,36433,2484,8.44,2.83,1812.67,143.29,No Defect,92.09,6.38,66.47,90.43,Excellent,On Target
TP102019,2026-07-12 00:00:00,Evening,Polyester Fabric,Silk,TM005,OP004,39130,35066,33900,1166,10.63,2.39,1693.4,155.89,No Defect,89.61,3.33,77.52,95.01,Excellent,Moderate
TP102020,2026-07-13 00:00:00,Evening,Linen Fabric,Cotton,TM006,OP001,34805,32506,31312,1194,8.9,0.54,1614.39,186.88,Stain,93.39,3.67,93.93,94.49,Excellent,On Target
TP102021,2026-07-14 00:00:00,Night,Linen Fabric,Polyester,TM003,OP008,30806,25000,23368,1632,11.39,2.14,1194.34,297.91,Stain,81.15,6.53,81.21,90.21,Excellent,Moderate
TP102022,2026-07-15 00:00:00,Evening,Denim Fabric,Denim,TM005,OP006,56039,50474,48512,1962,11.45,1.15,2530.6,105.25,No Defect,90.07,3.89,89.96,94.17,Excellent,On Target
TP102023,2026-07-16 00:00:00,Night,Silk Fabric,Polyester,TM006,OP002,53870,56310,54244,2066,6.52,1.21,2669.76,143.94,Thread Breakage,100,3.67,81.44,94.5,Excellent,On Target
TP102024,2026-07-17 00:00:00,Night,Linen Fabric,Linen,TM004,OP008,59997,52434,50201,2233,11.62,2.35,2540.47,83.06,Color Variation,87.39,4.26,79.78,93.61,Excellent,Moderate
TP102025,2026-07-18 00:00:00,Morning,Denim Fabric,Silk,TM005,OP004,57991,55540,52774,2766,10.95,2.89,2848.09,201.9,Color Variation,95.77,4.98,73.61,92.53,Excellent,On Target
TP102026,2026-07-19 00:00:00,Night,Linen Fabric,Linen,TM005,OP006,38202,36564,36127,437,10.75,0.38,1786.65,231.92,Tear,95.71,1.2,96.47,98.21,Excellent,On Target
TP102027,2026-07-20 00:00:00,Evening,Cotton Fabric,Polyester,TM005,OP004,59757,57400,54049,3351,7.21,1.26,3005.69,170.52,Uneven Weaving,96.06,5.84,82.52,91.24,Excellent,On Target
TP102028,2026-07-21 00:00:00,Evening,Denim Fabric,Silk,TM001,OP008,31868,29053,28085,968,10.83,1.44,1481.48,111.46,Tear,91.17,3.33,86.7,95,Excellent,On Target
TP102029,2026-07-22 00:00:00,Night,Polyester Fabric,Linen,TM003,OP007,44561,41871,41465,406,11.1,1.13,2185.3,205.22,No Defect,93.96,0.97,89.82,98.55,Excellent,On Target
TP102030,2026-07-23 00:00:00,Morning,Linen Fabric,Cotton,TM006,OP007,45512,43188,40765,2423,7.73,1.09,2470.42,184.79,No Defect,94.89,5.61,85.9,91.58,Excellent,On Target
TP102031,2026-07-24 00:00:00,Night,Polyester Fabric,Cotton,TM004,OP004,54262,51249,49737,1512,11.71,0.16,2742.33,92.8,No Defect,94.45,2.95,98.63,95.57,Excellent,On Target
TP102032,2026-07-25 00:00:00,Night,Denim Fabric,Denim,TM002,OP008,44899,36897,36472,425,6.3,2.06,1722.73,151.42,Uneven Weaving,82.18,1.15,67.3,98.27,Excellent,Moderate
TP102033,2026-07-26 00:00:00,Evening,Linen Fabric,Cotton,TM004,OP003,59443,46394,44251,2143,6.9,1.31,2446.2,158.8,Stain,78.05,4.62,81.01,93.07,Excellent,Moderate
TP102034,2026-07-27 00:00:00,Morning,Polyester Fabric,Cotton,TM004,OP003,52074,41204,38641,2563,9.23,0.58,1906.13,295.65,Uneven Weaving,79.13,6.22,93.72,90.67,Excellent,Moderate
TP102035,2026-07-28 00:00:00,Morning,Silk Fabric,Polyester,TM001,OP004,54211,47765,44770,2995,9.45,2.45,2674.41,262.32,Tear,88.11,6.27,74.07,90.59,Excellent,Moderate
TP102036,2026-07-29 00:00:00,Morning,Silk Fabric,Cotton,TM001,OP003,46220,43520,40593,2927,9.87,2.41,2233.95,233.59,Stain,94.16,6.73,75.58,89.91,Good,On Target
TP102037,2026-07-30 00:00:00,Morning,Cotton Fabric,Cotton,TM005,OP002,45934,37789,35469,2320,6.1,1.46,2080.71,272.19,Stain,82.27,6.14,76.07,90.79,Excellent,Moderate
TP102038,2026-07-31 00:00:00,Evening,Denim Fabric,Polyester,TM004,OP001,35429,34178,34002,176,11.76,0.9,1883.29,233.87,Tear,96.47,0.51,92.35,99.23,Excellent,On Target
TP102039,2026-08-01 00:00:00,Morning,Polyester Fabric,Cotton,TM003,OP006,39076,33795,32791,1004,6.27,1.91,1647.21,275.85,Stain,86.49,2.97,69.54,95.54,Excellent,Moderate
TP102040,2026-08-02 00:00:00,Morning,Cotton Fabric,Cotton,TM001,OP007,33564,29050,27359,1691,6.86,0.86,1397.78,63.64,Color Variation,86.55,5.82,87.46,91.27,Excellent,Moderate
TP102041,2026-08-03 00:00:00,Morning,Denim Fabric,Denim,TM006,OP002,31389,26413,25652,761,6.08,0.71,1460.16,164.02,Tear,84.15,2.88,88.32,95.68,Excellent,Moderate
TP102042,2026-08-04 00:00:00,Evening,Silk Fabric,Cotton,TM001,OP001,41593,31946,30537,1409,9.4,2.19,1590.23,236.72,Tear,76.81,4.41,76.7,93.38,Excellent,Moderate
TP102043,2026-08-05 00:00:00,Evening,Polyester Fabric,Cotton,TM003,OP003,37274,34145,32629,1516,11.59,0.12,1553.73,195.82,Color Variation,91.61,4.44,98.96,93.34,Excellent,On Target
TP102044,2026-08-06 00:00:00,Morning,Linen Fabric,Denim,TM001,OP006,58897,60000,58276,1724,10,0.28,3234.94,93.79,Uneven Weaving,100,2.87,97.2,95.69,Excellent,On Target
TP102045,2026-08-07 00:00:00,Evening,Silk Fabric,Polyester,TM003,OP002,47208,42280,39583,2697,10.94,0.02,2513.21,135.12,Uneven Weaving,89.56,6.38,99.82,90.43,Excellent,Moderate
TP102046,2026-08-08 00:00:00,Night,Linen Fabric,Cotton,TM002,OP005,48649,37482,36069,1413,6.08,0.46,1791.19,129.44,Uneven Weaving,77.05,3.77,92.43,94.35,Excellent,Moderate
TP102047,2026-08-09 00:00:00,Morning,Linen Fabric,Linen,TM003,OP007,47320,45173,43582,1591,9.25,0.21,2546.74,115.34,Stain,95.46,3.52,97.73,94.72,Excellent,On Target
TP102048,2026-08-10 00:00:00,Evening,Polyester Fabric,Polyester,TM002,OP004,57376,45113,41962,3151,8.76,2.99,2028.47,135.78,Color Variation,78.63,6.98,65.87,89.52,Good,Moderate
TP102049,2026-08-11 00:00:00,Morning,Polyester Fabric,Polyester,TM006,OP007,40745,33222,31990,1232,8.99,0.87,1695.67,178.71,Tear,81.54,3.71,90.32,94.44,Excellent,Moderate
TP102050,2026-08-12 00:00:00,Morning,Linen Fabric,Cotton,TM005,OP001,52786,46627,45853,774,6.43,0.45,2339.59,263.72,Tear,88.33,1.66,93,97.51,Excellent,Moderate
TP102051,2026-08-13 00:00:00,Evening,Cotton Fabric,Denim,TM005,OP001,44199,40159,38619,1540,10.11,0.72,2115.2,235.51,Tear,90.86,3.83,92.88,94.25,Excellent,On Target
TP102052,2026-08-14 00:00:00,Night,Linen Fabric,Polyester,TM001,OP005,50229,41660,39247,2413,9.02,2.81,2037.46,258.81,Stain,82.94,5.79,68.85,91.31,Excellent,Moderate
TP102053,2026-08-15 00:00:00,Morning,Linen Fabric,Denim,TM003,OP005,45876,40398,38156,2242,10.59,1.56,2254.14,270.9,Stain,88.06,5.55,85.27,91.68,Excellent,Moderate
TP102054,2026-08-16 00:00:00,Night,Polyester Fabric,Linen,TM001,OP004,48180,45774,43199,2575,8.91,1.09,2034.07,154.04,Thread Breakage,95.01,5.63,87.77,91.56,Excellent,On Target
TP102055,2026-08-17 00:00:00,Evening,Denim Fabric,Denim,TM003,OP003,38245,36702,34829,1873,6.9,2.62,1816.37,136.51,Uneven Weaving,95.97,5.1,62.03,92.35,Excellent,On Target
TP102056,2026-08-18 00:00:00,Morning,Silk Fabric,Silk,TM001,OP007,37214,36753,35962,791,9.89,1.18,2021.58,64.41,Thread Breakage,98.76,2.15,88.07,96.77,Excellent,On Target
TP102057,2026-08-19 00:00:00,Evening,Polyester Fabric,Denim,TM005,OP002,30726,31760,29822,1938,7.03,1.01,1623.29,282.62,Thread Breakage,100,6.1,85.63,90.85,Excellent,On Target
TP102058,2026-08-20 00:00:00,Evening,Cotton Fabric,Polyester,TM006,OP008,49120,46993,44029,2964,11.23,0.62,2580.49,66.46,Stain,95.67,6.31,94.48,90.54,Excellent,On Target
TP102059,2026-08-21 00:00:00,Evening,Silk Fabric,Denim,TM005,OP008,43832,38784,38101,683,9.68,1.13,2283.26,235.28,Uneven Weaving,88.48,1.76,88.33,97.36,Excellent,Moderate
TP102060,2026-08-22 00:00:00,Evening,Polyester Fabric,Denim,TM001,OP002,41362,39714,39179,535,6.94,0.95,1918.32,144.53,Uneven Weaving,96.02,1.35,86.31,97.98,Excellent,On Target
TP102061,2026-08-23 00:00:00,Morning,Polyester Fabric,Silk,TM003,OP002,59715,55694,51884,3810,11.77,2.03,2653.43,287.2,Tear,93.27,6.84,82.75,89.74,Good,On Target
TP102062,2026-08-24 00:00:00,Night,Denim Fabric,Silk,TM004,OP003,48297,45179,42403,2776,9.11,0.87,2223.64,154.9,Stain,93.54,6.14,90.45,90.78,Excellent,On Target
TP102063,2026-08-25 00:00:00,Night,Cotton Fabric,Cotton,TM006,OP007,56172,51252,48020,3232,6.44,1.73,2822.43,254.15,Uneven Weaving,91.24,6.31,73.14,90.54,Excellent,On Target
TP102064,2026-08-26 00:00:00,Morning,Cotton Fabric,Polyester,TM003,OP007,40106,33535,31435,2100,9.76,0.2,1632.1,120.66,Thread Breakage,83.62,6.26,97.95,90.61,Excellent,Moderate
TP102065,2026-08-27 00:00:00,Morning,Polyester Fabric,Cotton,TM001,OP008,37657,31181,29927,1254,7.52,0.57,1858.92,124.77,Color Variation,82.8,4.02,92.42,93.97,Excellent,Moderate
TP102066,2026-08-28 00:00:00,Night,Denim Fabric,Silk,TM003,OP004,48850,43633,41582,2051,10.82,1.22,2158.72,198.88,Color Variation,89.32,4.7,88.72,92.95,Excellent,Moderate
TP102067,2026-08-29 00:00:00,Night,Polyester Fabric,Denim,TM002,OP002,57313,52179,50068,2111,10.91,2.81,2527.38,299.5,Stain,91.04,4.05,74.24,93.93,Excellent,On Target
TP102068,2026-08-30 00:00:00,Morning,Linen Fabric,Silk,TM003,OP001,55425,47246,46853,393,11.87,1.13,2331,179.39,Tear,85.24,0.83,90.48,98.75,Excellent,Moderate
TP102069,2026-08-31 00:00:00,Evening,Linen Fabric,Linen,TM005,OP001,56685,52696,49879,2817,9.01,1.99,2391,284.08,Tear,92.96,5.35,77.91,91.98,Excellent,On Target
TP102070,2026-09-01 00:00:00,Morning,Denim Fabric,Denim,TM005,OP001,53696,56147,54022,2125,8.73,0.77,2539.2,246.56,Uneven Weaving,100,3.78,91.18,94.32,Excellent,On Target
TP102071,2026-09-02 00:00:00,Night,Polyester Fabric,Cotton,TM002,OP005,44551,34656,33024,1632,10.52,0.38,1521.5,248.97,Stain,77.79,4.71,96.39,92.94,Excellent,Moderate
TP102072,2026-09-03 00:00:00,Evening,Denim Fabric,Denim,TM006,OP005,54578,51345,49411,1934,6.79,0.18,2271.48,158.99,Color Variation,94.08,3.77,97.35,94.35,Excellent,On Target
TP102073,2026-09-04 00:00:00,Night,Polyester Fabric,Linen,TM003,OP003,58831,52676,50729,1947,9.28,0.92,2398.72,146.64,Thread Breakage,89.54,3.7,90.09,94.46,Excellent,Moderate
TP102074,2026-09-05 00:00:00,Evening,Polyester Fabric,Silk,TM006,OP002,37906,35311,34740,571,9.28,0.47,1593.33,97.98,Uneven Weaving,93.15,1.62,94.94,97.57,Excellent,On Target
TP102075,2026-09-06 00:00:00,Night,Linen Fabric,Polyester,TM004,OP005,58645,51012,49833,1179,6.54,0.52,2301.57,290.99,Thread Breakage,86.98,2.31,92.05,96.53,Excellent,Moderate
TP102076,2026-09-07 00:00:00,Evening,Silk Fabric,Polyester,TM003,OP001,51260,45610,44911,699,8.51,2.28,2182.89,289.85,Uneven Weaving,88.98,1.53,73.21,97.7,Excellent,Moderate
TP102077,2026-09-08 00:00:00,Morning,Cotton Fabric,Polyester,TM005,OP005,37287,33896,33295,601,11.12,0.05,1911.96,236.77,No Defect,90.91,1.77,99.55,97.34,Excellent,On Target
TP102078,2026-09-09 00:00:00,Morning,Cotton Fabric,Silk,TM005,OP007,30892,27151,25298,1853,11.14,1.67,1640.97,124.06,Thread Breakage,87.89,6.82,85.01,89.76,Good,Moderate
TP102079,2026-09-10 00:00:00,Evening,Denim Fabric,Polyester,TM006,OP001,40222,31919,31442,477,6.6,1.14,1478.64,111.29,Stain,79.36,1.49,82.73,97.76,Excellent,Moderate
TP102080,2026-09-11 00:00:00,Evening,Cotton Fabric,Linen,TM001,OP002,57736,51017,49869,1148,6.54,1.52,2544.3,297.15,Thread Breakage,88.36,2.25,76.76,96.62,Excellent,Moderate
TP102081,2026-09-12 00:00:00,Morning,Linen Fabric,Silk,TM005,OP007,56952,45610,43631,1979,7.58,1.69,2143.18,66.64,Thread Breakage,80.08,4.34,77.7,93.49,Excellent,Moderate
TP102082,2026-09-13 00:00:00,Morning,Silk Fabric,Polyester,TM001,OP003,34675,32793,31328,1465,11.25,0.94,1781.05,260.89,Uneven Weaving,94.57,4.47,91.64,93.3,Excellent,On Target
TP102083,2026-09-14 00:00:00,Evening,Polyester Fabric,Cotton,TM005,OP004,31933,25000,24625,375,6.77,0.89,1316.38,138.86,Color Variation,78.29,1.5,86.85,97.75,Excellent,Moderate
TP102084,2026-09-15 00:00:00,Evening,Polyester Fabric,Silk,TM005,OP004,47764,46427,43800,2627,10.32,2.2,2191.41,154.72,No Defect,97.2,5.66,78.68,91.51,Excellent,On Target
TP102085,2026-09-16 00:00:00,Morning,Linen Fabric,Silk,TM004,OP007,41873,38945,36763,2182,6.61,2.61,1747.55,257.99,Thread Breakage,93.01,5.6,60.51,91.6,Excellent,On Target
TP102086,2026-09-17 00:00:00,Night,Cotton Fabric,Denim,TM001,OP001,47674,44353,43447,906,9.74,0.58,2521.34,72.65,Color Variation,93.03,2.04,94.05,96.94,Excellent,On Target
TP102087,2026-09-18 00:00:00,Morning,Polyester Fabric,Polyester,TM001,OP005,48024,35946,35092,854,8.14,0.29,1644.72,138.54,Tear,74.85,2.38,96.44,96.44,Excellent,Below Target
TP102088,2026-09-19 00:00:00,Evening,Cotton Fabric,Cotton,TM005,OP005,43239,37921,35419,2502,10.73,2.69,1810.61,288.01,No Defect,87.7,6.6,74.93,90.1,Excellent,Moderate
TP102089,2026-09-20 00:00:00,Evening,Linen Fabric,Linen,TM001,OP001,53874,52837,49737,3100,7.4,1.05,2781.4,224.77,No Defect,98.08,5.87,85.81,91.2,Excellent,On Target
TP102090,2026-09-21 00:00:00,Night,Polyester Fabric,Silk,TM005,OP008,40874,35303,33525,1778,9.84,1.65,1822.58,238.73,Uneven Weaving,86.37,5.04,83.23,92.45,Excellent,Moderate
TP102091,2026-09-22 00:00:00,Morning,Denim Fabric,Linen,TM005,OP002,55563,45814,45340,474,7.41,1.08,2596.74,239.38,Thread Breakage,82.45,1.03,85.43,98.45,Excellent,Moderate
TP102092,2026-09-23 00:00:00,Evening,Silk Fabric,Linen,TM006,OP007,47602,40720,39409,1311,10.28,0.38,2329.2,65.14,Tear,85.54,3.22,96.3,95.17,Excellent,Moderate
TP102093,2026-09-24 00:00:00,Morning,Cotton Fabric,Linen,TM003,OP001,35016,31347,30051,1296,11.24,1.77,1603.33,100.8,Uneven Weaving,89.52,4.13,84.25,93.8,Excellent,Moderate
TP102094,2026-09-25 00:00:00,Evening,Cotton Fabric,Denim,TM001,OP008,53265,44764,43995,769,6.76,1.58,2527.21,172.82,Stain,84.04,1.72,76.63,97.42,Excellent,Moderate
TP102095,2026-09-26 00:00:00,Night,Cotton Fabric,Linen,TM002,OP002,55931,55169,53286,1883,11.2,0.61,2994.66,142.04,Color Variation,98.64,3.41,94.55,94.88,Excellent,On Target
TP102096,2026-09-27 00:00:00,Morning,Cotton Fabric,Polyester,TM006,OP003,58841,52691,50369,2322,9.56,1.36,2431,152.73,Color Variation,89.55,4.41,85.77,93.39,Excellent,Moderate
TP102097,2026-09-28 00:00:00,Morning,Linen Fabric,Polyester,TM001,OP003,59192,50971,49632,1339,6.76,2.39,2453.51,245.36,Uneven Weaving,86.11,2.63,64.64,96.06,Excellent,Moderate
TP102098,2026-09-29 00:00:00,Night,Linen Fabric,Cotton,TM001,OP007,43774,35409,33435,1974,8.57,1.77,1797.17,53.67,Color Variation,80.89,5.57,79.35,91.64,Excellent,Moderate
TP102099,2026-09-30 00:00:00,Evening,Linen Fabric,Cotton,TM004,OP001,58711,54831,51561,3270,6.97,0.29,2961.57,215.12,Thread Breakage,93.39,5.96,95.84,91.05,Excellent,On Target
TP102100,2026-10-01 00:00:00,Evening,Linen Fabric,Linen,TM002,OP003,39752,37061,36096,965,10.2,1.64,1702.35,50.03,Color Variation,93.23,2.6,83.92,96.09,Excellent,On Target
TP102101,2026-10-02 00:00:00,Morning,Polyester Fabric,Linen,TM002,OP005,55994,47289,44475,2814,10.55,2.11,2176.7,65.76,Thread Breakage,84.45,5.95,80,91.07,Excellent,Moderate
TP102102,2026-10-03 00:00:00,Night,Linen Fabric,Denim,TM004,OP002,47338,35194,34781,413,6.63,2.38,1819.53,152.07,Stain,74.35,1.17,64.1,98.24,Excellent,Below Target
TP102103,2026-10-04 00:00:00,Morning,Polyester Fabric,Linen,TM004,OP004,45585,42337,39820,2517,9.04,1.89,1902.67,260.24,Tear,92.87,5.95,79.09,91.08,Excellent,On Target
TP102104,2026-10-05 00:00:00,Morning,Denim Fabric,Linen,TM001,OP008,55559,49277,48541,736,10.89,0.46,2283.16,86.25,No Defect,88.69,1.49,95.78,97.76,Excellent,Moderate
TP102105,2026-10-06 00:00:00,Evening,Linen Fabric,Linen,TM003,OP004,37291,34439,34081,358,11.62,2.13,1703.17,188.66,Uneven Weaving,92.35,1.04,81.67,98.44,Excellent,On Target
TP102106,2026-10-07 00:00:00,Evening,Denim Fabric,Silk,TM004,OP003,30974,32120,30620,1500,9.08,2.03,1583.33,219.63,Uneven Weaving,100,4.67,77.64,93,Excellent,On Target
TP102107,2026-10-08 00:00:00,Evening,Linen Fabric,Silk,TM002,OP008,34133,30656,29562,1094,11.7,0.07,1699.76,107.38,Thread Breakage,89.81,3.57,99.4,94.65,Excellent,Moderate
TP102108,2026-10-09 00:00:00,Evening,Denim Fabric,Denim,TM002,OP002,44663,38590,36120,2470,9.21,1.24,2123.93,178.08,Stain,86.4,6.4,86.54,90.4,Excellent,Moderate
TP102109,2026-10-10 00:00:00,Evening,Silk Fabric,Denim,TM001,OP005,51754,42422,41208,1214,8.37,1,2456.09,277.85,Stain,81.97,2.86,88.05,95.71,Excellent,Moderate
TP102110,2026-10-11 00:00:00,Night,Denim Fabric,Polyester,TM003,OP004,33972,29832,29126,706,11.09,2.01,1789.56,178.06,No Defect,87.81,2.37,81.88,96.45,Excellent,Moderate
TP102111,2026-10-12 00:00:00,Morning,Polyester Fabric,Denim,TM005,OP005,35295,32162,30954,1208,8.96,0.65,1846.02,89.33,Tear,91.12,3.76,92.75,94.37,Excellent,On Target
TP102112,2026-10-13 00:00:00,Night,Cotton Fabric,Polyester,TM004,OP005,43913,39686,38311,1375,8.83,1.77,1881.84,206.95,Uneven Weaving,90.37,3.46,79.95,94.8,Excellent,On Target
TP102113,2026-10-14 00:00:00,Morning,Denim Fabric,Linen,TM004,OP004,39105,39912,38819,1093,8.94,2.74,2159.21,198.05,Thread Breakage,100,2.74,69.35,95.89,Excellent,On Target
TP102114,2026-10-15 00:00:00,Evening,Cotton Fabric,Denim,TM001,OP004,59125,55278,52509,2769,11.08,2.39,2379.3,56.74,Stain,93.49,5.01,78.43,92.49,Excellent,On Target
TP102115,2026-10-16 00:00:00,Night,Silk Fabric,Denim,TM006,OP008,38228,34044,32193,1851,10.99,2.76,1687.21,72.65,Uneven Weaving,89.06,5.44,74.89,91.84,Excellent,Moderate
TP102116,2026-10-17 00:00:00,Morning,Silk Fabric,Denim,TM006,OP003,57963,49300,46320,2980,8.42,2.94,2594.19,89.2,Thread Breakage,85.05,6.04,65.08,90.93,Excellent,Moderate
TP102117,2026-10-18 00:00:00,Evening,Polyester Fabric,Polyester,TM003,OP008,39903,36658,34157,2501,8,0.03,1835.3,84.07,Color Variation,91.87,6.82,99.62,89.77,Good,On Target
TP102118,2026-10-19 00:00:00,Evening,Polyester Fabric,Polyester,TM002,OP007,33020,27622,27005,617,8.95,1.87,1556.41,114.87,Uneven Weaving,83.65,2.23,79.11,96.65,Excellent,Moderate
TP102119,2026-10-20 00:00:00,Night,Denim Fabric,Cotton,TM002,OP002,38987,35579,33745,1834,9.44,1.24,1578.67,163.53,Tear,91.26,5.15,86.86,92.27,Excellent,On Target
TP102120,2026-10-21 00:00:00,Night,Linen Fabric,Polyester,TM005,OP001,50420,47098,45656,1442,7.43,2.58,2179.43,142.93,Thread Breakage,93.41,3.06,65.28,95.41,Excellent,On Target
TP102121,2026-10-22 00:00:00,Night,Silk Fabric,Polyester,TM002,OP002,51452,45527,43296,2231,10.76,0.76,2664.21,272.66,Tear,88.48,4.9,92.94,92.65,Excellent,Moderate
TP102122,2026-10-23 00:00:00,Evening,Cotton Fabric,Silk,TM006,OP008,42880,36700,35381,1319,8.92,2.94,1654.05,203.03,Uneven Weaving,85.59,3.59,67.04,94.61,Excellent,Moderate
TP102123,2026-10-24 00:00:00,Morning,Linen Fabric,Denim,TM006,OP001,35233,26320,24488,1832,8,1.84,1345.89,269.04,Color Variation,74.7,6.96,77,89.56,Good,Below Target
TP102124,2026-10-25 00:00:00,Morning,Silk Fabric,Polyester,TM004,OP008,57687,56537,53576,2961,6.64,2.38,3117.38,181.76,Tear,98.01,5.24,64.16,92.14,Excellent,On Target
TP102125,2026-10-26 00:00:00,Night,Denim Fabric,Denim,TM005,OP004,39516,36680,34226,2454,7.43,0.26,1824.68,72.47,Stain,92.82,6.69,96.5,89.96,Good,On Target
TP102126,2026-10-27 00:00:00,Morning,Silk Fabric,Denim,TM003,OP005,44559,41437,38981,2456,11.7,0.55,2051.41,165.82,Thread Breakage,92.99,5.93,95.3,91.11,Excellent,On Target
TP102127,2026-10-28 00:00:00,Evening,Polyester Fabric,Silk,TM005,OP002,46701,36927,34575,2352,7.83,2.28,2003.91,255.51,Uneven Weaving,79.07,6.37,70.88,90.45,Excellent,Moderate
TP102128,2026-10-29 00:00:00,Morning,Cotton Fabric,Denim,TM003,OP008,32396,32285,30414,1871,7.01,0.07,1520.5,98.53,Color Variation,99.66,5.8,99,91.31,Excellent,On Target
TP102129,2026-10-30 00:00:00,Evening,Cotton Fabric,Polyester,TM006,OP005,48546,42110,40643,1467,8.76,2.45,2363.13,72.8,Stain,86.74,3.48,72.03,94.77,Excellent,Moderate
TP102130,2026-10-31 00:00:00,Night,Polyester Fabric,Denim,TM002,OP002,49129,43223,42299,924,7.84,0.04,2219.95,132.36,Uneven Weaving,87.98,2.14,99.49,96.79,Excellent,Moderate
TP102131,2026-11-01 00:00:00,Morning,Linen Fabric,Cotton,TM001,OP007,31591,26067,25309,758,6.21,1.97,1601.51,147.22,Color Variation,82.51,2.91,68.28,95.64,Excellent,Moderate
TP102132,2026-11-02 00:00:00,Evening,Polyester Fabric,Cotton,TM005,OP006,41303,32006,31804,202,7.94,1.1,1436.95,126.56,Stain,77.49,0.63,86.15,99.05,Excellent,Moderate
TP102133,2026-11-03 00:00:00,Night,Cotton Fabric,Silk,TM005,OP002,36183,35496,34110,1386,9.26,1.83,1703.98,83.81,Tear,98.1,3.9,80.24,94.14,Excellent,On Target
TP102134,2026-11-04 00:00:00,Night,Denim Fabric,Polyester,TM004,OP005,50314,49814,47930,1884,9.31,2.09,2696.34,112.71,Uneven Weaving,99.01,3.78,77.55,94.33,Excellent,On Target
TP102135,2026-11-05 00:00:00,Night,Linen Fabric,Silk,TM004,OP006,56572,50259,48292,1967,8.14,1.03,2617.62,220.57,Uneven Weaving,88.84,3.91,87.35,94.13,Excellent,Moderate
TP102136,2026-11-06 00:00:00,Night,Silk Fabric,Cotton,TM006,OP003,31312,26692,24869,1823,8.68,0.32,1587.4,146.48,Tear,85.25,6.83,96.31,89.76,Good,Moderate
TP102137,2026-11-07 00:00:00,Morning,Denim Fabric,Polyester,TM003,OP007,55861,48801,45666,3135,11.79,0.21,2230.01,208.14,No Defect,87.36,6.42,98.22,90.36,Excellent,Moderate
TP102138,2026-11-08 00:00:00,Evening,Linen Fabric,Denim,TM001,OP004,50695,44385,43697,688,8.26,1.77,2591.54,184.08,Stain,87.55,1.55,78.57,97.67,Excellent,Moderate
TP102139,2026-11-09 00:00:00,Morning,Cotton Fabric,Polyester,TM004,OP003,37314,30449,29567,882,7.55,1.56,1478.58,187.26,Tear,81.6,2.9,79.34,95.66,Excellent,Moderate
TP102140,2026-11-10 00:00:00,Evening,Cotton Fabric,Linen,TM004,OP008,48767,42893,41497,1396,7.46,2.23,1989.8,112.14,Uneven Weaving,87.95,3.25,70.11,95.12,Excellent,Moderate
TP102141,2026-11-11 00:00:00,Night,Denim Fabric,Polyester,TM002,OP003,49623,45193,43908,1285,8.75,1.53,2122.01,180.39,Stain,91.07,2.84,82.51,95.73,Excellent,On Target
TP102142,2026-11-12 00:00:00,Morning,Linen Fabric,Denim,TM002,OP002,32139,31216,29440,1776,10.56,1.27,1697.03,55.9,Stain,97.13,5.69,87.97,91.47,Excellent,On Target
TP102143,2026-11-13 00:00:00,Night,Silk Fabric,Linen,TM006,OP004,44688,40264,38691,1573,7.24,1.19,2049.36,157.94,No Defect,90.1,3.91,83.56,94.14,Excellent,On Target
TP102144,2026-11-14 00:00:00,Evening,Silk Fabric,Silk,TM006,OP007,48088,37973,36371,1602,10.26,0.08,1964.29,193.16,Uneven Weaving,78.97,4.22,99.22,93.67,Excellent,Moderate
TP102145,2026-11-15 00:00:00,Night,Polyester Fabric,Polyester,TM004,OP006,36924,34145,32081,2064,6.13,1.01,1712.49,95.5,Color Variation,92.47,6.04,83.52,90.93,Excellent,On Target
TP102146,2026-11-16 00:00:00,Morning,Denim Fabric,Silk,TM003,OP002,30362,26782,25245,1537,8.51,2.93,1289.85,114.14,No Defect,88.21,5.74,65.57,91.39,Excellent,Moderate
TP102147,2026-11-17 00:00:00,Morning,Linen Fabric,Polyester,TM001,OP008,48988,48789,48126,663,10.66,2.62,2440.7,104.88,No Defect,99.59,1.36,75.42,97.96,Excellent,On Target
TP102148,2026-11-18 00:00:00,Evening,Denim Fabric,Cotton,TM004,OP001,56292,56295,53401,2894,8.03,0.99,2888.54,67.64,Color Variation,100,5.14,87.67,92.29,Excellent,On Target
TP102149,2026-11-19 00:00:00,Evening,Silk Fabric,Cotton,TM003,OP002,43481,43590,42138,1452,9.38,1.76,1934.72,136.96,Color Variation,100,3.33,81.24,95,Excellent,On Target
TP102150,2026-11-20 00:00:00,Morning,Linen Fabric,Denim,TM003,OP006,59027,50804,49577,1227,7.23,2.54,2852.83,294.74,No Defect,86.07,2.42,64.87,96.38,Excellent,Moderate
TP102151,2026-11-21 00:00:00,Morning,Cotton Fabric,Cotton,TM004,OP005,50670,52661,52226,435,10.45,1.32,2593.9,138.47,Stain,100,0.83,87.37,98.76,Excellent,On Target
TP102152,2026-11-22 00:00:00,Morning,Cotton Fabric,Linen,TM003,OP008,33738,31193,30049,1144,6.31,0.05,1461.19,165.13,Tear,92.46,3.67,99.21,94.5,Excellent,On Target
TP102153,2026-11-23 00:00:00,Morning,Linen Fabric,Linen,TM005,OP007,32469,32919,31994,925,11.12,0.22,1890.74,213.27,Tear,100,2.81,98.02,95.79,Excellent,On Target
TP102154,2026-11-24 00:00:00,Evening,Denim Fabric,Polyester,TM003,OP007,51179,44260,43315,945,7.19,1.53,2151.57,212.12,No Defect,86.48,2.14,78.72,96.8,Excellent,Moderate
TP102155,2026-11-25 00:00:00,Morning,Denim Fabric,Silk,TM004,OP002,52534,46183,43867,2316,11.25,2.91,2168.15,287.47,Stain,87.91,5.01,74.13,92.48,Excellent,Moderate
TP102156,2026-11-26 00:00:00,Evening,Cotton Fabric,Linen,TM003,OP001,46106,42380,40048,2332,8.12,2.08,2036.99,264.39,Color Variation,91.92,5.5,74.38,91.75,Excellent,On Target
TP102157,2026-11-27 00:00:00,Morning,Cotton Fabric,Polyester,TM004,OP002,46940,42745,41851,894,10.34,0.21,2508.72,248.49,Thread Breakage,91.06,2.09,97.97,96.86,Excellent,On Target
TP102158,2026-11-28 00:00:00,Morning,Silk Fabric,Silk,TM002,OP008,39017,38542,38225,317,7.92,0.57,2143.86,287.91,No Defect,98.78,0.82,92.8,98.77,Excellent,On Target
TP102159,2026-11-29 00:00:00,Night,Linen Fabric,Cotton,TM004,OP006,32808,28994,27249,1745,11.44,2.31,1540.2,107.69,Uneven Weaving,88.37,6.02,79.81,90.97,Excellent,Moderate
TP102160,2026-11-30 00:00:00,Night,Denim Fabric,Polyester,TM003,OP007,46370,45513,45256,257,6.76,2.52,2490.14,204.26,Stain,98.15,0.56,62.72,99.15,Excellent,On Target
TP102161,2026-12-01 00:00:00,Morning,Silk Fabric,Silk,TM004,OP001,51534,49022,45791,3231,7.07,1.85,2200.69,271.8,Uneven Weaving,95.13,6.59,73.83,90.11,Excellent,On Target
TP102162,2026-12-02 00:00:00,Evening,Denim Fabric,Denim,TM001,OP004,44870,39713,37894,1819,8.96,1.93,1943.07,206.03,Uneven Weaving,88.51,4.58,78.46,93.13,Excellent,Moderate
TP102163,2026-12-03 00:00:00,Morning,Cotton Fabric,Denim,TM004,OP006,42713,40399,39352,1047,6.49,0.09,2172.56,294.36,No Defect,94.58,2.59,98.61,96.11,Excellent,On Target
TP102164,2026-12-04 00:00:00,Night,Linen Fabric,Linen,TM004,OP007,37561,32561,31877,684,7.18,2.49,1519.77,75.09,Stain,86.69,2.1,65.32,96.85,Excellent,Moderate
TP102165,2026-12-05 00:00:00,Morning,Polyester Fabric,Silk,TM001,OP002,32719,34830,34635,195,11.66,2.36,1651.88,159.83,Uneven Weaving,100,0.56,79.76,99.16,Excellent,On Target
TP102166,2026-12-06 00:00:00,Night,Linen Fabric,Denim,TM001,OP007,52890,37737,36971,766,11.86,0.78,2077.82,294.34,Stain,71.35,2.03,93.42,96.96,Excellent,Below Target
TP102167,2026-12-07 00:00:00,Morning,Polyester Fabric,Linen,TM001,OP001,41700,39494,38943,551,8.26,2.13,2019.18,144.89,Tear,94.71,1.4,74.21,97.91,Excellent,On Target
TP102168,2026-12-08 00:00:00,Morning,Silk Fabric,Polyester,TM006,OP008,33741,26199,25026,1173,11.54,0.64,1529.68,234.89,Thread Breakage,77.65,4.48,94.45,93.28,Excellent,Moderate
TP102169,2026-12-09 00:00:00,Evening,Polyester Fabric,Polyester,TM005,OP006,39766,35161,34605,556,9.27,0.12,1570.21,57.6,Uneven Weaving,88.42,1.58,98.71,97.63,Excellent,Moderate
TP102170,2026-12-10 00:00:00,Night,Polyester Fabric,Silk,TM006,OP004,33998,30394,29198,1196,7.62,0.6,1506.47,223.71,Uneven Weaving,89.4,3.93,92.13,94.1,Excellent,Moderate
TP102171,2026-12-11 00:00:00,Night,Silk Fabric,Silk,TM004,OP005,56705,57019,54547,2472,10.21,0.54,2567.18,283.66,Stain,100,4.34,94.71,93.5,Excellent,On Target
TP102172,2026-12-12 00:00:00,Night,Linen Fabric,Silk,TM006,OP003,48787,41545,40532,1013,9.95,1.01,2167.96,145.68,Thread Breakage,85.16,2.44,89.85,96.34,Excellent,Moderate
TP102173,2026-12-13 00:00:00,Evening,Silk Fabric,Silk,TM006,OP001,57905,57416,56998,418,11.93,1.26,2634.58,55.32,Tear,99.16,0.73,89.44,98.91,Excellent,On Target
TP102174,2026-12-14 00:00:00,Morning,Cotton Fabric,Denim,TM001,OP005,46077,37667,37387,280,7.59,1.53,2161.69,56.98,Uneven Weaving,81.75,0.74,79.84,98.88,Excellent,Moderate
TP102175,2026-12-15 00:00:00,Evening,Cotton Fabric,Denim,TM001,OP004,55164,54848,54480,368,10.03,1.43,2432.52,273.01,No Defect,99.43,0.67,85.74,98.99,Excellent,On Target
TP102176,2026-12-16 00:00:00,Morning,Polyester Fabric,Linen,TM002,OP005,56588,49050,46448,2602,6.31,0.81,2179.78,230.63,Stain,86.68,5.3,87.16,92.04,Excellent,Moderate
TP102177,2026-12-17 00:00:00,Evening,Silk Fabric,Denim,TM006,OP002,56123,50799,49495,1304,6.68,0.09,2594.62,76.67,Stain,90.51,2.57,98.65,96.15,Excellent,On Target
TP102178,2026-12-18 00:00:00,Evening,Silk Fabric,Polyester,TM005,OP003,30294,26551,25044,1507,6.02,1.82,1272.76,63.65,Uneven Weaving,87.64,5.68,69.77,91.49,Excellent,Moderate
TP102179,2026-12-19 00:00:00,Night,Silk Fabric,Linen,TM004,OP001,40177,39766,38451,1315,12,1.19,1895.2,251.21,Tear,98.98,3.31,90.08,95.04,Excellent,On Target
TP102180,2026-12-20 00:00:00,Evening,Linen Fabric,Denim,TM003,OP006,51727,50493,48754,1739,10.81,0.9,2292.53,252.47,Uneven Weaving,97.61,3.44,91.67,94.83,Excellent,On Target
TP102181,2026-12-21 00:00:00,Morning,Denim Fabric,Silk,TM005,OP007,57693,53715,51656,2059,10.72,2.6,2832.09,80.13,Color Variation,93.1,3.83,75.75,94.25,Excellent,On Target
TP102182,2026-12-22 00:00:00,Evening,Denim Fabric,Denim,TM005,OP004,39882,32678,31000,1678,9.06,2.24,1750.02,125.38,Uneven Weaving,81.94,5.13,75.28,92.3,Excellent,Moderate
TP102183,2026-12-23 00:00:00,Evening,Denim Fabric,Cotton,TM002,OP003,31136,26464,25861,603,7.8,2.57,1281.02,245.01,Thread Breakage,84.99,2.28,67.05,96.58,Excellent,Moderate
TP102184,2026-12-24 00:00:00,Morning,Linen Fabric,Linen,TM004,OP004,59928,49620,48980,640,6.91,1.48,2359.75,181.35,Thread Breakage,82.8,1.29,78.58,98.07,Excellent,Moderate
TP102185,2026-12-25 00:00:00,Night,Silk Fabric,Denim,TM004,OP007,32064,25000,23971,1029,7.71,0.39,1293.18,289.15,Color Variation,77.97,4.12,94.94,93.83,Excellent,Moderate
TP102186,2026-12-26 00:00:00,Morning,Denim Fabric,Denim,TM001,OP005,59031,58340,56808,1532,8.26,2.09,2586.33,170.27,Thread Breakage,98.83,2.63,74.7,96.06,Excellent,On Target
TP102187,2026-12-27 00:00:00,Morning,Silk Fabric,Polyester,TM001,OP004,37009,32459,31363,1096,10.54,0.62,1865.92,219.24,Thread Breakage,87.71,3.38,94.12,94.94,Excellent,Moderate
TP102188,2026-12-28 00:00:00,Morning,Polyester Fabric,Silk,TM005,OP008,42987,37670,35898,1772,9.24,1.32,1727.79,177.45,No Defect,87.63,4.7,85.71,92.94,Excellent,Moderate
TP102189,2026-12-29 00:00:00,Evening,Denim Fabric,Silk,TM002,OP004,34543,34706,33418,1288,6.46,0.2,1922.15,285.74,Stain,100,3.71,96.9,94.43,Excellent,On Target
TP102190,2026-12-30 00:00:00,Evening,Polyester Fabric,Polyester,TM004,OP005,59346,51434,49103,2331,6.11,2.48,2726.12,149.66,Thread Breakage,86.67,4.53,59.41,93.2,Excellent,Moderate
TP102191,2026-12-31 00:00:00,Morning,Linen Fabric,Polyester,TM002,OP005,31007,26082,25029,1053,6.61,0.38,1369.17,107.45,Stain,84.12,4.04,94.25,93.94,Excellent,Moderate
